2026-03-20 06:37:33.495 [AUDIT] actor= resource= action= result= corr= tenant= - Creating database connection pool {:adapter nil, :pool-size 5, :pool-name default-Pool}
2026-03-20 06:37:33.776 [AUDIT] actor= resource= action= result= corr= tenant= - SQLite PRAGMA initialization completed {:successful-pragmas 7, :failed-pragmas 0, :total-pragmas 7}
2026-03-20 06:37:33.777 [AUDIT] actor= resource= action= result= corr= tenant= - Database connection pool created successfully {:adapter nil, :pool-name default-Pool}
2026-03-20 06:37:33.777 [AUDIT] actor= resource= action= result= corr= tenant= - Created database context {:adapter nil}
2026-03-20 06:37:33.779 [AUDIT] actor= resource= action= result= corr= tenant= - Initializing audit repository
2026-03-20 06:37:33.779 [AUDIT] actor= resource= action= result= corr= tenant= - Audit repository initialized
2026-03-20 06:37:33.779 [AUDIT] actor= resource= action= result= corr= tenant= - Initializing user repository
2026-03-20 06:37:33.783 [AUDIT] actor= resource= action= result= corr= tenant= - User repository initialized
2026-03-20 06:37:33.783 [AUDIT] actor= resource= action= result= corr= tenant= - Initializing MFA service
2026-03-20 06:37:33.783 [AUDIT] actor= resource= action= result= corr= tenant= - MFA service initialized
2026-03-20 06:37:33.784 [AUDIT] actor= resource= action= result= corr= tenant= - Initializing session repository
2026-03-20 06:37:33.784 [AUDIT] actor= resource= action= result= corr= tenant= - Session repository initialized
2026-03-20 06:37:33.784 [AUDIT] actor= resource= action= result= corr= tenant= - Initializing authentication service
2026-03-20 06:37:33.784 [AUDIT] actor= resource= action= result= corr= tenant= - Authentication service initialized
2026-03-20 06:37:33.785 [AUDIT] actor= resource= action= result= corr= tenant= - Initializing user service {:cache-enabled? false}
2026-03-20 06:37:33.785 [AUDIT] actor= resource= action= result= corr= tenant= - User service initialized
2026-03-20 06:37:33.787 [AUDIT] actor= resource= action= result= corr= tenant= - Initializing user module database schema
2026-03-20 06:37:33.787 [AUDIT] actor= resource= action= result= corr= tenant= - Initializing user schema from Malli definitions (split-table architecture)
2026-03-20 06:37:33.788 [AUDIT] actor= resource= action= result= corr= tenant= - Initializing database schema from Malli definitions {:dialect nil, :tables (auth_users users user_sessions user_audit_log)}
2026-03-20 06:37:33.789 [AUDIT] actor= resource= action= result= corr= tenant= - DDL statement executed successfully {:adapter nil, :statement-preview CREATE TABLE IF NOT EXISTS auth_users (
  id UUID NOT NULL PRIMARY KEY,
  email VARCHAR(255) NOT NULL,
  password_hash VARCHAR(255) NOT NULL,
  active BOOLEAN NOT NULL DEFAULT true,
  mfa_enabled BOOLEAN,
  mfa_secret VARCHAR(255),
  mfa_backup_codes VARCHAR(255),
  mfa_backup_codes_used VARCHAR(255),
  mfa_enabled_at VARCHAR(255),
  failed_login_count INTEGER,
  lockout_until VARCHAR(255),
  created_at VARCHAR(255) NOT NULL,
  updated_at VARCHAR(255),
  deleted_at VARCHAR(255),
  CONSTRAINT uk_auth_users_email UNIQUE(email)
);}
2026-03-20 06:37:33.790 [AUDIT] actor= resource= action= result= corr= tenant= - DDL statement executed successfully {:adapter nil, :statement-preview CREATE TABLE IF NOT EXISTS users (
  id UUID NOT NULL PRIMARY KEY,
  tenant_id UUID,
  name VARCHAR(255) NOT NULL,
  role VARCHAR(50) NOT NULL CHECK(role IN ('admin', 'user', 'viewer')),
  avatar_url VARCHAR(255),
  login_count INTEGER,
  last_login VARCHAR(255),
  notifications_email BOOLEAN,
  notifications_push BOOLEAN,
  notifications_sms BOOLEAN,
  theme VARCHAR(50) CHECK(theme IN ('light', 'dark', 'auto')),
  language VARCHAR(255),
  timezone VARCHAR(255),
  date_format VARCHAR(50) CHECK(date_format IN ('iso', 'us', 'eu')),
  time_format VARCHAR(50) CHECK(time_format IN ('12h', '24h')),
  created_at VARCHAR(255) NOT NULL,
  updated_at VARCHAR(255),
  deleted_at VARCHAR(255)
);}
2026-03-20 06:37:33.790 [AUDIT] actor= resource= action= result= corr= tenant= - DDL statement executed successfully {:adapter nil, :statement-preview CREATE TABLE IF NOT EXISTS user_sessions (
  id UUID NOT NULL PRIMARY KEY,
  user_id UUID NOT NULL,
  session_token VARCHAR(255) NOT NULL,
  expires_at VARCHAR(255) NOT NULL,
  created_at VARCHAR(255) NOT NULL,
  last_accessed_at VARCHAR(255),
  revoked_at VARCHAR(255),
  user_agent VARCHAR(255),
  ip_address VARCHAR(255),
  CONSTRAINT uk_user_sessions_token UNIQUE(session_token)
);}
2026-03-20 06:37:33.790 [AUDIT] actor= resource= action= result= corr= tenant= - DDL statement executed successfully {:adapter nil, :statement-preview CREATE TABLE IF NOT EXISTS user_audit_log (
  id UUID NOT NULL PRIMARY KEY,
  action VARCHAR(50) NOT NULL CHECK(action IN ('create', 'update', 'delete', 'activate', 'deactivate', 'role-change', 'bulk-action', 'login', 'logout')),
  actor_id UUID,
  actor_email VARCHAR(255),
  target_user_id UUID NOT NULL,
  target_user_email VARCHAR(255) NOT NULL,
  changes JSONB,
  metadata JSONB,
  ip_address VARCHAR(255),
  user_agent VARCHAR(255),
  result VARCHAR(50) NOT NULL CHECK(result IN ('success', 'failure')),
  error_message VARCHAR(255),
  created_at VARCHAR(255) NOT NULL
);}
2026-03-20 06:37:33.791 [AUDIT] actor= resource= action= result= corr= tenant= - DDL statement executed successfully {:adapter nil, :statement-preview CREATE INDEX IF NOT EXISTS idx_auth_users_mfa_enabled_at ON auth_users (mfa_enabled_at)}
2026-03-20 06:37:33.791 [AUDIT] actor= resource= action= result= corr= tenant= - DDL statement executed successfully {:adapter nil, :statement-preview CREATE INDEX IF NOT EXISTS idx_auth_users_created_at ON auth_users (created_at)}
2026-03-20 06:37:33.791 [AUDIT] actor= resource= action= result= corr= tenant= - DDL statement executed successfully {:adapter nil, :statement-preview CREATE INDEX IF NOT EXISTS idx_auth_users_updated_at ON auth_users (updated_at)}
2026-03-20 06:37:33.791 [AUDIT] actor= resource= action= result= corr= tenant= - DDL statement executed successfully {:adapter nil, :statement-preview CREATE INDEX IF NOT EXISTS idx_auth_users_deleted_at ON auth_users (deleted_at)}
2026-03-20 06:37:33.791 [AUDIT] actor= resource= action= result= corr= tenant= - DDL statement executed successfully {:adapter nil, :statement-preview CREATE INDEX IF NOT EXISTS idx_auth_users_email ON auth_users (email)}
2026-03-20 06:37:33.791 [AUDIT] actor= resource= action= result= corr= tenant= - DDL statement executed successfully {:adapter nil, :statement-preview CREATE INDEX IF NOT EXISTS idx_auth_users_active ON auth_users (active)}
2026-03-20 06:37:33.791 [AUDIT] actor= resource= action= result= corr= tenant= - DDL statement executed successfully {:adapter nil, :statement-preview CREATE INDEX IF NOT EXISTS idx_users_tenant_id ON users (tenant_id)}
2026-03-20 06:37:33.792 [AUDIT] actor= resource= action= result= corr= tenant= - DDL statement executed successfully {:adapter nil, :statement-preview CREATE INDEX IF NOT EXISTS idx_users_role ON users (role)}
2026-03-20 06:37:33.792 [AUDIT] actor= resource= action= result= corr= tenant= - DDL statement executed successfully {:adapter nil, :statement-preview CREATE INDEX IF NOT EXISTS idx_users_theme ON users (theme)}
2026-03-20 06:37:33.792 [AUDIT] actor= resource= action= result= corr= tenant= - DDL statement executed successfully {:adapter nil, :statement-preview CREATE INDEX IF NOT EXISTS idx_users_date_format ON users (date_format)}
2026-03-20 06:37:33.792 [AUDIT] actor= resource= action= result= corr= tenant= - DDL statement executed successfully {:adapter nil, :statement-preview CREATE INDEX IF NOT EXISTS idx_users_time_format ON users (time_format)}
2026-03-20 06:37:33.792 [AUDIT] actor= resource= action= result= corr= tenant= - DDL statement executed successfully {:adapter nil, :statement-preview CREATE INDEX IF NOT EXISTS idx_users_created_at ON users (created_at)}
2026-03-20 06:37:33.792 [AUDIT] actor= resource= action= result= corr= tenant= - DDL statement executed successfully {:adapter nil, :statement-preview CREATE INDEX IF NOT EXISTS idx_users_updated_at ON users (updated_at)}
2026-03-20 06:37:33.792 [AUDIT] actor= resource= action= result= corr= tenant= - DDL statement executed successfully {:adapter nil, :statement-preview CREATE INDEX IF NOT EXISTS idx_users_deleted_at ON users (deleted_at)}
2026-03-20 06:37:33.792 [AUDIT] actor= resource= action= result= corr= tenant= - DDL statement executed successfully {:adapter nil, :statement-preview CREATE INDEX IF NOT EXISTS idx_users_role ON users (role)}
2026-03-20 06:37:33.792 [AUDIT] actor= resource= action= result= corr= tenant= - DDL statement executed successfully {:adapter nil, :statement-preview CREATE INDEX IF NOT EXISTS idx_user_sessions_user_id ON user_sessions (user_id)}
2026-03-20 06:37:33.792 [AUDIT] actor= resource= action= result= corr= tenant= - DDL statement executed successfully {:adapter nil, :statement-preview CREATE INDEX IF NOT EXISTS idx_user_sessions_expires_at ON user_sessions (expires_at)}
2026-03-20 06:37:33.792 [AUDIT] actor= resource= action= result= corr= tenant= - DDL statement executed successfully {:adapter nil, :statement-preview CREATE INDEX IF NOT EXISTS idx_user_sessions_created_at ON user_sessions (created_at)}
2026-03-20 06:37:33.792 [AUDIT] actor= resource= action= result= corr= tenant= - DDL statement executed successfully {:adapter nil, :statement-preview CREATE INDEX IF NOT EXISTS idx_user_sessions_last_accessed_at ON user_sessions (last_accessed_at)}
2026-03-20 06:37:33.793 [AUDIT] actor= resource= action= result= corr= tenant= - DDL statement executed successfully {:adapter nil, :statement-preview CREATE INDEX IF NOT EXISTS idx_user_sessions_revoked_at ON user_sessions (revoked_at)}
2026-03-20 06:37:33.793 [AUDIT] actor= resource= action= result= corr= tenant= - DDL statement executed successfully {:adapter nil, :statement-preview CREATE INDEX IF NOT EXISTS idx_sessions_token ON user_sessions (session_token)}
2026-03-20 06:37:33.793 [AUDIT] actor= resource= action= result= corr= tenant= - DDL statement executed successfully {:adapter nil, :statement-preview CREATE INDEX IF NOT EXISTS idx_sessions_expires_at ON user_sessions (expires_at)}
2026-03-20 06:37:33.793 [AUDIT] actor= resource= action= result= corr= tenant= - DDL statement executed successfully {:adapter nil, :statement-preview CREATE INDEX IF NOT EXISTS idx_user_audit_log_actor_id ON user_audit_log (actor_id)}
2026-03-20 06:37:33.793 [AUDIT] actor= resource= action= result= corr= tenant= - DDL statement executed successfully {:adapter nil, :statement-preview CREATE INDEX IF NOT EXISTS idx_user_audit_log_target_user_id ON user_audit_log (target_user_id)}
2026-03-20 06:37:33.793 [AUDIT] actor= resource= action= result= corr= tenant= - DDL statement executed successfully {:adapter nil, :statement-preview CREATE INDEX IF NOT EXISTS idx_user_audit_log_action ON user_audit_log (action)}
2026-03-20 06:37:33.793 [AUDIT] actor= resource= action= result= corr= tenant= - DDL statement executed successfully {:adapter nil, :statement-preview CREATE INDEX IF NOT EXISTS idx_user_audit_log_result ON user_audit_log (result)}
2026-03-20 06:37:33.793 [AUDIT] actor= resource= action= result= corr= tenant= - DDL statement executed successfully {:adapter nil, :statement-preview CREATE INDEX IF NOT EXISTS idx_user_audit_log_created_at ON user_audit_log (created_at)}
2026-03-20 06:37:33.794 [AUDIT] actor= resource= action= result= corr= tenant= - Database schema initialization completed successfully {:dialect nil, :tables (auth_users users user_sessions user_audit_log)}
2026-03-20 06:37:33.794 [AUDIT] actor= resource= action= result= corr= tenant= - User module database schema initialized
2026-03-20 06:37:33.795 [AUDIT] actor= resource= action= result= corr= tenant= - Initializing user module routes (normalized format)
2026-03-20 06:37:33.938 [AUDIT] actor= resource= action= result= corr= tenant= - User module routes initialized successfully {:route-keys (:api :web :static), :api-count 9, :web-count 22}
2026-03-20 06:38:09.410 [AUDIT] actor= resource= action= result= corr= tenant= - Authentication attempt {:email ff@ex.nl, :ip [0:0:0:0:0:0:0:1]}
2026-03-20 06:38:09.415 [AUDIT] actor= resource= action= result= corr= tenant= - Database operation successful: find-user-by-email {:email ff@ex.nl, :duration-ms 3.737417}
2026-03-20 06:38:09.418 [AUDIT] actor= resource= action= result= corr= tenant= - Database operation successful: find-user-by-email {:email ff@ex.nl, :duration-ms 1.593292}
2026-03-20 06:38:09.418 [AUDIT] actor= resource= action= result= corr= tenant= - Login attempt {:email ff@ex.nl, :authenticated false, :result-keys (:authenticated :reason :message :retry-after), :ip-address [0:0:0:0:0:0:0:1], :user-agent Mozilla/5.0 (Macintosh; Intel Mac OS X 10_15_7) AppleWebKit/605.1.15 (KHTML, like Gecko) Version/26.3.1 Safari/605.1.15}
2026-03-20 06:38:09.419 [AUDIT] actor= resource= action= result= corr= tenant= - Login failed {:email ff@ex.nl, :reason :authentication-failed, :message nil}
2026-03-20 06:38:23.174 [AUDIT] actor= resource= action= result= corr= tenant= - Authentication attempt {:email admin@ex.nl, :ip [0:0:0:0:0:0:0:1]}
2026-03-20 06:38:23.182 [AUDIT] actor= resource= action= result= corr= tenant= - Database operation successful: find-user-by-email {:email admin@ex.nl, :duration-ms 7.047459}
2026-03-20 06:38:23.426 [AUDIT] actor= resource= action= result= corr= tenant= - Database operation successful: find-sessions-by-user {:user-id #uuid "3b38c2f4-634a-42fb-afd3-6c588eba95d2", :duration-ms 1.386375}
2026-03-20 06:38:23.431 [AUDIT] actor= resource= action= result= corr= tenant= - Database operation successful: update-user {:user-entity {:role :admin, :updated-at nil, :email admin@ex.nl, :timezone nil, :notifications-sms false, :name Admin, :mfa-enabled-at nil, :avatar-url nil, :password-hash bcrypt+sha512$cabc3591cb0c6ca725bbc15923e48fce$12$c6b34d27e0c039bba3dfe70b8bdf7fa192c95aa4b7d1d036, :mfa-backup-codes-used nil, :time-format nil, :last-login #object[java.time.Instant 0x5cd4e34b 2026-03-20T05:38:23.174875Z], :lockout-until nil, :deleted-at nil, :notifications-push false, :date-format nil, :theme nil, :login-count 3, :language nil, :mfa-secret nil, :active true, :id #uuid "3b38c2f4-634a-42fb-afd3-6c588eba95d2", :failed-login-count 0, :notifications-email false, :mfa-backup-codes nil, :mfa-enabled nil, :created-at #object[java.time.Instant 0x6be7b85b 2026-03-18T13:16:43.565644Z], :tenant-id nil}, :duration-ms 2.979292}
2026-03-20 06:38:23.437 [AUDIT] actor= resource= action= result= corr= tenant= - Database operation successful: create-session {:session-entity {:user-id #uuid "3b38c2f4-634a-42fb-afd3-6c588eba95d2", :session-token 8zMLuj7CtBK7tt3cEhWi4hBd3A+S4Ju6F0jhHT+wCZs=, :expires-at #object[java.time.Instant 0x63197c77 2026-03-20T06:38:23.174875Z], :user-agent Mozilla/5.0 (Macintosh; Intel Mac OS X 10_15_7) AppleWebKit/605.1.15 (KHTML, like Gecko) Version/26.3.1 Safari/605.1.15, :ip-address [0:0:0:0:0:0:0:1]}, :duration-ms 1.411167}
2026-03-20 06:38:23.437 [AUDIT] actor= resource= action= result= corr= tenant= - Authentication successful {:email admin@ex.nl, :risk-score 75, :mfa-used nil, :session-duration 1}
2026-03-20 06:38:23.437 [AUDIT] actor= resource= action= result= corr= tenant= - Database operation successful: create-audit-log {:audit-entity {:actor-email admin@ex.nl, :user-agent Mozilla/5.0 (Macintosh; Intel Mac OS X 10_15_7) AppleWebKit/605.1.15 (KHTML, like Gecko) Version/26.3.1 Safari/605.1.15, :target-user-id #uuid "3b38c2f4-634a-42fb-afd3-6c588eba95d2", :actor-id #uuid "3b38c2f4-634a-42fb-afd3-6c588eba95d2", :result :success, :target-user-email admin@ex.nl, :action :login, :error-message nil, :ip-address [0:0:0:0:0:0:0:1]}, :duration-ms 0.310166}
2026-03-20 06:38:23.437 [AUDIT] actor= resource= action= result= corr= tenant= - Login attempt {:email admin@ex.nl, :authenticated true, :result-keys (:authenticated :user :session :session-token :jwt-token), :ip-address [0:0:0:0:0:0:0:1], :user-agent Mozilla/5.0 (Macintosh; Intel Mac OS X 10_15_7) AppleWebKit/605.1.15 (KHTML, like Gecko) Version/26.3.1 Safari/605.1.15}
2026-03-20 06:38:23.437 [AUDIT] actor= resource= action= result= corr= tenant= - Login successful, setting cookie and redirecting {:session-token 8zMLuj7CtBK7tt3cEhWi4hBd3A+S4Ju6F0jhHT+wCZs=, :session-token-type java.lang.String, :remember? false, :cookie-max-age nil, :return-to /web/dashboard, :user-role :admin}
2026-03-20 06:38:23.441 [AUDIT] actor= resource= action= result= corr= tenant= - Processing authentication request {:uri /web/dashboard, :method :get, :has-session true, :has-bearer false, :cookies (session-token Idea-2e373df0), :session-token-value 8zMLuj7C}
2026-03-20 06:38:23.441 [AUDIT] actor= resource= action= result= corr= tenant= - Attempting session authentication {:token-preview 8zMLuj7C}
2026-03-20 06:38:23.442 [AUDIT] actor= resource= action= result= corr= tenant= - Validating session token {:session-token 8zMLuj7CtBK7tt3cEhWi4hBd3A+S4Ju6F0jhHT+wCZs=, :uri /web/dashboard}
2026-03-20 06:38:23.443 [AUDIT] actor= resource= action= result= corr= tenant= - Database operation successful: find-session-by-token {:session-token 8zMLuj7CtBK7tt3cEhWi4hBd3A+S4Ju6F0jhHT+wCZs=, :duration-ms 0.569167}
2026-03-20 06:38:23.444 [AUDIT] actor= resource= action= result= corr= tenant= - Database operation successful: update-session {:session-entity {:expires-at #object[java.time.Instant 0x128d9df1 2026-03-21T05:38:23.443169Z], :user-agent Mozilla/5.0 (Macintosh; Intel Mac OS X 10_15_7) AppleWebKit/605.1.15 (KHTML, like Gecko) Version/26.3.1 Safari/605.1.15, :session-token 8zMLuj7CtBK7tt3cEhWi4hBd3A+S4Ju6F0jhHT+wCZs=, :user-id #uuid "3b38c2f4-634a-42fb-afd3-6c588eba95d2", :last-accessed-at #object[java.time.Instant 0x3915503e 2026-03-20T05:38:23.443169Z], :id #uuid "6000e5ff-e6b5-4455-8554-7d4f3a4c9763", :revoked-at nil, :created-at #object[java.time.Instant 0x4780b16b 2026-03-20T05:38:23.435558Z], :ip-address [0:0:0:0:0:0:0:1]}, :duration-ms 0.249875}
2026-03-20 06:38:23.444 [AUDIT] actor= resource= action= result= corr= tenant= - Session validation successful {:user-id #uuid "3b38c2f4-634a-42fb-afd3-6c588eba95d2"}
2026-03-20 06:38:23.444 [AUDIT] actor= resource= action= result= corr= tenant= - Database operation successful: find-user-by-id {:user-id #uuid "3b38c2f4-634a-42fb-afd3-6c588eba95d2", :duration-ms 0.533167}
2026-03-20 06:38:23.445 [AUDIT] actor= resource= action= result= corr= tenant= - Database operation successful: find-sessions-by-user {:user-id #uuid "3b38c2f4-634a-42fb-afd3-6c588eba95d2", :duration-ms 0.22325}
2026-03-20 06:38:23.446 [AUDIT] actor= resource= action= result= corr= tenant= - Database operation successful: find-user-by-id {:user-id #uuid "3b38c2f4-634a-42fb-afd3-6c588eba95d2", :duration-ms 0.523958}
2026-03-20 06:38:28.346 [AUDIT] actor= resource= action= result= corr= tenant= - Processing authentication request {:uri /web/admin/, :method :get, :has-session true, :has-bearer false, :cookies (session-token Idea-2e373df0), :session-token-value 8zMLuj7C}
2026-03-20 06:38:28.347 [AUDIT] actor= resource= action= result= corr= tenant= - Attempting session authentication {:token-preview 8zMLuj7C}
2026-03-20 06:38:28.347 [AUDIT] actor= resource= action= result= corr= tenant= - Validating session token {:session-token 8zMLuj7CtBK7tt3cEhWi4hBd3A+S4Ju6F0jhHT+wCZs=, :uri /web/admin/}
2026-03-20 06:38:28.349 [AUDIT] actor= resource= action= result= corr= tenant= - Database operation successful: find-session-by-token {:session-token 8zMLuj7CtBK7tt3cEhWi4hBd3A+S4Ju6F0jhHT+wCZs=, :duration-ms 2.279375}
2026-03-20 06:38:28.351 [AUDIT] actor= resource= action= result= corr= tenant= - Database operation successful: update-session {:session-entity {:expires-at #object[java.time.Instant 0x6cd69f38 2026-03-21T05:38:23.443169Z], :user-agent Mozilla/5.0 (Macintosh; Intel Mac OS X 10_15_7) AppleWebKit/605.1.15 (KHTML, like Gecko) Version/26.3.1 Safari/605.1.15, :session-token 8zMLuj7CtBK7tt3cEhWi4hBd3A+S4Ju6F0jhHT+wCZs=, :user-id #uuid "3b38c2f4-634a-42fb-afd3-6c588eba95d2", :last-accessed-at #object[java.time.Instant 0x21ab8c92 2026-03-20T05:38:28.350175Z], :id #uuid "6000e5ff-e6b5-4455-8554-7d4f3a4c9763", :revoked-at nil, :created-at #object[java.time.Instant 0x5d120b4e 2026-03-20T05:38:23.435558Z], :ip-address [0:0:0:0:0:0:0:1]}, :duration-ms 0.715583}
2026-03-20 06:38:28.351 [AUDIT] actor= resource= action= result= corr= tenant= - Session validation successful {:user-id #uuid "3b38c2f4-634a-42fb-afd3-6c588eba95d2"}
2026-03-20 06:38:28.353 [AUDIT] actor= resource= action= result= corr= tenant= - Database operation successful: find-user-by-id {:user-id #uuid "3b38c2f4-634a-42fb-afd3-6c588eba95d2", :duration-ms 1.543625}
2026-03-20 06:38:28.354 [AUDIT] actor= resource= action= result= corr= tenant= - After require-admin-user! {:user-email admin@ex.nl}
2026-03-20 06:38:28.354 [AUDIT] actor= resource= action= result= corr= tenant= - Redirecting to first entity {:entity :orders}
2026-03-20 06:38:28.362 [AUDIT] actor= resource= action= result= corr= tenant= - Processing authentication request {:uri /web/admin/orders, :method :get, :has-session true, :has-bearer false, :cookies (session-token Idea-2e373df0), :session-token-value 8zMLuj7C}
2026-03-20 06:38:28.362 [AUDIT] actor= resource= action= result= corr= tenant= - Attempting session authentication {:token-preview 8zMLuj7C}
2026-03-20 06:38:28.362 [AUDIT] actor= resource= action= result= corr= tenant= - Validating session token {:session-token 8zMLuj7CtBK7tt3cEhWi4hBd3A+S4Ju6F0jhHT+wCZs=, :uri /web/admin/orders}
2026-03-20 06:38:28.365 [AUDIT] actor= resource= action= result= corr= tenant= - Database operation successful: find-session-by-token {:session-token 8zMLuj7CtBK7tt3cEhWi4hBd3A+S4Ju6F0jhHT+wCZs=, :duration-ms 2.344917}
2026-03-20 06:38:28.367 [AUDIT] actor= resource= action= result= corr= tenant= - Database operation successful: update-session {:session-entity {:expires-at #object[java.time.Instant 0x3e4581ea 2026-03-21T05:38:23.443169Z], :user-agent Mozilla/5.0 (Macintosh; Intel Mac OS X 10_15_7) AppleWebKit/605.1.15 (KHTML, like Gecko) Version/26.3.1 Safari/605.1.15, :session-token 8zMLuj7CtBK7tt3cEhWi4hBd3A+S4Ju6F0jhHT+wCZs=, :user-id #uuid "3b38c2f4-634a-42fb-afd3-6c588eba95d2", :last-accessed-at #object[java.time.Instant 0x676fb353 2026-03-20T05:38:28.365835Z], :id #uuid "6000e5ff-e6b5-4455-8554-7d4f3a4c9763", :revoked-at nil, :created-at #object[java.time.Instant 0x6f2f164c 2026-03-20T05:38:23.435558Z], :ip-address [0:0:0:0:0:0:0:1]}, :duration-ms 0.973167}
2026-03-20 06:38:28.367 [AUDIT] actor= resource= action= result= corr= tenant= - Session validation successful {:user-id #uuid "3b38c2f4-634a-42fb-afd3-6c588eba95d2"}
2026-03-20 06:38:28.368 [AUDIT] actor= resource= action= result= corr= tenant= - Database operation successful: find-user-by-id {:user-id #uuid "3b38c2f4-634a-42fb-afd3-6c588eba95d2", :duration-ms 1.406625}
2026-03-20 06:38:28.379 [AUDIT] actor= resource= action= result= corr= tenant= - Database operation successful: admin-list-entities {:entity orders, :limit nil, :offset nil, :duration-ms 4.7205}
2026-03-20 06:38:34.077 [AUDIT] actor= resource= action= result= corr= tenant= - Processing authentication request {:uri /web/admin/products, :method :get, :has-session true, :has-bearer false, :cookies (session-token Idea-2e373df0), :session-token-value 8zMLuj7C}
2026-03-20 06:38:34.077 [AUDIT] actor= resource= action= result= corr= tenant= - Attempting session authentication {:token-preview 8zMLuj7C}
2026-03-20 06:38:34.077 [AUDIT] actor= resource= action= result= corr= tenant= - Validating session token {:session-token 8zMLuj7CtBK7tt3cEhWi4hBd3A+S4Ju6F0jhHT+wCZs=, :uri /web/admin/products}
2026-03-20 06:38:34.081 [AUDIT] actor= resource= action= result= corr= tenant= - Database operation successful: find-session-by-token {:session-token 8zMLuj7CtBK7tt3cEhWi4hBd3A+S4Ju6F0jhHT+wCZs=, :duration-ms 3.654208}
2026-03-20 06:38:34.084 [AUDIT] actor= resource= action= result= corr= tenant= - Database operation successful: update-session {:session-entity {:expires-at #object[java.time.Instant 0x107a2ef0 2026-03-21T05:38:23.443169Z], :user-agent Mozilla/5.0 (Macintosh; Intel Mac OS X 10_15_7) AppleWebKit/605.1.15 (KHTML, like Gecko) Version/26.3.1 Safari/605.1.15, :session-token 8zMLuj7CtBK7tt3cEhWi4hBd3A+S4Ju6F0jhHT+wCZs=, :user-id #uuid "3b38c2f4-634a-42fb-afd3-6c588eba95d2", :last-accessed-at #object[java.time.Instant 0x488d5c98 2026-03-20T05:38:34.082402Z], :id #uuid "6000e5ff-e6b5-4455-8554-7d4f3a4c9763", :revoked-at nil, :created-at #object[java.time.Instant 0x353f9607 2026-03-20T05:38:23.435558Z], :ip-address [0:0:0:0:0:0:0:1]}, :duration-ms 1.346458}
2026-03-20 06:38:34.084 [AUDIT] actor= resource= action= result= corr= tenant= - Session validation successful {:user-id #uuid "3b38c2f4-634a-42fb-afd3-6c588eba95d2"}
2026-03-20 06:38:34.087 [AUDIT] actor= resource= action= result= corr= tenant= - Database operation successful: find-user-by-id {:user-id #uuid "3b38c2f4-634a-42fb-afd3-6c588eba95d2", :duration-ms 2.278417}
2026-03-20 06:38:34.090 [AUDIT] actor= resource= action= result= corr= tenant= - Database operation successful: admin-list-entities {:entity products, :limit nil, :offset nil, :duration-ms 2.228834}
2026-03-20 06:38:37.521 [AUDIT] actor= resource= action= result= corr= tenant= - Processing authentication request {:uri /web/admin/products/11111111-1111-1111-1111-111111111111, :method :get, :has-session true, :has-bearer false, :cookies (session-token Idea-2e373df0), :session-token-value 8zMLuj7C}
2026-03-20 06:38:37.522 [AUDIT] actor= resource= action= result= corr= tenant= - Attempting session authentication {:token-preview 8zMLuj7C}
2026-03-20 06:38:37.525 [AUDIT] actor= resource= action= result= corr= tenant= - Validating session token {:session-token 8zMLuj7CtBK7tt3cEhWi4hBd3A+S4Ju6F0jhHT+wCZs=, :uri /web/admin/products/11111111-1111-1111-1111-111111111111}
2026-03-20 06:38:37.528 [AUDIT] actor= resource= action= result= corr= tenant= - Database operation successful: find-session-by-token {:session-token 8zMLuj7CtBK7tt3cEhWi4hBd3A+S4Ju6F0jhHT+wCZs=, :duration-ms 2.31875}
2026-03-20 06:38:37.529 [AUDIT] actor= resource= action= result= corr= tenant= - Database operation successful: update-session {:session-entity {:expires-at #object[java.time.Instant 0x47a283fe 2026-03-21T05:38:23.443169Z], :user-agent Mozilla/5.0 (Macintosh; Intel Mac OS X 10_15_7) AppleWebKit/605.1.15 (KHTML, like Gecko) Version/26.3.1 Safari/605.1.15, :session-token 8zMLuj7CtBK7tt3cEhWi4hBd3A+S4Ju6F0jhHT+wCZs=, :user-id #uuid "3b38c2f4-634a-42fb-afd3-6c588eba95d2", :last-accessed-at #object[java.time.Instant 0x1caf1826 2026-03-20T05:38:37.528331Z], :id #uuid "6000e5ff-e6b5-4455-8554-7d4f3a4c9763", :revoked-at nil, :created-at #object[java.time.Instant 0x683e388e 2026-03-20T05:38:23.435558Z], :ip-address [0:0:0:0:0:0:0:1]}, :duration-ms 0.596833}
2026-03-20 06:38:37.529 [AUDIT] actor= resource= action= result= corr= tenant= - Session validation successful {:user-id #uuid "3b38c2f4-634a-42fb-afd3-6c588eba95d2"}
2026-03-20 06:38:37.531 [AUDIT] actor= resource= action= result= corr= tenant= - Database operation successful: find-user-by-id {:user-id #uuid "3b38c2f4-634a-42fb-afd3-6c588eba95d2", :duration-ms 1.512792}
2026-03-20 06:38:37.534 [AUDIT] actor= resource= action= result= corr= tenant= - Database operation successful: admin-get-entity {:entity products, :id #uuid "11111111-1111-1111-1111-111111111111", :duration-ms 1.611208}
2026-03-20 06:38:42.818 [AUDIT] actor= resource= action= result= corr= tenant= - Processing authentication request {:uri /web/admin/users, :method :get, :has-session true, :has-bearer false, :cookies (session-token Idea-2e373df0), :session-token-value 8zMLuj7C}
2026-03-20 06:38:42.818 [AUDIT] actor= resource= action= result= corr= tenant= - Attempting session authentication {:token-preview 8zMLuj7C}
2026-03-20 06:38:42.818 [AUDIT] actor= resource= action= result= corr= tenant= - Validating session token {:session-token 8zMLuj7CtBK7tt3cEhWi4hBd3A+S4Ju6F0jhHT+wCZs=, :uri /web/admin/users}
2026-03-20 06:38:42.821 [AUDIT] actor= resource= action= result= corr= tenant= - Database operation successful: find-session-by-token {:session-token 8zMLuj7CtBK7tt3cEhWi4hBd3A+S4Ju6F0jhHT+wCZs=, :duration-ms 2.373375}
2026-03-20 06:38:42.823 [AUDIT] actor= resource= action= result= corr= tenant= - Database operation successful: update-session {:session-entity {:expires-at #object[java.time.Instant 0x4463c71c 2026-03-21T05:38:23.443169Z], :user-agent Mozilla/5.0 (Macintosh; Intel Mac OS X 10_15_7) AppleWebKit/605.1.15 (KHTML, like Gecko) Version/26.3.1 Safari/605.1.15, :session-token 8zMLuj7CtBK7tt3cEhWi4hBd3A+S4Ju6F0jhHT+wCZs=, :user-id #uuid "3b38c2f4-634a-42fb-afd3-6c588eba95d2", :last-accessed-at #object[java.time.Instant 0x7b48b49 2026-03-20T05:38:42.821843Z], :id #uuid "6000e5ff-e6b5-4455-8554-7d4f3a4c9763", :revoked-at nil, :created-at #object[java.time.Instant 0x2c413eea 2026-03-20T05:38:23.435558Z], :ip-address [0:0:0:0:0:0:0:1]}, :duration-ms 0.87775}
2026-03-20 06:38:42.823 [AUDIT] actor= resource= action= result= corr= tenant= - Session validation successful {:user-id #uuid "3b38c2f4-634a-42fb-afd3-6c588eba95d2"}
2026-03-20 06:38:42.825 [AUDIT] actor= resource= action= result= corr= tenant= - Database operation successful: find-user-by-id {:user-id #uuid "3b38c2f4-634a-42fb-afd3-6c588eba95d2", :duration-ms 1.985625}
2026-03-20 06:38:42.830 [AUDIT] actor= resource= action= result= corr= tenant= - Database operation successful: admin-list-entities {:entity users, :limit nil, :offset nil, :duration-ms 3.130125}
2026-03-20 06:38:44.247 [AUDIT] actor= resource= action= result= corr= tenant= - Processing authentication request {:uri /web/admin/products, :method :get, :has-session true, :has-bearer false, :cookies (session-token Idea-2e373df0), :session-token-value 8zMLuj7C}
2026-03-20 06:38:44.248 [AUDIT] actor= resource= action= result= corr= tenant= - Attempting session authentication {:token-preview 8zMLuj7C}
2026-03-20 06:38:44.248 [AUDIT] actor= resource= action= result= corr= tenant= - Validating session token {:session-token 8zMLuj7CtBK7tt3cEhWi4hBd3A+S4Ju6F0jhHT+wCZs=, :uri /web/admin/products}
2026-03-20 06:38:44.250 [AUDIT] actor= resource= action= result= corr= tenant= - Database operation successful: find-session-by-token {:session-token 8zMLuj7CtBK7tt3cEhWi4hBd3A+S4Ju6F0jhHT+wCZs=, :duration-ms 2.246625}
2026-03-20 06:38:44.252 [AUDIT] actor= resource= action= result= corr= tenant= - Database operation successful: update-session {:session-entity {:expires-at #object[java.time.Instant 0x57873351 2026-03-21T05:38:23.443169Z], :user-agent Mozilla/5.0 (Macintosh; Intel Mac OS X 10_15_7) AppleWebKit/605.1.15 (KHTML, like Gecko) Version/26.3.1 Safari/605.1.15, :session-token 8zMLuj7CtBK7tt3cEhWi4hBd3A+S4Ju6F0jhHT+wCZs=, :user-id #uuid "3b38c2f4-634a-42fb-afd3-6c588eba95d2", :last-accessed-at #object[java.time.Instant 0x1265a41b 2026-03-20T05:38:44.251078Z], :id #uuid "6000e5ff-e6b5-4455-8554-7d4f3a4c9763", :revoked-at nil, :created-at #object[java.time.Instant 0x380b17d7 2026-03-20T05:38:23.435558Z], :ip-address [0:0:0:0:0:0:0:1]}, :duration-ms 0.892792}
2026-03-20 06:38:44.252 [AUDIT] actor= resource= action= result= corr= tenant= - Session validation successful {:user-id #uuid "3b38c2f4-634a-42fb-afd3-6c588eba95d2"}
2026-03-20 06:38:44.253 [AUDIT] actor= resource= action= result= corr= tenant= - Database operation successful: find-user-by-id {:user-id #uuid "3b38c2f4-634a-42fb-afd3-6c588eba95d2", :duration-ms 1.117417}
2026-03-20 06:38:44.256 [AUDIT] actor= resource= action= result= corr= tenant= - Database operation successful: admin-list-entities {:entity products, :limit nil, :offset nil, :duration-ms 1.612084}
2026-03-20 06:47:58.826 [AUDIT] actor= resource= action= result= corr= tenant= - Creating database connection pool {:adapter nil, :pool-size 5, :pool-name default-Pool}
2026-03-20 06:47:59.064 [AUDIT] actor= resource= action= result= corr= tenant= - SQLite PRAGMA initialization completed {:successful-pragmas 7, :failed-pragmas 0, :total-pragmas 7}
2026-03-20 06:47:59.064 [AUDIT] actor= resource= action= result= corr= tenant= - Database connection pool created successfully {:adapter nil, :pool-name default-Pool}
2026-03-20 06:47:59.064 [AUDIT] actor= resource= action= result= corr= tenant= - Created database context {:adapter nil}
2026-03-20 06:47:59.066 [AUDIT] actor= resource= action= result= corr= tenant= - Initializing audit repository
2026-03-20 06:47:59.066 [AUDIT] actor= resource= action= result= corr= tenant= - Audit repository initialized
2026-03-20 06:47:59.066 [AUDIT] actor= resource= action= result= corr= tenant= - Initializing user repository
2026-03-20 06:47:59.069 [AUDIT] actor= resource= action= result= corr= tenant= - User repository initialized
2026-03-20 06:47:59.069 [AUDIT] actor= resource= action= result= corr= tenant= - Initializing MFA service
2026-03-20 06:47:59.069 [AUDIT] actor= resource= action= result= corr= tenant= - MFA service initialized
2026-03-20 06:47:59.069 [AUDIT] actor= resource= action= result= corr= tenant= - Initializing session repository
2026-03-20 06:47:59.069 [AUDIT] actor= resource= action= result= corr= tenant= - Session repository initialized
2026-03-20 06:47:59.070 [AUDIT] actor= resource= action= result= corr= tenant= - Initializing authentication service
2026-03-20 06:47:59.070 [AUDIT] actor= resource= action= result= corr= tenant= - Authentication service initialized
2026-03-20 06:47:59.070 [AUDIT] actor= resource= action= result= corr= tenant= - Initializing user service {:cache-enabled? false}
2026-03-20 06:47:59.070 [AUDIT] actor= resource= action= result= corr= tenant= - User service initialized
2026-03-20 06:47:59.072 [AUDIT] actor= resource= action= result= corr= tenant= - Initializing user module database schema
2026-03-20 06:47:59.072 [AUDIT] actor= resource= action= result= corr= tenant= - Initializing user schema from Malli definitions (split-table architecture)
2026-03-20 06:47:59.073 [AUDIT] actor= resource= action= result= corr= tenant= - Initializing database schema from Malli definitions {:dialect nil, :tables (auth_users users user_sessions user_audit_log)}
2026-03-20 06:47:59.074 [AUDIT] actor= resource= action= result= corr= tenant= - DDL statement executed successfully {:adapter nil, :statement-preview CREATE TABLE IF NOT EXISTS auth_users (
  id UUID NOT NULL PRIMARY KEY,
  email VARCHAR(255) NOT NULL,
  password_hash VARCHAR(255) NOT NULL,
  active BOOLEAN NOT NULL DEFAULT true,
  mfa_enabled BOOLEAN,
  mfa_secret VARCHAR(255),
  mfa_backup_codes VARCHAR(255),
  mfa_backup_codes_used VARCHAR(255),
  mfa_enabled_at VARCHAR(255),
  failed_login_count INTEGER,
  lockout_until VARCHAR(255),
  created_at VARCHAR(255) NOT NULL,
  updated_at VARCHAR(255),
  deleted_at VARCHAR(255),
  CONSTRAINT uk_auth_users_email UNIQUE(email)
);}
2026-03-20 06:47:59.074 [AUDIT] actor= resource= action= result= corr= tenant= - DDL statement executed successfully {:adapter nil, :statement-preview CREATE TABLE IF NOT EXISTS users (
  id UUID NOT NULL PRIMARY KEY,
  tenant_id UUID,
  name VARCHAR(255) NOT NULL,
  role VARCHAR(50) NOT NULL CHECK(role IN ('admin', 'user', 'viewer')),
  avatar_url VARCHAR(255),
  login_count INTEGER,
  last_login VARCHAR(255),
  notifications_email BOOLEAN,
  notifications_push BOOLEAN,
  notifications_sms BOOLEAN,
  theme VARCHAR(50) CHECK(theme IN ('light', 'dark', 'auto')),
  language VARCHAR(255),
  timezone VARCHAR(255),
  date_format VARCHAR(50) CHECK(date_format IN ('iso', 'us', 'eu')),
  time_format VARCHAR(50) CHECK(time_format IN ('12h', '24h')),
  created_at VARCHAR(255) NOT NULL,
  updated_at VARCHAR(255),
  deleted_at VARCHAR(255)
);}
2026-03-20 06:47:59.074 [AUDIT] actor= resource= action= result= corr= tenant= - DDL statement executed successfully {:adapter nil, :statement-preview CREATE TABLE IF NOT EXISTS user_sessions (
  id UUID NOT NULL PRIMARY KEY,
  user_id UUID NOT NULL,
  session_token VARCHAR(255) NOT NULL,
  expires_at VARCHAR(255) NOT NULL,
  created_at VARCHAR(255) NOT NULL,
  last_accessed_at VARCHAR(255),
  revoked_at VARCHAR(255),
  user_agent VARCHAR(255),
  ip_address VARCHAR(255),
  CONSTRAINT uk_user_sessions_token UNIQUE(session_token)
);}
2026-03-20 06:47:59.075 [AUDIT] actor= resource= action= result= corr= tenant= - DDL statement executed successfully {:adapter nil, :statement-preview CREATE TABLE IF NOT EXISTS user_audit_log (
  id UUID NOT NULL PRIMARY KEY,
  action VARCHAR(50) NOT NULL CHECK(action IN ('create', 'update', 'delete', 'activate', 'deactivate', 'role-change', 'bulk-action', 'login', 'logout')),
  actor_id UUID,
  actor_email VARCHAR(255),
  target_user_id UUID NOT NULL,
  target_user_email VARCHAR(255) NOT NULL,
  changes JSONB,
  metadata JSONB,
  ip_address VARCHAR(255),
  user_agent VARCHAR(255),
  result VARCHAR(50) NOT NULL CHECK(result IN ('success', 'failure')),
  error_message VARCHAR(255),
  created_at VARCHAR(255) NOT NULL
);}
2026-03-20 06:47:59.075 [AUDIT] actor= resource= action= result= corr= tenant= - DDL statement executed successfully {:adapter nil, :statement-preview CREATE INDEX IF NOT EXISTS idx_auth_users_mfa_enabled_at ON auth_users (mfa_enabled_at)}
2026-03-20 06:47:59.075 [AUDIT] actor= resource= action= result= corr= tenant= - DDL statement executed successfully {:adapter nil, :statement-preview CREATE INDEX IF NOT EXISTS idx_auth_users_created_at ON auth_users (created_at)}
2026-03-20 06:47:59.075 [AUDIT] actor= resource= action= result= corr= tenant= - DDL statement executed successfully {:adapter nil, :statement-preview CREATE INDEX IF NOT EXISTS idx_auth_users_updated_at ON auth_users (updated_at)}
2026-03-20 06:47:59.075 [AUDIT] actor= resource= action= result= corr= tenant= - DDL statement executed successfully {:adapter nil, :statement-preview CREATE INDEX IF NOT EXISTS idx_auth_users_deleted_at ON auth_users (deleted_at)}
2026-03-20 06:47:59.075 [AUDIT] actor= resource= action= result= corr= tenant= - DDL statement executed successfully {:adapter nil, :statement-preview CREATE INDEX IF NOT EXISTS idx_auth_users_email ON auth_users (email)}
2026-03-20 06:47:59.075 [AUDIT] actor= resource= action= result= corr= tenant= - DDL statement executed successfully {:adapter nil, :statement-preview CREATE INDEX IF NOT EXISTS idx_auth_users_active ON auth_users (active)}
2026-03-20 06:47:59.076 [AUDIT] actor= resource= action= result= corr= tenant= - DDL statement executed successfully {:adapter nil, :statement-preview CREATE INDEX IF NOT EXISTS idx_users_tenant_id ON users (tenant_id)}
2026-03-20 06:47:59.076 [AUDIT] actor= resource= action= result= corr= tenant= - DDL statement executed successfully {:adapter nil, :statement-preview CREATE INDEX IF NOT EXISTS idx_users_role ON users (role)}
2026-03-20 06:47:59.076 [AUDIT] actor= resource= action= result= corr= tenant= - DDL statement executed successfully {:adapter nil, :statement-preview CREATE INDEX IF NOT EXISTS idx_users_theme ON users (theme)}
2026-03-20 06:47:59.076 [AUDIT] actor= resource= action= result= corr= tenant= - DDL statement executed successfully {:adapter nil, :statement-preview CREATE INDEX IF NOT EXISTS idx_users_date_format ON users (date_format)}
2026-03-20 06:47:59.076 [AUDIT] actor= resource= action= result= corr= tenant= - DDL statement executed successfully {:adapter nil, :statement-preview CREATE INDEX IF NOT EXISTS idx_users_time_format ON users (time_format)}
2026-03-20 06:47:59.076 [AUDIT] actor= resource= action= result= corr= tenant= - DDL statement executed successfully {:adapter nil, :statement-preview CREATE INDEX IF NOT EXISTS idx_users_created_at ON users (created_at)}
2026-03-20 06:47:59.076 [AUDIT] actor= resource= action= result= corr= tenant= - DDL statement executed successfully {:adapter nil, :statement-preview CREATE INDEX IF NOT EXISTS idx_users_updated_at ON users (updated_at)}
2026-03-20 06:47:59.076 [AUDIT] actor= resource= action= result= corr= tenant= - DDL statement executed successfully {:adapter nil, :statement-preview CREATE INDEX IF NOT EXISTS idx_users_deleted_at ON users (deleted_at)}
2026-03-20 06:47:59.076 [AUDIT] actor= resource= action= result= corr= tenant= - DDL statement executed successfully {:adapter nil, :statement-preview CREATE INDEX IF NOT EXISTS idx_users_role ON users (role)}
2026-03-20 06:47:59.076 [AUDIT] actor= resource= action= result= corr= tenant= - DDL statement executed successfully {:adapter nil, :statement-preview CREATE INDEX IF NOT EXISTS idx_user_sessions_user_id ON user_sessions (user_id)}
2026-03-20 06:47:59.076 [AUDIT] actor= resource= action= result= corr= tenant= - DDL statement executed successfully {:adapter nil, :statement-preview CREATE INDEX IF NOT EXISTS idx_user_sessions_expires_at ON user_sessions (expires_at)}
2026-03-20 06:47:59.076 [AUDIT] actor= resource= action= result= corr= tenant= - DDL statement executed successfully {:adapter nil, :statement-preview CREATE INDEX IF NOT EXISTS idx_user_sessions_created_at ON user_sessions (created_at)}
2026-03-20 06:47:59.077 [AUDIT] actor= resource= action= result= corr= tenant= - DDL statement executed successfully {:adapter nil, :statement-preview CREATE INDEX IF NOT EXISTS idx_user_sessions_last_accessed_at ON user_sessions (last_accessed_at)}
2026-03-20 06:47:59.077 [AUDIT] actor= resource= action= result= corr= tenant= - DDL statement executed successfully {:adapter nil, :statement-preview CREATE INDEX IF NOT EXISTS idx_user_sessions_revoked_at ON user_sessions (revoked_at)}
2026-03-20 06:47:59.077 [AUDIT] actor= resource= action= result= corr= tenant= - DDL statement executed successfully {:adapter nil, :statement-preview CREATE INDEX IF NOT EXISTS idx_sessions_token ON user_sessions (session_token)}
2026-03-20 06:47:59.077 [AUDIT] actor= resource= action= result= corr= tenant= - DDL statement executed successfully {:adapter nil, :statement-preview CREATE INDEX IF NOT EXISTS idx_sessions_expires_at ON user_sessions (expires_at)}
2026-03-20 06:47:59.077 [AUDIT] actor= resource= action= result= corr= tenant= - DDL statement executed successfully {:adapter nil, :statement-preview CREATE INDEX IF NOT EXISTS idx_user_audit_log_actor_id ON user_audit_log (actor_id)}
2026-03-20 06:47:59.077 [AUDIT] actor= resource= action= result= corr= tenant= - DDL statement executed successfully {:adapter nil, :statement-preview CREATE INDEX IF NOT EXISTS idx_user_audit_log_target_user_id ON user_audit_log (target_user_id)}
2026-03-20 06:47:59.077 [AUDIT] actor= resource= action= result= corr= tenant= - DDL statement executed successfully {:adapter nil, :statement-preview CREATE INDEX IF NOT EXISTS idx_user_audit_log_action ON user_audit_log (action)}
2026-03-20 06:47:59.077 [AUDIT] actor= resource= action= result= corr= tenant= - DDL statement executed successfully {:adapter nil, :statement-preview CREATE INDEX IF NOT EXISTS idx_user_audit_log_result ON user_audit_log (result)}
2026-03-20 06:47:59.077 [AUDIT] actor= resource= action= result= corr= tenant= - DDL statement executed successfully {:adapter nil, :statement-preview CREATE INDEX IF NOT EXISTS idx_user_audit_log_created_at ON user_audit_log (created_at)}
2026-03-20 06:47:59.077 [AUDIT] actor= resource= action= result= corr= tenant= - Database schema initialization completed successfully {:dialect nil, :tables (auth_users users user_sessions user_audit_log)}
2026-03-20 06:47:59.078 [AUDIT] actor= resource= action= result= corr= tenant= - User module database schema initialized
2026-03-20 06:47:59.078 [AUDIT] actor= resource= action= result= corr= tenant= - Initializing user module routes (normalized format)
2026-03-20 06:47:59.188 [AUDIT] actor= resource= action= result= corr= tenant= - User module routes initialized successfully {:route-keys (:api :web :static), :api-count 9, :web-count 22}
2026-03-20 06:48:04.560 [AUDIT] actor= resource= action= result= corr= tenant= - Creating database connection pool {:adapter nil, :pool-size 5, :pool-name default-Pool}
2026-03-20 06:48:04.755 [AUDIT] actor= resource= action= result= corr= tenant= - SQLite PRAGMA initialization completed {:successful-pragmas 7, :failed-pragmas 0, :total-pragmas 7}
2026-03-20 06:48:04.756 [AUDIT] actor= resource= action= result= corr= tenant= - Database connection pool created successfully {:adapter nil, :pool-name default-Pool}
2026-03-20 06:48:04.756 [AUDIT] actor= resource= action= result= corr= tenant= - Created database context {:adapter nil}
2026-03-20 06:48:04.757 [AUDIT] actor= resource= action= result= corr= tenant= - Initializing audit repository
2026-03-20 06:48:04.757 [AUDIT] actor= resource= action= result= corr= tenant= - Audit repository initialized
2026-03-20 06:48:04.757 [AUDIT] actor= resource= action= result= corr= tenant= - Initializing user repository
2026-03-20 06:48:04.761 [AUDIT] actor= resource= action= result= corr= tenant= - User repository initialized
2026-03-20 06:48:04.761 [AUDIT] actor= resource= action= result= corr= tenant= - Initializing MFA service
2026-03-20 06:48:04.761 [AUDIT] actor= resource= action= result= corr= tenant= - MFA service initialized
2026-03-20 06:48:04.761 [AUDIT] actor= resource= action= result= corr= tenant= - Initializing session repository
2026-03-20 06:48:04.761 [AUDIT] actor= resource= action= result= corr= tenant= - Session repository initialized
2026-03-20 06:48:04.762 [AUDIT] actor= resource= action= result= corr= tenant= - Initializing authentication service
2026-03-20 06:48:04.762 [AUDIT] actor= resource= action= result= corr= tenant= - Authentication service initialized
2026-03-20 06:48:04.762 [AUDIT] actor= resource= action= result= corr= tenant= - Initializing user service {:cache-enabled? false}
2026-03-20 06:48:04.762 [AUDIT] actor= resource= action= result= corr= tenant= - User service initialized
2026-03-20 06:48:04.764 [AUDIT] actor= resource= action= result= corr= tenant= - Initializing user module database schema
2026-03-20 06:48:04.765 [AUDIT] actor= resource= action= result= corr= tenant= - Initializing user schema from Malli definitions (split-table architecture)
2026-03-20 06:48:04.766 [AUDIT] actor= resource= action= result= corr= tenant= - Initializing database schema from Malli definitions {:dialect nil, :tables (auth_users users user_sessions user_audit_log)}
2026-03-20 06:48:04.767 [AUDIT] actor= resource= action= result= corr= tenant= - DDL statement executed successfully {:adapter nil, :statement-preview CREATE TABLE IF NOT EXISTS auth_users (
  id UUID NOT NULL PRIMARY KEY,
  email VARCHAR(255) NOT NULL,
  password_hash VARCHAR(255) NOT NULL,
  active BOOLEAN NOT NULL DEFAULT true,
  mfa_enabled BOOLEAN,
  mfa_secret VARCHAR(255),
  mfa_backup_codes VARCHAR(255),
  mfa_backup_codes_used VARCHAR(255),
  mfa_enabled_at VARCHAR(255),
  failed_login_count INTEGER,
  lockout_until VARCHAR(255),
  created_at VARCHAR(255) NOT NULL,
  updated_at VARCHAR(255),
  deleted_at VARCHAR(255),
  CONSTRAINT uk_auth_users_email UNIQUE(email)
);}
2026-03-20 06:48:04.767 [AUDIT] actor= resource= action= result= corr= tenant= - DDL statement executed successfully {:adapter nil, :statement-preview CREATE TABLE IF NOT EXISTS users (
  id UUID NOT NULL PRIMARY KEY,
  tenant_id UUID,
  name VARCHAR(255) NOT NULL,
  role VARCHAR(50) NOT NULL CHECK(role IN ('admin', 'user', 'viewer')),
  avatar_url VARCHAR(255),
  login_count INTEGER,
  last_login VARCHAR(255),
  notifications_email BOOLEAN,
  notifications_push BOOLEAN,
  notifications_sms BOOLEAN,
  theme VARCHAR(50) CHECK(theme IN ('light', 'dark', 'auto')),
  language VARCHAR(255),
  timezone VARCHAR(255),
  date_format VARCHAR(50) CHECK(date_format IN ('iso', 'us', 'eu')),
  time_format VARCHAR(50) CHECK(time_format IN ('12h', '24h')),
  created_at VARCHAR(255) NOT NULL,
  updated_at VARCHAR(255),
  deleted_at VARCHAR(255)
);}
2026-03-20 06:48:04.767 [AUDIT] actor= resource= action= result= corr= tenant= - DDL statement executed successfully {:adapter nil, :statement-preview CREATE TABLE IF NOT EXISTS user_sessions (
  id UUID NOT NULL PRIMARY KEY,
  user_id UUID NOT NULL,
  session_token VARCHAR(255) NOT NULL,
  expires_at VARCHAR(255) NOT NULL,
  created_at VARCHAR(255) NOT NULL,
  last_accessed_at VARCHAR(255),
  revoked_at VARCHAR(255),
  user_agent VARCHAR(255),
  ip_address VARCHAR(255),
  CONSTRAINT uk_user_sessions_token UNIQUE(session_token)
);}
2026-03-20 06:48:04.767 [AUDIT] actor= resource= action= result= corr= tenant= - DDL statement executed successfully {:adapter nil, :statement-preview CREATE TABLE IF NOT EXISTS user_audit_log (
  id UUID NOT NULL PRIMARY KEY,
  action VARCHAR(50) NOT NULL CHECK(action IN ('create', 'update', 'delete', 'activate', 'deactivate', 'role-change', 'bulk-action', 'login', 'logout')),
  actor_id UUID,
  actor_email VARCHAR(255),
  target_user_id UUID NOT NULL,
  target_user_email VARCHAR(255) NOT NULL,
  changes JSONB,
  metadata JSONB,
  ip_address VARCHAR(255),
  user_agent VARCHAR(255),
  result VARCHAR(50) NOT NULL CHECK(result IN ('success', 'failure')),
  error_message VARCHAR(255),
  created_at VARCHAR(255) NOT NULL
);}
2026-03-20 06:48:04.768 [AUDIT] actor= resource= action= result= corr= tenant= - DDL statement executed successfully {:adapter nil, :statement-preview CREATE INDEX IF NOT EXISTS idx_auth_users_mfa_enabled_at ON auth_users (mfa_enabled_at)}
2026-03-20 06:48:04.768 [AUDIT] actor= resource= action= result= corr= tenant= - DDL statement executed successfully {:adapter nil, :statement-preview CREATE INDEX IF NOT EXISTS idx_auth_users_created_at ON auth_users (created_at)}
2026-03-20 06:48:04.768 [AUDIT] actor= resource= action= result= corr= tenant= - DDL statement executed successfully {:adapter nil, :statement-preview CREATE INDEX IF NOT EXISTS idx_auth_users_updated_at ON auth_users (updated_at)}
2026-03-20 06:48:04.768 [AUDIT] actor= resource= action= result= corr= tenant= - DDL statement executed successfully {:adapter nil, :statement-preview CREATE INDEX IF NOT EXISTS idx_auth_users_deleted_at ON auth_users (deleted_at)}
2026-03-20 06:48:04.768 [AUDIT] actor= resource= action= result= corr= tenant= - DDL statement executed successfully {:adapter nil, :statement-preview CREATE INDEX IF NOT EXISTS idx_auth_users_email ON auth_users (email)}
2026-03-20 06:48:04.769 [AUDIT] actor= resource= action= result= corr= tenant= - DDL statement executed successfully {:adapter nil, :statement-preview CREATE INDEX IF NOT EXISTS idx_auth_users_active ON auth_users (active)}
2026-03-20 06:48:04.769 [AUDIT] actor= resource= action= result= corr= tenant= - DDL statement executed successfully {:adapter nil, :statement-preview CREATE INDEX IF NOT EXISTS idx_users_tenant_id ON users (tenant_id)}
2026-03-20 06:48:04.769 [AUDIT] actor= resource= action= result= corr= tenant= - DDL statement executed successfully {:adapter nil, :statement-preview CREATE INDEX IF NOT EXISTS idx_users_role ON users (role)}
2026-03-20 06:48:04.769 [AUDIT] actor= resource= action= result= corr= tenant= - DDL statement executed successfully {:adapter nil, :statement-preview CREATE INDEX IF NOT EXISTS idx_users_theme ON users (theme)}
2026-03-20 06:48:04.769 [AUDIT] actor= resource= action= result= corr= tenant= - DDL statement executed successfully {:adapter nil, :statement-preview CREATE INDEX IF NOT EXISTS idx_users_date_format ON users (date_format)}
2026-03-20 06:48:04.769 [AUDIT] actor= resource= action= result= corr= tenant= - DDL statement executed successfully {:adapter nil, :statement-preview CREATE INDEX IF NOT EXISTS idx_users_time_format ON users (time_format)}
2026-03-20 06:48:04.769 [AUDIT] actor= resource= action= result= corr= tenant= - DDL statement executed successfully {:adapter nil, :statement-preview CREATE INDEX IF NOT EXISTS idx_users_created_at ON users (created_at)}
2026-03-20 06:48:04.769 [AUDIT] actor= resource= action= result= corr= tenant= - DDL statement executed successfully {:adapter nil, :statement-preview CREATE INDEX IF NOT EXISTS idx_users_updated_at ON users (updated_at)}
2026-03-20 06:48:04.769 [AUDIT] actor= resource= action= result= corr= tenant= - DDL statement executed successfully {:adapter nil, :statement-preview CREATE INDEX IF NOT EXISTS idx_users_deleted_at ON users (deleted_at)}
2026-03-20 06:48:04.769 [AUDIT] actor= resource= action= result= corr= tenant= - DDL statement executed successfully {:adapter nil, :statement-preview CREATE INDEX IF NOT EXISTS idx_users_role ON users (role)}
2026-03-20 06:48:04.770 [AUDIT] actor= resource= action= result= corr= tenant= - DDL statement executed successfully {:adapter nil, :statement-preview CREATE INDEX IF NOT EXISTS idx_user_sessions_user_id ON user_sessions (user_id)}
2026-03-20 06:48:04.770 [AUDIT] actor= resource= action= result= corr= tenant= - DDL statement executed successfully {:adapter nil, :statement-preview CREATE INDEX IF NOT EXISTS idx_user_sessions_expires_at ON user_sessions (expires_at)}
2026-03-20 06:48:04.770 [AUDIT] actor= resource= action= result= corr= tenant= - DDL statement executed successfully {:adapter nil, :statement-preview CREATE INDEX IF NOT EXISTS idx_user_sessions_created_at ON user_sessions (created_at)}
2026-03-20 06:48:04.770 [AUDIT] actor= resource= action= result= corr= tenant= - DDL statement executed successfully {:adapter nil, :statement-preview CREATE INDEX IF NOT EXISTS idx_user_sessions_last_accessed_at ON user_sessions (last_accessed_at)}
2026-03-20 06:48:04.770 [AUDIT] actor= resource= action= result= corr= tenant= - DDL statement executed successfully {:adapter nil, :statement-preview CREATE INDEX IF NOT EXISTS idx_user_sessions_revoked_at ON user_sessions (revoked_at)}
2026-03-20 06:48:04.770 [AUDIT] actor= resource= action= result= corr= tenant= - DDL statement executed successfully {:adapter nil, :statement-preview CREATE INDEX IF NOT EXISTS idx_sessions_token ON user_sessions (session_token)}
2026-03-20 06:48:04.770 [AUDIT] actor= resource= action= result= corr= tenant= - DDL statement executed successfully {:adapter nil, :statement-preview CREATE INDEX IF NOT EXISTS idx_sessions_expires_at ON user_sessions (expires_at)}
2026-03-20 06:48:04.770 [AUDIT] actor= resource= action= result= corr= tenant= - DDL statement executed successfully {:adapter nil, :statement-preview CREATE INDEX IF NOT EXISTS idx_user_audit_log_actor_id ON user_audit_log (actor_id)}
2026-03-20 06:48:04.770 [AUDIT] actor= resource= action= result= corr= tenant= - DDL statement executed successfully {:adapter nil, :statement-preview CREATE INDEX IF NOT EXISTS idx_user_audit_log_target_user_id ON user_audit_log (target_user_id)}
2026-03-20 06:48:04.770 [AUDIT] actor= resource= action= result= corr= tenant= - DDL statement executed successfully {:adapter nil, :statement-preview CREATE INDEX IF NOT EXISTS idx_user_audit_log_action ON user_audit_log (action)}
2026-03-20 06:48:04.770 [AUDIT] actor= resource= action= result= corr= tenant= - DDL statement executed successfully {:adapter nil, :statement-preview CREATE INDEX IF NOT EXISTS idx_user_audit_log_result ON user_audit_log (result)}
2026-03-20 06:48:04.771 [AUDIT] actor= resource= action= result= corr= tenant= - DDL statement executed successfully {:adapter nil, :statement-preview CREATE INDEX IF NOT EXISTS idx_user_audit_log_created_at ON user_audit_log (created_at)}
2026-03-20 06:48:04.771 [AUDIT] actor= resource= action= result= corr= tenant= - Database schema initialization completed successfully {:dialect nil, :tables (auth_users users user_sessions user_audit_log)}
2026-03-20 06:48:04.771 [AUDIT] actor= resource= action= result= corr= tenant= - User module database schema initialized
2026-03-20 06:48:04.772 [AUDIT] actor= resource= action= result= corr= tenant= - Initializing user module routes (normalized format)
2026-03-20 06:48:04.867 [AUDIT] actor= resource= action= result= corr= tenant= - User module routes initialized successfully {:route-keys (:api :web :static), :api-count 9, :web-count 22}
2026-03-20 06:49:04.520 [AUDIT] actor= resource= action= result= corr= tenant= - Creating database connection pool {:adapter nil, :pool-size 5, :pool-name default-Pool}
2026-03-20 06:49:04.741 [AUDIT] actor= resource= action= result= corr= tenant= - SQLite PRAGMA initialization completed {:successful-pragmas 7, :failed-pragmas 0, :total-pragmas 7}
2026-03-20 06:49:04.742 [AUDIT] actor= resource= action= result= corr= tenant= - Database connection pool created successfully {:adapter nil, :pool-name default-Pool}
2026-03-20 06:49:04.742 [AUDIT] actor= resource= action= result= corr= tenant= - Created database context {:adapter nil}
2026-03-20 06:49:04.743 [AUDIT] actor= resource= action= result= corr= tenant= - Initializing audit repository
2026-03-20 06:49:04.743 [AUDIT] actor= resource= action= result= corr= tenant= - Audit repository initialized
2026-03-20 06:49:04.744 [AUDIT] actor= resource= action= result= corr= tenant= - Initializing user repository
2026-03-20 06:49:04.747 [AUDIT] actor= resource= action= result= corr= tenant= - User repository initialized
2026-03-20 06:49:04.748 [AUDIT] actor= resource= action= result= corr= tenant= - Initializing MFA service
2026-03-20 06:49:04.748 [AUDIT] actor= resource= action= result= corr= tenant= - MFA service initialized
2026-03-20 06:49:04.748 [AUDIT] actor= resource= action= result= corr= tenant= - Initializing session repository
2026-03-20 06:49:04.748 [AUDIT] actor= resource= action= result= corr= tenant= - Session repository initialized
2026-03-20 06:49:04.748 [AUDIT] actor= resource= action= result= corr= tenant= - Initializing authentication service
2026-03-20 06:49:04.748 [AUDIT] actor= resource= action= result= corr= tenant= - Authentication service initialized
2026-03-20 06:49:04.749 [AUDIT] actor= resource= action= result= corr= tenant= - Initializing user service {:cache-enabled? false}
2026-03-20 06:49:04.749 [AUDIT] actor= resource= action= result= corr= tenant= - User service initialized
2026-03-20 06:49:04.751 [AUDIT] actor= resource= action= result= corr= tenant= - Initializing user module database schema
2026-03-20 06:49:04.751 [AUDIT] actor= resource= action= result= corr= tenant= - Initializing user schema from Malli definitions (split-table architecture)
2026-03-20 06:49:04.752 [AUDIT] actor= resource= action= result= corr= tenant= - Initializing database schema from Malli definitions {:dialect nil, :tables (auth_users users user_sessions user_audit_log)}
2026-03-20 06:49:04.753 [AUDIT] actor= resource= action= result= corr= tenant= - DDL statement executed successfully {:adapter nil, :statement-preview CREATE TABLE IF NOT EXISTS auth_users (
  id UUID NOT NULL PRIMARY KEY,
  email VARCHAR(255) NOT NULL,
  password_hash VARCHAR(255) NOT NULL,
  active BOOLEAN NOT NULL DEFAULT true,
  mfa_enabled BOOLEAN,
  mfa_secret VARCHAR(255),
  mfa_backup_codes VARCHAR(255),
  mfa_backup_codes_used VARCHAR(255),
  mfa_enabled_at VARCHAR(255),
  failed_login_count INTEGER,
  lockout_until VARCHAR(255),
  created_at VARCHAR(255) NOT NULL,
  updated_at VARCHAR(255),
  deleted_at VARCHAR(255),
  CONSTRAINT uk_auth_users_email UNIQUE(email)
);}
2026-03-20 06:49:04.754 [AUDIT] actor= resource= action= result= corr= tenant= - DDL statement executed successfully {:adapter nil, :statement-preview CREATE TABLE IF NOT EXISTS users (
  id UUID NOT NULL PRIMARY KEY,
  tenant_id UUID,
  name VARCHAR(255) NOT NULL,
  role VARCHAR(50) NOT NULL CHECK(role IN ('admin', 'user', 'viewer')),
  avatar_url VARCHAR(255),
  login_count INTEGER,
  last_login VARCHAR(255),
  notifications_email BOOLEAN,
  notifications_push BOOLEAN,
  notifications_sms BOOLEAN,
  theme VARCHAR(50) CHECK(theme IN ('light', 'dark', 'auto')),
  language VARCHAR(255),
  timezone VARCHAR(255),
  date_format VARCHAR(50) CHECK(date_format IN ('iso', 'us', 'eu')),
  time_format VARCHAR(50) CHECK(time_format IN ('12h', '24h')),
  created_at VARCHAR(255) NOT NULL,
  updated_at VARCHAR(255),
  deleted_at VARCHAR(255)
);}
2026-03-20 06:49:04.754 [AUDIT] actor= resource= action= result= corr= tenant= - DDL statement executed successfully {:adapter nil, :statement-preview CREATE TABLE IF NOT EXISTS user_sessions (
  id UUID NOT NULL PRIMARY KEY,
  user_id UUID NOT NULL,
  session_token VARCHAR(255) NOT NULL,
  expires_at VARCHAR(255) NOT NULL,
  created_at VARCHAR(255) NOT NULL,
  last_accessed_at VARCHAR(255),
  revoked_at VARCHAR(255),
  user_agent VARCHAR(255),
  ip_address VARCHAR(255),
  CONSTRAINT uk_user_sessions_token UNIQUE(session_token)
);}
2026-03-20 06:49:04.754 [AUDIT] actor= resource= action= result= corr= tenant= - DDL statement executed successfully {:adapter nil, :statement-preview CREATE TABLE IF NOT EXISTS user_audit_log (
  id UUID NOT NULL PRIMARY KEY,
  action VARCHAR(50) NOT NULL CHECK(action IN ('create', 'update', 'delete', 'activate', 'deactivate', 'role-change', 'bulk-action', 'login', 'logout')),
  actor_id UUID,
  actor_email VARCHAR(255),
  target_user_id UUID NOT NULL,
  target_user_email VARCHAR(255) NOT NULL,
  changes JSONB,
  metadata JSONB,
  ip_address VARCHAR(255),
  user_agent VARCHAR(255),
  result VARCHAR(50) NOT NULL CHECK(result IN ('success', 'failure')),
  error_message VARCHAR(255),
  created_at VARCHAR(255) NOT NULL
);}
2026-03-20 06:49:04.755 [AUDIT] actor= resource= action= result= corr= tenant= - DDL statement executed successfully {:adapter nil, :statement-preview CREATE INDEX IF NOT EXISTS idx_auth_users_mfa_enabled_at ON auth_users (mfa_enabled_at)}
2026-03-20 06:49:04.755 [AUDIT] actor= resource= action= result= corr= tenant= - DDL statement executed successfully {:adapter nil, :statement-preview CREATE INDEX IF NOT EXISTS idx_auth_users_created_at ON auth_users (created_at)}
2026-03-20 06:49:04.755 [AUDIT] actor= resource= action= result= corr= tenant= - DDL statement executed successfully {:adapter nil, :statement-preview CREATE INDEX IF NOT EXISTS idx_auth_users_updated_at ON auth_users (updated_at)}
2026-03-20 06:49:04.755 [AUDIT] actor= resource= action= result= corr= tenant= - DDL statement executed successfully {:adapter nil, :statement-preview CREATE INDEX IF NOT EXISTS idx_auth_users_deleted_at ON auth_users (deleted_at)}
2026-03-20 06:49:04.755 [AUDIT] actor= resource= action= result= corr= tenant= - DDL statement executed successfully {:adapter nil, :statement-preview CREATE INDEX IF NOT EXISTS idx_auth_users_email ON auth_users (email)}
2026-03-20 06:49:04.755 [AUDIT] actor= resource= action= result= corr= tenant= - DDL statement executed successfully {:adapter nil, :statement-preview CREATE INDEX IF NOT EXISTS idx_auth_users_active ON auth_users (active)}
2026-03-20 06:49:04.756 [AUDIT] actor= resource= action= result= corr= tenant= - DDL statement executed successfully {:adapter nil, :statement-preview CREATE INDEX IF NOT EXISTS idx_users_tenant_id ON users (tenant_id)}
2026-03-20 06:49:04.756 [AUDIT] actor= resource= action= result= corr= tenant= - DDL statement executed successfully {:adapter nil, :statement-preview CREATE INDEX IF NOT EXISTS idx_users_role ON users (role)}
2026-03-20 06:49:04.756 [AUDIT] actor= resource= action= result= corr= tenant= - DDL statement executed successfully {:adapter nil, :statement-preview CREATE INDEX IF NOT EXISTS idx_users_theme ON users (theme)}
2026-03-20 06:49:04.756 [AUDIT] actor= resource= action= result= corr= tenant= - DDL statement executed successfully {:adapter nil, :statement-preview CREATE INDEX IF NOT EXISTS idx_users_date_format ON users (date_format)}
2026-03-20 06:49:04.756 [AUDIT] actor= resource= action= result= corr= tenant= - DDL statement executed successfully {:adapter nil, :statement-preview CREATE INDEX IF NOT EXISTS idx_users_time_format ON users (time_format)}
2026-03-20 06:49:04.756 [AUDIT] actor= resource= action= result= corr= tenant= - DDL statement executed successfully {:adapter nil, :statement-preview CREATE INDEX IF NOT EXISTS idx_users_created_at ON users (created_at)}
2026-03-20 06:49:04.756 [AUDIT] actor= resource= action= result= corr= tenant= - DDL statement executed successfully {:adapter nil, :statement-preview CREATE INDEX IF NOT EXISTS idx_users_updated_at ON users (updated_at)}
2026-03-20 06:49:04.756 [AUDIT] actor= resource= action= result= corr= tenant= - DDL statement executed successfully {:adapter nil, :statement-preview CREATE INDEX IF NOT EXISTS idx_users_deleted_at ON users (deleted_at)}
2026-03-20 06:49:04.756 [AUDIT] actor= resource= action= result= corr= tenant= - DDL statement executed successfully {:adapter nil, :statement-preview CREATE INDEX IF NOT EXISTS idx_users_role ON users (role)}
2026-03-20 06:49:04.757 [AUDIT] actor= resource= action= result= corr= tenant= - DDL statement executed successfully {:adapter nil, :statement-preview CREATE INDEX IF NOT EXISTS idx_user_sessions_user_id ON user_sessions (user_id)}
2026-03-20 06:49:04.757 [AUDIT] actor= resource= action= result= corr= tenant= - DDL statement executed successfully {:adapter nil, :statement-preview CREATE INDEX IF NOT EXISTS idx_user_sessions_expires_at ON user_sessions (expires_at)}
2026-03-20 06:49:04.757 [AUDIT] actor= resource= action= result= corr= tenant= - DDL statement executed successfully {:adapter nil, :statement-preview CREATE INDEX IF NOT EXISTS idx_user_sessions_created_at ON user_sessions (created_at)}
2026-03-20 06:49:04.757 [AUDIT] actor= resource= action= result= corr= tenant= - DDL statement executed successfully {:adapter nil, :statement-preview CREATE INDEX IF NOT EXISTS idx_user_sessions_last_accessed_at ON user_sessions (last_accessed_at)}
2026-03-20 06:49:04.757 [AUDIT] actor= resource= action= result= corr= tenant= - DDL statement executed successfully {:adapter nil, :statement-preview CREATE INDEX IF NOT EXISTS idx_user_sessions_revoked_at ON user_sessions (revoked_at)}
2026-03-20 06:49:04.757 [AUDIT] actor= resource= action= result= corr= tenant= - DDL statement executed successfully {:adapter nil, :statement-preview CREATE INDEX IF NOT EXISTS idx_sessions_token ON user_sessions (session_token)}
2026-03-20 06:49:04.757 [AUDIT] actor= resource= action= result= corr= tenant= - DDL statement executed successfully {:adapter nil, :statement-preview CREATE INDEX IF NOT EXISTS idx_sessions_expires_at ON user_sessions (expires_at)}
2026-03-20 06:49:04.757 [AUDIT] actor= resource= action= result= corr= tenant= - DDL statement executed successfully {:adapter nil, :statement-preview CREATE INDEX IF NOT EXISTS idx_user_audit_log_actor_id ON user_audit_log (actor_id)}
2026-03-20 06:49:04.757 [AUDIT] actor= resource= action= result= corr= tenant= - DDL statement executed successfully {:adapter nil, :statement-preview CREATE INDEX IF NOT EXISTS idx_user_audit_log_target_user_id ON user_audit_log (target_user_id)}
2026-03-20 06:49:04.758 [AUDIT] actor= resource= action= result= corr= tenant= - DDL statement executed successfully {:adapter nil, :statement-preview CREATE INDEX IF NOT EXISTS idx_user_audit_log_action ON user_audit_log (action)}
2026-03-20 06:49:04.758 [AUDIT] actor= resource= action= result= corr= tenant= - DDL statement executed successfully {:adapter nil, :statement-preview CREATE INDEX IF NOT EXISTS idx_user_audit_log_result ON user_audit_log (result)}
2026-03-20 06:49:04.758 [AUDIT] actor= resource= action= result= corr= tenant= - DDL statement executed successfully {:adapter nil, :statement-preview CREATE INDEX IF NOT EXISTS idx_user_audit_log_created_at ON user_audit_log (created_at)}
2026-03-20 06:49:04.758 [AUDIT] actor= resource= action= result= corr= tenant= - Database schema initialization completed successfully {:dialect nil, :tables (auth_users users user_sessions user_audit_log)}
2026-03-20 06:49:04.759 [AUDIT] actor= resource= action= result= corr= tenant= - User module database schema initialized
2026-03-20 06:49:04.759 [AUDIT] actor= resource= action= result= corr= tenant= - Initializing user module routes (normalized format)
2026-03-20 06:49:04.853 [AUDIT] actor= resource= action= result= corr= tenant= - User module routes initialized successfully {:route-keys (:api :web :static), :api-count 9, :web-count 22}
2026-03-20 06:49:14.027 [AUDIT] actor= resource= action= result= corr= tenant= - Creating database connection pool {:adapter nil, :pool-size 5, :pool-name default-Pool}
2026-03-20 06:49:14.213 [AUDIT] actor= resource= action= result= corr= tenant= - SQLite PRAGMA initialization completed {:successful-pragmas 7, :failed-pragmas 0, :total-pragmas 7}
2026-03-20 06:49:14.213 [AUDIT] actor= resource= action= result= corr= tenant= - Database connection pool created successfully {:adapter nil, :pool-name default-Pool}
2026-03-20 06:49:14.213 [AUDIT] actor= resource= action= result= corr= tenant= - Created database context {:adapter nil}
2026-03-20 06:49:14.215 [AUDIT] actor= resource= action= result= corr= tenant= - Initializing audit repository
2026-03-20 06:49:14.215 [AUDIT] actor= resource= action= result= corr= tenant= - Audit repository initialized
2026-03-20 06:49:14.215 [AUDIT] actor= resource= action= result= corr= tenant= - Initializing user repository
2026-03-20 06:49:14.218 [AUDIT] actor= resource= action= result= corr= tenant= - User repository initialized
2026-03-20 06:49:14.218 [AUDIT] actor= resource= action= result= corr= tenant= - Initializing MFA service
2026-03-20 06:49:14.218 [AUDIT] actor= resource= action= result= corr= tenant= - MFA service initialized
2026-03-20 06:49:14.219 [AUDIT] actor= resource= action= result= corr= tenant= - Initializing session repository
2026-03-20 06:49:14.219 [AUDIT] actor= resource= action= result= corr= tenant= - Session repository initialized
2026-03-20 06:49:14.219 [AUDIT] actor= resource= action= result= corr= tenant= - Initializing authentication service
2026-03-20 06:49:14.219 [AUDIT] actor= resource= action= result= corr= tenant= - Authentication service initialized
2026-03-20 06:49:14.219 [AUDIT] actor= resource= action= result= corr= tenant= - Initializing user service {:cache-enabled? false}
2026-03-20 06:49:14.219 [AUDIT] actor= resource= action= result= corr= tenant= - User service initialized
2026-03-20 06:49:14.221 [AUDIT] actor= resource= action= result= corr= tenant= - Initializing user module database schema
2026-03-20 06:49:14.221 [AUDIT] actor= resource= action= result= corr= tenant= - Initializing user schema from Malli definitions (split-table architecture)
2026-03-20 06:49:14.223 [AUDIT] actor= resource= action= result= corr= tenant= - Initializing database schema from Malli definitions {:dialect nil, :tables (auth_users users user_sessions user_audit_log)}
2026-03-20 06:49:14.223 [AUDIT] actor= resource= action= result= corr= tenant= - DDL statement executed successfully {:adapter nil, :statement-preview CREATE TABLE IF NOT EXISTS auth_users (
  id UUID NOT NULL PRIMARY KEY,
  email VARCHAR(255) NOT NULL,
  password_hash VARCHAR(255) NOT NULL,
  active BOOLEAN NOT NULL DEFAULT true,
  mfa_enabled BOOLEAN,
  mfa_secret VARCHAR(255),
  mfa_backup_codes VARCHAR(255),
  mfa_backup_codes_used VARCHAR(255),
  mfa_enabled_at VARCHAR(255),
  failed_login_count INTEGER,
  lockout_until VARCHAR(255),
  created_at VARCHAR(255) NOT NULL,
  updated_at VARCHAR(255),
  deleted_at VARCHAR(255),
  CONSTRAINT uk_auth_users_email UNIQUE(email)
);}
2026-03-20 06:49:14.224 [AUDIT] actor= resource= action= result= corr= tenant= - DDL statement executed successfully {:adapter nil, :statement-preview CREATE TABLE IF NOT EXISTS users (
  id UUID NOT NULL PRIMARY KEY,
  tenant_id UUID,
  name VARCHAR(255) NOT NULL,
  role VARCHAR(50) NOT NULL CHECK(role IN ('admin', 'user', 'viewer')),
  avatar_url VARCHAR(255),
  login_count INTEGER,
  last_login VARCHAR(255),
  notifications_email BOOLEAN,
  notifications_push BOOLEAN,
  notifications_sms BOOLEAN,
  theme VARCHAR(50) CHECK(theme IN ('light', 'dark', 'auto')),
  language VARCHAR(255),
  timezone VARCHAR(255),
  date_format VARCHAR(50) CHECK(date_format IN ('iso', 'us', 'eu')),
  time_format VARCHAR(50) CHECK(time_format IN ('12h', '24h')),
  created_at VARCHAR(255) NOT NULL,
  updated_at VARCHAR(255),
  deleted_at VARCHAR(255)
);}
2026-03-20 06:49:14.224 [AUDIT] actor= resource= action= result= corr= tenant= - DDL statement executed successfully {:adapter nil, :statement-preview CREATE TABLE IF NOT EXISTS user_sessions (
  id UUID NOT NULL PRIMARY KEY,
  user_id UUID NOT NULL,
  session_token VARCHAR(255) NOT NULL,
  expires_at VARCHAR(255) NOT NULL,
  created_at VARCHAR(255) NOT NULL,
  last_accessed_at VARCHAR(255),
  revoked_at VARCHAR(255),
  user_agent VARCHAR(255),
  ip_address VARCHAR(255),
  CONSTRAINT uk_user_sessions_token UNIQUE(session_token)
);}
2026-03-20 06:49:14.224 [AUDIT] actor= resource= action= result= corr= tenant= - DDL statement executed successfully {:adapter nil, :statement-preview CREATE TABLE IF NOT EXISTS user_audit_log (
  id UUID NOT NULL PRIMARY KEY,
  action VARCHAR(50) NOT NULL CHECK(action IN ('create', 'update', 'delete', 'activate', 'deactivate', 'role-change', 'bulk-action', 'login', 'logout')),
  actor_id UUID,
  actor_email VARCHAR(255),
  target_user_id UUID NOT NULL,
  target_user_email VARCHAR(255) NOT NULL,
  changes JSONB,
  metadata JSONB,
  ip_address VARCHAR(255),
  user_agent VARCHAR(255),
  result VARCHAR(50) NOT NULL CHECK(result IN ('success', 'failure')),
  error_message VARCHAR(255),
  created_at VARCHAR(255) NOT NULL
);}
2026-03-20 06:49:14.225 [AUDIT] actor= resource= action= result= corr= tenant= - DDL statement executed successfully {:adapter nil, :statement-preview CREATE INDEX IF NOT EXISTS idx_auth_users_mfa_enabled_at ON auth_users (mfa_enabled_at)}
2026-03-20 06:49:14.225 [AUDIT] actor= resource= action= result= corr= tenant= - DDL statement executed successfully {:adapter nil, :statement-preview CREATE INDEX IF NOT EXISTS idx_auth_users_created_at ON auth_users (created_at)}
2026-03-20 06:49:14.225 [AUDIT] actor= resource= action= result= corr= tenant= - DDL statement executed successfully {:adapter nil, :statement-preview CREATE INDEX IF NOT EXISTS idx_auth_users_updated_at ON auth_users (updated_at)}
2026-03-20 06:49:14.225 [AUDIT] actor= resource= action= result= corr= tenant= - DDL statement executed successfully {:adapter nil, :statement-preview CREATE INDEX IF NOT EXISTS idx_auth_users_deleted_at ON auth_users (deleted_at)}
2026-03-20 06:49:14.225 [AUDIT] actor= resource= action= result= corr= tenant= - DDL statement executed successfully {:adapter nil, :statement-preview CREATE INDEX IF NOT EXISTS idx_auth_users_email ON auth_users (email)}
2026-03-20 06:49:14.225 [AUDIT] actor= resource= action= result= corr= tenant= - DDL statement executed successfully {:adapter nil, :statement-preview CREATE INDEX IF NOT EXISTS idx_auth_users_active ON auth_users (active)}
2026-03-20 06:49:14.225 [AUDIT] actor= resource= action= result= corr= tenant= - DDL statement executed successfully {:adapter nil, :statement-preview CREATE INDEX IF NOT EXISTS idx_users_tenant_id ON users (tenant_id)}
2026-03-20 06:49:14.225 [AUDIT] actor= resource= action= result= corr= tenant= - DDL statement executed successfully {:adapter nil, :statement-preview CREATE INDEX IF NOT EXISTS idx_users_role ON users (role)}
2026-03-20 06:49:14.225 [AUDIT] actor= resource= action= result= corr= tenant= - DDL statement executed successfully {:adapter nil, :statement-preview CREATE INDEX IF NOT EXISTS idx_users_theme ON users (theme)}
2026-03-20 06:49:14.226 [AUDIT] actor= resource= action= result= corr= tenant= - DDL statement executed successfully {:adapter nil, :statement-preview CREATE INDEX IF NOT EXISTS idx_users_date_format ON users (date_format)}
2026-03-20 06:49:14.226 [AUDIT] actor= resource= action= result= corr= tenant= - DDL statement executed successfully {:adapter nil, :statement-preview CREATE INDEX IF NOT EXISTS idx_users_time_format ON users (time_format)}
2026-03-20 06:49:14.226 [AUDIT] actor= resource= action= result= corr= tenant= - DDL statement executed successfully {:adapter nil, :statement-preview CREATE INDEX IF NOT EXISTS idx_users_created_at ON users (created_at)}
2026-03-20 06:49:14.226 [AUDIT] actor= resource= action= result= corr= tenant= - DDL statement executed successfully {:adapter nil, :statement-preview CREATE INDEX IF NOT EXISTS idx_users_updated_at ON users (updated_at)}
2026-03-20 06:49:14.226 [AUDIT] actor= resource= action= result= corr= tenant= - DDL statement executed successfully {:adapter nil, :statement-preview CREATE INDEX IF NOT EXISTS idx_users_deleted_at ON users (deleted_at)}
2026-03-20 06:49:14.226 [AUDIT] actor= resource= action= result= corr= tenant= - DDL statement executed successfully {:adapter nil, :statement-preview CREATE INDEX IF NOT EXISTS idx_users_role ON users (role)}
2026-03-20 06:49:14.226 [AUDIT] actor= resource= action= result= corr= tenant= - DDL statement executed successfully {:adapter nil, :statement-preview CREATE INDEX IF NOT EXISTS idx_user_sessions_user_id ON user_sessions (user_id)}
2026-03-20 06:49:14.226 [AUDIT] actor= resource= action= result= corr= tenant= - DDL statement executed successfully {:adapter nil, :statement-preview CREATE INDEX IF NOT EXISTS idx_user_sessions_expires_at ON user_sessions (expires_at)}
2026-03-20 06:49:14.226 [AUDIT] actor= resource= action= result= corr= tenant= - DDL statement executed successfully {:adapter nil, :statement-preview CREATE INDEX IF NOT EXISTS idx_user_sessions_created_at ON user_sessions (created_at)}
2026-03-20 06:49:14.226 [AUDIT] actor= resource= action= result= corr= tenant= - DDL statement executed successfully {:adapter nil, :statement-preview CREATE INDEX IF NOT EXISTS idx_user_sessions_last_accessed_at ON user_sessions (last_accessed_at)}
2026-03-20 06:49:14.226 [AUDIT] actor= resource= action= result= corr= tenant= - DDL statement executed successfully {:adapter nil, :statement-preview CREATE INDEX IF NOT EXISTS idx_user_sessions_revoked_at ON user_sessions (revoked_at)}
2026-03-20 06:49:14.226 [AUDIT] actor= resource= action= result= corr= tenant= - DDL statement executed successfully {:adapter nil, :statement-preview CREATE INDEX IF NOT EXISTS idx_sessions_token ON user_sessions (session_token)}
2026-03-20 06:49:14.226 [AUDIT] actor= resource= action= result= corr= tenant= - DDL statement executed successfully {:adapter nil, :statement-preview CREATE INDEX IF NOT EXISTS idx_sessions_expires_at ON user_sessions (expires_at)}
2026-03-20 06:49:14.227 [AUDIT] actor= resource= action= result= corr= tenant= - DDL statement executed successfully {:adapter nil, :statement-preview CREATE INDEX IF NOT EXISTS idx_user_audit_log_actor_id ON user_audit_log (actor_id)}
2026-03-20 06:49:14.227 [AUDIT] actor= resource= action= result= corr= tenant= - DDL statement executed successfully {:adapter nil, :statement-preview CREATE INDEX IF NOT EXISTS idx_user_audit_log_target_user_id ON user_audit_log (target_user_id)}
2026-03-20 06:49:14.227 [AUDIT] actor= resource= action= result= corr= tenant= - DDL statement executed successfully {:adapter nil, :statement-preview CREATE INDEX IF NOT EXISTS idx_user_audit_log_action ON user_audit_log (action)}
2026-03-20 06:49:14.227 [AUDIT] actor= resource= action= result= corr= tenant= - DDL statement executed successfully {:adapter nil, :statement-preview CREATE INDEX IF NOT EXISTS idx_user_audit_log_result ON user_audit_log (result)}
2026-03-20 06:49:14.227 [AUDIT] actor= resource= action= result= corr= tenant= - DDL statement executed successfully {:adapter nil, :statement-preview CREATE INDEX IF NOT EXISTS idx_user_audit_log_created_at ON user_audit_log (created_at)}
2026-03-20 06:49:14.227 [AUDIT] actor= resource= action= result= corr= tenant= - Database schema initialization completed successfully {:dialect nil, :tables (auth_users users user_sessions user_audit_log)}
2026-03-20 06:49:14.228 [AUDIT] actor= resource= action= result= corr= tenant= - User module database schema initialized
2026-03-20 06:49:14.228 [AUDIT] actor= resource= action= result= corr= tenant= - Initializing user module routes (normalized format)
2026-03-20 06:49:14.322 [AUDIT] actor= resource= action= result= corr= tenant= - User module routes initialized successfully {:route-keys (:api :web :static), :api-count 9, :web-count 22}
2026-03-20 06:49:32.722 [AUDIT] actor= resource= action= result= corr= tenant= - User module routes halted (no cleanup needed)
2026-03-20 06:49:32.722 [AUDIT] actor= resource= action= result= corr= tenant= - User module database schema component halted
2026-03-20 06:49:32.722 [AUDIT] actor= resource= action= result= corr= tenant= - User service halted (no cleanup needed)
2026-03-20 06:49:32.722 [AUDIT] actor= resource= action= result= corr= tenant= - Authentication service halted (no cleanup needed)
2026-03-20 06:49:32.722 [AUDIT] actor= resource= action= result= corr= tenant= - Session repository halted (no cleanup needed)
2026-03-20 06:49:32.723 [AUDIT] actor= resource= action= result= corr= tenant= - MFA service halted (no cleanup needed)
2026-03-20 06:49:32.723 [AUDIT] actor= resource= action= result= corr= tenant= - User repository halted (no cleanup needed)
2026-03-20 06:49:32.723 [AUDIT] actor= resource= action= result= corr= tenant= - Audit repository halted (no cleanup needed)
2026-03-20 06:49:32.723 [AUDIT] actor= resource= action= result= corr= tenant= - Closing database context {:adapter nil}
2026-03-20 06:49:32.723 [AUDIT] actor= resource= action= result= corr= tenant= - Closing database connection pool {:pool-name default-Pool}
2026-03-20 06:49:32.724 [AUDIT] actor= resource= action= result= corr= tenant= - Database connection pool closed {:pool-name default-Pool}
2026-03-20 06:51:00.786 [AUDIT] actor= resource= action= result= corr= tenant= - Creating database connection pool {:adapter nil, :pool-size 5, :pool-name default-Pool}
2026-03-20 06:51:01.039 [AUDIT] actor= resource= action= result= corr= tenant= - SQLite PRAGMA initialization completed {:successful-pragmas 7, :failed-pragmas 0, :total-pragmas 7}
2026-03-20 06:51:01.039 [AUDIT] actor= resource= action= result= corr= tenant= - Database connection pool created successfully {:adapter nil, :pool-name default-Pool}
2026-03-20 06:51:01.039 [AUDIT] actor= resource= action= result= corr= tenant= - Created database context {:adapter nil}
2026-03-20 06:51:01.040 [AUDIT] actor= resource= action= result= corr= tenant= - Initializing audit repository
2026-03-20 06:51:01.041 [AUDIT] actor= resource= action= result= corr= tenant= - Audit repository initialized
2026-03-20 06:51:01.041 [AUDIT] actor= resource= action= result= corr= tenant= - Initializing user repository
2026-03-20 06:51:01.045 [AUDIT] actor= resource= action= result= corr= tenant= - User repository initialized
2026-03-20 06:51:01.046 [AUDIT] actor= resource= action= result= corr= tenant= - Initializing MFA service
2026-03-20 06:51:01.046 [AUDIT] actor= resource= action= result= corr= tenant= - MFA service initialized
2026-03-20 06:51:01.046 [AUDIT] actor= resource= action= result= corr= tenant= - Initializing session repository
2026-03-20 06:51:01.046 [AUDIT] actor= resource= action= result= corr= tenant= - Session repository initialized
2026-03-20 06:51:01.046 [AUDIT] actor= resource= action= result= corr= tenant= - Initializing authentication service
2026-03-20 06:51:01.047 [AUDIT] actor= resource= action= result= corr= tenant= - Authentication service initialized
2026-03-20 06:51:01.047 [AUDIT] actor= resource= action= result= corr= tenant= - Initializing user service {:cache-enabled? false}
2026-03-20 06:51:01.047 [AUDIT] actor= resource= action= result= corr= tenant= - User service initialized
2026-03-20 06:51:01.049 [AUDIT] actor= resource= action= result= corr= tenant= - Initializing user module database schema
2026-03-20 06:51:01.050 [AUDIT] actor= resource= action= result= corr= tenant= - Initializing user schema from Malli definitions (split-table architecture)
2026-03-20 06:51:01.051 [AUDIT] actor= resource= action= result= corr= tenant= - Initializing database schema from Malli definitions {:dialect nil, :tables (auth_users users user_sessions user_audit_log)}
2026-03-20 06:51:01.052 [AUDIT] actor= resource= action= result= corr= tenant= - DDL statement executed successfully {:adapter nil, :statement-preview CREATE TABLE IF NOT EXISTS auth_users (
  id UUID NOT NULL PRIMARY KEY,
  email VARCHAR(255) NOT NULL,
  password_hash VARCHAR(255) NOT NULL,
  active BOOLEAN NOT NULL DEFAULT true,
  mfa_enabled BOOLEAN,
  mfa_secret VARCHAR(255),
  mfa_backup_codes VARCHAR(255),
  mfa_backup_codes_used VARCHAR(255),
  mfa_enabled_at VARCHAR(255),
  failed_login_count INTEGER,
  lockout_until VARCHAR(255),
  created_at VARCHAR(255) NOT NULL,
  updated_at VARCHAR(255),
  deleted_at VARCHAR(255),
  CONSTRAINT uk_auth_users_email UNIQUE(email)
);}
2026-03-20 06:51:01.052 [AUDIT] actor= resource= action= result= corr= tenant= - DDL statement executed successfully {:adapter nil, :statement-preview CREATE TABLE IF NOT EXISTS users (
  id UUID NOT NULL PRIMARY KEY,
  tenant_id UUID,
  name VARCHAR(255) NOT NULL,
  role VARCHAR(50) NOT NULL CHECK(role IN ('admin', 'user', 'viewer')),
  avatar_url VARCHAR(255),
  login_count INTEGER,
  last_login VARCHAR(255),
  notifications_email BOOLEAN,
  notifications_push BOOLEAN,
  notifications_sms BOOLEAN,
  theme VARCHAR(50) CHECK(theme IN ('light', 'dark', 'auto')),
  language VARCHAR(255),
  timezone VARCHAR(255),
  date_format VARCHAR(50) CHECK(date_format IN ('iso', 'us', 'eu')),
  time_format VARCHAR(50) CHECK(time_format IN ('12h', '24h')),
  created_at VARCHAR(255) NOT NULL,
  updated_at VARCHAR(255),
  deleted_at VARCHAR(255)
);}
2026-03-20 06:51:01.053 [AUDIT] actor= resource= action= result= corr= tenant= - DDL statement executed successfully {:adapter nil, :statement-preview CREATE TABLE IF NOT EXISTS user_sessions (
  id UUID NOT NULL PRIMARY KEY,
  user_id UUID NOT NULL,
  session_token VARCHAR(255) NOT NULL,
  expires_at VARCHAR(255) NOT NULL,
  created_at VARCHAR(255) NOT NULL,
  last_accessed_at VARCHAR(255),
  revoked_at VARCHAR(255),
  user_agent VARCHAR(255),
  ip_address VARCHAR(255),
  CONSTRAINT uk_user_sessions_token UNIQUE(session_token)
);}
2026-03-20 06:51:01.053 [AUDIT] actor= resource= action= result= corr= tenant= - DDL statement executed successfully {:adapter nil, :statement-preview CREATE TABLE IF NOT EXISTS user_audit_log (
  id UUID NOT NULL PRIMARY KEY,
  action VARCHAR(50) NOT NULL CHECK(action IN ('create', 'update', 'delete', 'activate', 'deactivate', 'role-change', 'bulk-action', 'login', 'logout')),
  actor_id UUID,
  actor_email VARCHAR(255),
  target_user_id UUID NOT NULL,
  target_user_email VARCHAR(255) NOT NULL,
  changes JSONB,
  metadata JSONB,
  ip_address VARCHAR(255),
  user_agent VARCHAR(255),
  result VARCHAR(50) NOT NULL CHECK(result IN ('success', 'failure')),
  error_message VARCHAR(255),
  created_at VARCHAR(255) NOT NULL
);}
2026-03-20 06:51:01.053 [AUDIT] actor= resource= action= result= corr= tenant= - DDL statement executed successfully {:adapter nil, :statement-preview CREATE INDEX IF NOT EXISTS idx_auth_users_mfa_enabled_at ON auth_users (mfa_enabled_at)}
2026-03-20 06:51:01.054 [AUDIT] actor= resource= action= result= corr= tenant= - DDL statement executed successfully {:adapter nil, :statement-preview CREATE INDEX IF NOT EXISTS idx_auth_users_created_at ON auth_users (created_at)}
2026-03-20 06:51:01.054 [AUDIT] actor= resource= action= result= corr= tenant= - DDL statement executed successfully {:adapter nil, :statement-preview CREATE INDEX IF NOT EXISTS idx_auth_users_updated_at ON auth_users (updated_at)}
2026-03-20 06:51:01.054 [AUDIT] actor= resource= action= result= corr= tenant= - DDL statement executed successfully {:adapter nil, :statement-preview CREATE INDEX IF NOT EXISTS idx_auth_users_deleted_at ON auth_users (deleted_at)}
2026-03-20 06:51:01.054 [AUDIT] actor= resource= action= result= corr= tenant= - DDL statement executed successfully {:adapter nil, :statement-preview CREATE INDEX IF NOT EXISTS idx_auth_users_email ON auth_users (email)}
2026-03-20 06:51:01.054 [AUDIT] actor= resource= action= result= corr= tenant= - DDL statement executed successfully {:adapter nil, :statement-preview CREATE INDEX IF NOT EXISTS idx_auth_users_active ON auth_users (active)}
2026-03-20 06:51:01.054 [AUDIT] actor= resource= action= result= corr= tenant= - DDL statement executed successfully {:adapter nil, :statement-preview CREATE INDEX IF NOT EXISTS idx_users_tenant_id ON users (tenant_id)}
2026-03-20 06:51:01.055 [AUDIT] actor= resource= action= result= corr= tenant= - DDL statement executed successfully {:adapter nil, :statement-preview CREATE INDEX IF NOT EXISTS idx_users_role ON users (role)}
2026-03-20 06:51:01.055 [AUDIT] actor= resource= action= result= corr= tenant= - DDL statement executed successfully {:adapter nil, :statement-preview CREATE INDEX IF NOT EXISTS idx_users_theme ON users (theme)}
2026-03-20 06:51:01.055 [AUDIT] actor= resource= action= result= corr= tenant= - DDL statement executed successfully {:adapter nil, :statement-preview CREATE INDEX IF NOT EXISTS idx_users_date_format ON users (date_format)}
2026-03-20 06:51:01.055 [AUDIT] actor= resource= action= result= corr= tenant= - DDL statement executed successfully {:adapter nil, :statement-preview CREATE INDEX IF NOT EXISTS idx_users_time_format ON users (time_format)}
2026-03-20 06:51:01.055 [AUDIT] actor= resource= action= result= corr= tenant= - DDL statement executed successfully {:adapter nil, :statement-preview CREATE INDEX IF NOT EXISTS idx_users_created_at ON users (created_at)}
2026-03-20 06:51:01.055 [AUDIT] actor= resource= action= result= corr= tenant= - DDL statement executed successfully {:adapter nil, :statement-preview CREATE INDEX IF NOT EXISTS idx_users_updated_at ON users (updated_at)}
2026-03-20 06:51:01.055 [AUDIT] actor= resource= action= result= corr= tenant= - DDL statement executed successfully {:adapter nil, :statement-preview CREATE INDEX IF NOT EXISTS idx_users_deleted_at ON users (deleted_at)}
2026-03-20 06:51:01.055 [AUDIT] actor= resource= action= result= corr= tenant= - DDL statement executed successfully {:adapter nil, :statement-preview CREATE INDEX IF NOT EXISTS idx_users_role ON users (role)}
2026-03-20 06:51:01.055 [AUDIT] actor= resource= action= result= corr= tenant= - DDL statement executed successfully {:adapter nil, :statement-preview CREATE INDEX IF NOT EXISTS idx_user_sessions_user_id ON user_sessions (user_id)}
2026-03-20 06:51:01.056 [AUDIT] actor= resource= action= result= corr= tenant= - DDL statement executed successfully {:adapter nil, :statement-preview CREATE INDEX IF NOT EXISTS idx_user_sessions_expires_at ON user_sessions (expires_at)}
2026-03-20 06:51:01.056 [AUDIT] actor= resource= action= result= corr= tenant= - DDL statement executed successfully {:adapter nil, :statement-preview CREATE INDEX IF NOT EXISTS idx_user_sessions_created_at ON user_sessions (created_at)}
2026-03-20 06:51:01.056 [AUDIT] actor= resource= action= result= corr= tenant= - DDL statement executed successfully {:adapter nil, :statement-preview CREATE INDEX IF NOT EXISTS idx_user_sessions_last_accessed_at ON user_sessions (last_accessed_at)}
2026-03-20 06:51:01.056 [AUDIT] actor= resource= action= result= corr= tenant= - DDL statement executed successfully {:adapter nil, :statement-preview CREATE INDEX IF NOT EXISTS idx_user_sessions_revoked_at ON user_sessions (revoked_at)}
2026-03-20 06:51:01.056 [AUDIT] actor= resource= action= result= corr= tenant= - DDL statement executed successfully {:adapter nil, :statement-preview CREATE INDEX IF NOT EXISTS idx_sessions_token ON user_sessions (session_token)}
2026-03-20 06:51:01.056 [AUDIT] actor= resource= action= result= corr= tenant= - DDL statement executed successfully {:adapter nil, :statement-preview CREATE INDEX IF NOT EXISTS idx_sessions_expires_at ON user_sessions (expires_at)}
2026-03-20 06:51:01.056 [AUDIT] actor= resource= action= result= corr= tenant= - DDL statement executed successfully {:adapter nil, :statement-preview CREATE INDEX IF NOT EXISTS idx_user_audit_log_actor_id ON user_audit_log (actor_id)}
2026-03-20 06:51:01.057 [AUDIT] actor= resource= action= result= corr= tenant= - DDL statement executed successfully {:adapter nil, :statement-preview CREATE INDEX IF NOT EXISTS idx_user_audit_log_target_user_id ON user_audit_log (target_user_id)}
2026-03-20 06:51:01.057 [AUDIT] actor= resource= action= result= corr= tenant= - DDL statement executed successfully {:adapter nil, :statement-preview CREATE INDEX IF NOT EXISTS idx_user_audit_log_action ON user_audit_log (action)}
2026-03-20 06:51:01.057 [AUDIT] actor= resource= action= result= corr= tenant= - DDL statement executed successfully {:adapter nil, :statement-preview CREATE INDEX IF NOT EXISTS idx_user_audit_log_result ON user_audit_log (result)}
2026-03-20 06:51:01.057 [AUDIT] actor= resource= action= result= corr= tenant= - DDL statement executed successfully {:adapter nil, :statement-preview CREATE INDEX IF NOT EXISTS idx_user_audit_log_created_at ON user_audit_log (created_at)}
2026-03-20 06:51:01.057 [AUDIT] actor= resource= action= result= corr= tenant= - Database schema initialization completed successfully {:dialect nil, :tables (auth_users users user_sessions user_audit_log)}
2026-03-20 06:51:01.058 [AUDIT] actor= resource= action= result= corr= tenant= - User module database schema initialized
2026-03-20 06:51:01.058 [AUDIT] actor= resource= action= result= corr= tenant= - Initializing user module routes (normalized format)
2026-03-20 06:51:01.147 [AUDIT] actor= resource= action= result= corr= tenant= - User module routes initialized successfully {:route-keys (:api :web :static), :api-count 9, :web-count 22}
2026-03-20 06:51:18.270 [AUDIT] actor= resource= action= result= corr= tenant= - User module routes halted (no cleanup needed)
2026-03-20 06:51:18.270 [AUDIT] actor= resource= action= result= corr= tenant= - User module database schema component halted
2026-03-20 06:51:18.270 [AUDIT] actor= resource= action= result= corr= tenant= - User service halted (no cleanup needed)
2026-03-20 06:51:18.270 [AUDIT] actor= resource= action= result= corr= tenant= - Authentication service halted (no cleanup needed)
2026-03-20 06:51:18.271 [AUDIT] actor= resource= action= result= corr= tenant= - Session repository halted (no cleanup needed)
2026-03-20 06:51:18.271 [AUDIT] actor= resource= action= result= corr= tenant= - MFA service halted (no cleanup needed)
2026-03-20 06:51:18.271 [AUDIT] actor= resource= action= result= corr= tenant= - User repository halted (no cleanup needed)
2026-03-20 06:51:18.271 [AUDIT] actor= resource= action= result= corr= tenant= - Audit repository halted (no cleanup needed)
2026-03-20 06:51:18.271 [AUDIT] actor= resource= action= result= corr= tenant= - Closing database context {:adapter nil}
2026-03-20 06:51:18.272 [AUDIT] actor= resource= action= result= corr= tenant= - Closing database connection pool {:pool-name default-Pool}
2026-03-20 06:51:18.273 [AUDIT] actor= resource= action= result= corr= tenant= - Database connection pool closed {:pool-name default-Pool}
2026-03-20 06:52:23.643 [AUDIT] actor= resource= action= result= corr= tenant= - Creating database connection pool {:adapter nil, :pool-size 5, :pool-name default-Pool}
2026-03-20 06:52:23.883 [AUDIT] actor= resource= action= result= corr= tenant= - SQLite PRAGMA initialization completed {:successful-pragmas 7, :failed-pragmas 0, :total-pragmas 7}
2026-03-20 06:52:23.883 [AUDIT] actor= resource= action= result= corr= tenant= - Database connection pool created successfully {:adapter nil, :pool-name default-Pool}
2026-03-20 06:52:23.883 [AUDIT] actor= resource= action= result= corr= tenant= - Created database context {:adapter nil}
2026-03-20 06:52:23.885 [AUDIT] actor= resource= action= result= corr= tenant= - Initializing audit repository
2026-03-20 06:52:23.885 [AUDIT] actor= resource= action= result= corr= tenant= - Audit repository initialized
2026-03-20 06:52:23.885 [AUDIT] actor= resource= action= result= corr= tenant= - Initializing user repository
2026-03-20 06:52:23.889 [AUDIT] actor= resource= action= result= corr= tenant= - User repository initialized
2026-03-20 06:52:23.889 [AUDIT] actor= resource= action= result= corr= tenant= - Initializing MFA service
2026-03-20 06:52:23.889 [AUDIT] actor= resource= action= result= corr= tenant= - MFA service initialized
2026-03-20 06:52:23.890 [AUDIT] actor= resource= action= result= corr= tenant= - Initializing session repository
2026-03-20 06:52:23.890 [AUDIT] actor= resource= action= result= corr= tenant= - Session repository initialized
2026-03-20 06:52:23.890 [AUDIT] actor= resource= action= result= corr= tenant= - Initializing authentication service
2026-03-20 06:52:23.890 [AUDIT] actor= resource= action= result= corr= tenant= - Authentication service initialized
2026-03-20 06:52:23.890 [AUDIT] actor= resource= action= result= corr= tenant= - Initializing user service {:cache-enabled? false}
2026-03-20 06:52:23.891 [AUDIT] actor= resource= action= result= corr= tenant= - User service initialized
2026-03-20 06:52:23.893 [AUDIT] actor= resource= action= result= corr= tenant= - Initializing user module database schema
2026-03-20 06:52:23.893 [AUDIT] actor= resource= action= result= corr= tenant= - Initializing user schema from Malli definitions (split-table architecture)
2026-03-20 06:52:23.894 [AUDIT] actor= resource= action= result= corr= tenant= - Initializing database schema from Malli definitions {:dialect nil, :tables (auth_users users user_sessions user_audit_log)}
2026-03-20 06:52:23.895 [AUDIT] actor= resource= action= result= corr= tenant= - DDL statement executed successfully {:adapter nil, :statement-preview CREATE TABLE IF NOT EXISTS auth_users (
  id UUID NOT NULL PRIMARY KEY,
  email VARCHAR(255) NOT NULL,
  password_hash VARCHAR(255) NOT NULL,
  active BOOLEAN NOT NULL DEFAULT true,
  mfa_enabled BOOLEAN,
  mfa_secret VARCHAR(255),
  mfa_backup_codes VARCHAR(255),
  mfa_backup_codes_used VARCHAR(255),
  mfa_enabled_at VARCHAR(255),
  failed_login_count INTEGER,
  lockout_until VARCHAR(255),
  created_at VARCHAR(255) NOT NULL,
  updated_at VARCHAR(255),
  deleted_at VARCHAR(255),
  CONSTRAINT uk_auth_users_email UNIQUE(email)
);}
2026-03-20 06:52:23.895 [AUDIT] actor= resource= action= result= corr= tenant= - DDL statement executed successfully {:adapter nil, :statement-preview CREATE TABLE IF NOT EXISTS users (
  id UUID NOT NULL PRIMARY KEY,
  tenant_id UUID,
  name VARCHAR(255) NOT NULL,
  role VARCHAR(50) NOT NULL CHECK(role IN ('admin', 'user', 'viewer')),
  avatar_url VARCHAR(255),
  login_count INTEGER,
  last_login VARCHAR(255),
  notifications_email BOOLEAN,
  notifications_push BOOLEAN,
  notifications_sms BOOLEAN,
  theme VARCHAR(50) CHECK(theme IN ('light', 'dark', 'auto')),
  language VARCHAR(255),
  timezone VARCHAR(255),
  date_format VARCHAR(50) CHECK(date_format IN ('iso', 'us', 'eu')),
  time_format VARCHAR(50) CHECK(time_format IN ('12h', '24h')),
  created_at VARCHAR(255) NOT NULL,
  updated_at VARCHAR(255),
  deleted_at VARCHAR(255)
);}
2026-03-20 06:52:23.896 [AUDIT] actor= resource= action= result= corr= tenant= - DDL statement executed successfully {:adapter nil, :statement-preview CREATE TABLE IF NOT EXISTS user_sessions (
  id UUID NOT NULL PRIMARY KEY,
  user_id UUID NOT NULL,
  session_token VARCHAR(255) NOT NULL,
  expires_at VARCHAR(255) NOT NULL,
  created_at VARCHAR(255) NOT NULL,
  last_accessed_at VARCHAR(255),
  revoked_at VARCHAR(255),
  user_agent VARCHAR(255),
  ip_address VARCHAR(255),
  CONSTRAINT uk_user_sessions_token UNIQUE(session_token)
);}
2026-03-20 06:52:23.896 [AUDIT] actor= resource= action= result= corr= tenant= - DDL statement executed successfully {:adapter nil, :statement-preview CREATE TABLE IF NOT EXISTS user_audit_log (
  id UUID NOT NULL PRIMARY KEY,
  action VARCHAR(50) NOT NULL CHECK(action IN ('create', 'update', 'delete', 'activate', 'deactivate', 'role-change', 'bulk-action', 'login', 'logout')),
  actor_id UUID,
  actor_email VARCHAR(255),
  target_user_id UUID NOT NULL,
  target_user_email VARCHAR(255) NOT NULL,
  changes JSONB,
  metadata JSONB,
  ip_address VARCHAR(255),
  user_agent VARCHAR(255),
  result VARCHAR(50) NOT NULL CHECK(result IN ('success', 'failure')),
  error_message VARCHAR(255),
  created_at VARCHAR(255) NOT NULL
);}
2026-03-20 06:52:23.896 [AUDIT] actor= resource= action= result= corr= tenant= - DDL statement executed successfully {:adapter nil, :statement-preview CREATE INDEX IF NOT EXISTS idx_auth_users_mfa_enabled_at ON auth_users (mfa_enabled_at)}
2026-03-20 06:52:23.897 [AUDIT] actor= resource= action= result= corr= tenant= - DDL statement executed successfully {:adapter nil, :statement-preview CREATE INDEX IF NOT EXISTS idx_auth_users_created_at ON auth_users (created_at)}
2026-03-20 06:52:23.897 [AUDIT] actor= resource= action= result= corr= tenant= - DDL statement executed successfully {:adapter nil, :statement-preview CREATE INDEX IF NOT EXISTS idx_auth_users_updated_at ON auth_users (updated_at)}
2026-03-20 06:52:23.897 [AUDIT] actor= resource= action= result= corr= tenant= - DDL statement executed successfully {:adapter nil, :statement-preview CREATE INDEX IF NOT EXISTS idx_auth_users_deleted_at ON auth_users (deleted_at)}
2026-03-20 06:52:23.897 [AUDIT] actor= resource= action= result= corr= tenant= - DDL statement executed successfully {:adapter nil, :statement-preview CREATE INDEX IF NOT EXISTS idx_auth_users_email ON auth_users (email)}
2026-03-20 06:52:23.897 [AUDIT] actor= resource= action= result= corr= tenant= - DDL statement executed successfully {:adapter nil, :statement-preview CREATE INDEX IF NOT EXISTS idx_auth_users_active ON auth_users (active)}
2026-03-20 06:52:23.897 [AUDIT] actor= resource= action= result= corr= tenant= - DDL statement executed successfully {:adapter nil, :statement-preview CREATE INDEX IF NOT EXISTS idx_users_tenant_id ON users (tenant_id)}
2026-03-20 06:52:23.897 [AUDIT] actor= resource= action= result= corr= tenant= - DDL statement executed successfully {:adapter nil, :statement-preview CREATE INDEX IF NOT EXISTS idx_users_role ON users (role)}
2026-03-20 06:52:23.897 [AUDIT] actor= resource= action= result= corr= tenant= - DDL statement executed successfully {:adapter nil, :statement-preview CREATE INDEX IF NOT EXISTS idx_users_theme ON users (theme)}
2026-03-20 06:52:23.898 [AUDIT] actor= resource= action= result= corr= tenant= - DDL statement executed successfully {:adapter nil, :statement-preview CREATE INDEX IF NOT EXISTS idx_users_date_format ON users (date_format)}
2026-03-20 06:52:23.898 [AUDIT] actor= resource= action= result= corr= tenant= - DDL statement executed successfully {:adapter nil, :statement-preview CREATE INDEX IF NOT EXISTS idx_users_time_format ON users (time_format)}
2026-03-20 06:52:23.898 [AUDIT] actor= resource= action= result= corr= tenant= - DDL statement executed successfully {:adapter nil, :statement-preview CREATE INDEX IF NOT EXISTS idx_users_created_at ON users (created_at)}
2026-03-20 06:52:23.898 [AUDIT] actor= resource= action= result= corr= tenant= - DDL statement executed successfully {:adapter nil, :statement-preview CREATE INDEX IF NOT EXISTS idx_users_updated_at ON users (updated_at)}
2026-03-20 06:52:23.898 [AUDIT] actor= resource= action= result= corr= tenant= - DDL statement executed successfully {:adapter nil, :statement-preview CREATE INDEX IF NOT EXISTS idx_users_deleted_at ON users (deleted_at)}
2026-03-20 06:52:23.898 [AUDIT] actor= resource= action= result= corr= tenant= - DDL statement executed successfully {:adapter nil, :statement-preview CREATE INDEX IF NOT EXISTS idx_users_role ON users (role)}
2026-03-20 06:52:23.898 [AUDIT] actor= resource= action= result= corr= tenant= - DDL statement executed successfully {:adapter nil, :statement-preview CREATE INDEX IF NOT EXISTS idx_user_sessions_user_id ON user_sessions (user_id)}
2026-03-20 06:52:23.898 [AUDIT] actor= resource= action= result= corr= tenant= - DDL statement executed successfully {:adapter nil, :statement-preview CREATE INDEX IF NOT EXISTS idx_user_sessions_expires_at ON user_sessions (expires_at)}
2026-03-20 06:52:23.898 [AUDIT] actor= resource= action= result= corr= tenant= - DDL statement executed successfully {:adapter nil, :statement-preview CREATE INDEX IF NOT EXISTS idx_user_sessions_created_at ON user_sessions (created_at)}
2026-03-20 06:52:23.898 [AUDIT] actor= resource= action= result= corr= tenant= - DDL statement executed successfully {:adapter nil, :statement-preview CREATE INDEX IF NOT EXISTS idx_user_sessions_last_accessed_at ON user_sessions (last_accessed_at)}
2026-03-20 06:52:23.898 [AUDIT] actor= resource= action= result= corr= tenant= - DDL statement executed successfully {:adapter nil, :statement-preview CREATE INDEX IF NOT EXISTS idx_user_sessions_revoked_at ON user_sessions (revoked_at)}
2026-03-20 06:52:23.898 [AUDIT] actor= resource= action= result= corr= tenant= - DDL statement executed successfully {:adapter nil, :statement-preview CREATE INDEX IF NOT EXISTS idx_sessions_token ON user_sessions (session_token)}
2026-03-20 06:52:23.899 [AUDIT] actor= resource= action= result= corr= tenant= - DDL statement executed successfully {:adapter nil, :statement-preview CREATE INDEX IF NOT EXISTS idx_sessions_expires_at ON user_sessions (expires_at)}
2026-03-20 06:52:23.899 [AUDIT] actor= resource= action= result= corr= tenant= - DDL statement executed successfully {:adapter nil, :statement-preview CREATE INDEX IF NOT EXISTS idx_user_audit_log_actor_id ON user_audit_log (actor_id)}
2026-03-20 06:52:23.899 [AUDIT] actor= resource= action= result= corr= tenant= - DDL statement executed successfully {:adapter nil, :statement-preview CREATE INDEX IF NOT EXISTS idx_user_audit_log_target_user_id ON user_audit_log (target_user_id)}
2026-03-20 06:52:23.899 [AUDIT] actor= resource= action= result= corr= tenant= - DDL statement executed successfully {:adapter nil, :statement-preview CREATE INDEX IF NOT EXISTS idx_user_audit_log_action ON user_audit_log (action)}
2026-03-20 06:52:23.899 [AUDIT] actor= resource= action= result= corr= tenant= - DDL statement executed successfully {:adapter nil, :statement-preview CREATE INDEX IF NOT EXISTS idx_user_audit_log_result ON user_audit_log (result)}
2026-03-20 06:52:23.899 [AUDIT] actor= resource= action= result= corr= tenant= - DDL statement executed successfully {:adapter nil, :statement-preview CREATE INDEX IF NOT EXISTS idx_user_audit_log_created_at ON user_audit_log (created_at)}
2026-03-20 06:52:23.899 [AUDIT] actor= resource= action= result= corr= tenant= - Database schema initialization completed successfully {:dialect nil, :tables (auth_users users user_sessions user_audit_log)}
2026-03-20 06:52:23.900 [AUDIT] actor= resource= action= result= corr= tenant= - User module database schema initialized
2026-03-20 06:52:23.900 [AUDIT] actor= resource= action= result= corr= tenant= - Initializing user module routes (normalized format)
2026-03-20 06:52:23.995 [AUDIT] actor= resource= action= result= corr= tenant= - User module routes initialized successfully {:route-keys (:api :web :static), :api-count 9, :web-count 22}
2026-03-20 06:52:28.126 [AUDIT] actor= resource= action= result= corr= tenant= - Processing authentication request {:uri /web/admin/products, :method :get, :has-session true, :has-bearer false, :cookies (session-token Idea-2e373df0), :session-token-value 8zMLuj7C}
2026-03-20 06:52:28.126 [AUDIT] actor= resource= action= result= corr= tenant= - Attempting session authentication {:token-preview 8zMLuj7C}
2026-03-20 06:52:28.126 [AUDIT] actor= resource= action= result= corr= tenant= - Validating session token {:session-token 8zMLuj7CtBK7tt3cEhWi4hBd3A+S4Ju6F0jhHT+wCZs=, :uri /web/admin/products}
2026-03-20 06:52:28.129 [AUDIT] actor= resource= action= result= corr= tenant= - Database operation successful: find-session-by-token {:session-token 8zMLuj7CtBK7tt3cEhWi4hBd3A+S4Ju6F0jhHT+wCZs=, :duration-ms 1.434667}
2026-03-20 06:52:28.129 [AUDIT] actor= resource= action= result= corr= tenant= - Session invalid or expired {:session-token 8zMLuj7CtBK7tt3cEhWi4hBd3A+S4Ju6F0jhHT+wCZs=}
2026-03-20 06:52:42.769 [AUDIT] actor= resource= action= result= corr= tenant= - Authentication attempt {:email admin@ex.nl, :ip [0:0:0:0:0:0:0:1]}
2026-03-20 06:52:42.774 [AUDIT] actor= resource= action= result= corr= tenant= - Database operation successful: find-user-by-email {:email admin@ex.nl, :duration-ms 3.65175}
2026-03-20 06:52:42.776 [AUDIT] actor= resource= action= result= corr= tenant= - Database operation successful: find-user-by-email {:email admin@ex.nl, :duration-ms 1.372333}
2026-03-20 06:52:42.776 [AUDIT] actor= resource= action= result= corr= tenant= - Login attempt {:email admin@ex.nl, :authenticated false, :result-keys (:authenticated :reason :message :retry-after), :ip-address [0:0:0:0:0:0:0:1], :user-agent Mozilla/5.0 (Macintosh; Intel Mac OS X 10_15_7) AppleWebKit/605.1.15 (KHTML, like Gecko) Version/26.3.1 Safari/605.1.15}
2026-03-20 06:52:42.777 [AUDIT] actor= resource= action= result= corr= tenant= - Login failed {:email admin@ex.nl, :reason :authentication-failed, :message nil}
2026-03-20 06:53:14.303 [AUDIT] actor= resource= action= result= corr= tenant= - Database operation successful: find-user-by-email {:email ff@ex.nl, :duration-ms 1.654709}
2026-03-20 06:53:14.558 [AUDIT] actor= resource= action= result= corr= tenant= - Database operation successful: create-user {:user-entity {:role :user, :updated-at nil, :email ff@ex.nl, :name Admin, :password-hash bcrypt+sha512$f156bffee13eda51163d4cfd3d2f8768$12$9403d44363e5899d396da8f96f76ce00ff141484abbbb11e, :deleted-at nil, :active true, :id #uuid "e56d35a6-c848-4225-8c30-adf2adc7b6cb", :created-at #object[java.time.Instant 0x58f74a5e 2026-03-20T05:53:14.551915Z]}, :duration-ms 5.031458}
2026-03-20 06:53:14.560 [AUDIT] actor= resource= action= result= corr= tenant= - Database operation successful: create-audit-log {:audit-entity {:actor-email system, :user-agent nil, :target-user-id #uuid "d5fa63dd-4d30-4f4f-9237-6df5ae005e6d", :actor-id nil, :result :success, :target-user-email ff@ex.nl, :changes {:created true}, :action :create, :metadata {:role user, :active true}, :ip-address nil}, :duration-ms 1.902667}
2026-03-20 06:53:14.560 [AUDIT] actor= resource= action= result= corr= tenant= - Authentication attempt {:email ff@ex.nl, :ip [0:0:0:0:0:0:0:1]}
2026-03-20 06:53:14.562 [AUDIT] actor= resource= action= result= corr= tenant= - Database operation successful: find-user-by-email {:email ff@ex.nl, :duration-ms 1.669459}
2026-03-20 06:53:14.769 [AUDIT] actor= resource= action= result= corr= tenant= - Database operation successful: find-sessions-by-user {:user-id #uuid "d5fa63dd-4d30-4f4f-9237-6df5ae005e6d", :duration-ms 0.773334}
2026-03-20 06:53:14.771 [AUDIT] actor= resource= action= result= corr= tenant= - Database operation successful: update-user {:user-entity {:role :user, :updated-at nil, :email ff@ex.nl, :timezone nil, :notifications-sms false, :name Admin, :mfa-enabled-at nil, :avatar-url nil, :password-hash bcrypt+sha512$f156bffee13eda51163d4cfd3d2f8768$12$9403d44363e5899d396da8f96f76ce00ff141484abbbb11e, :mfa-backup-codes-used nil, :time-format nil, :last-login #object[java.time.Instant 0x8b1b497 2026-03-20T05:53:14.560559Z], :lockout-until nil, :deleted-at nil, :notifications-push false, :date-format nil, :theme nil, :login-count 1, :language nil, :mfa-secret nil, :active true, :id #uuid "d5fa63dd-4d30-4f4f-9237-6df5ae005e6d", :failed-login-count 0, :notifications-email false, :mfa-backup-codes nil, :mfa-enabled nil, :created-at #object[java.time.Instant 0x596aaec9 2026-03-20T05:53:14.552596Z], :tenant-id nil}, :duration-ms 1.052875}
2026-03-20 06:53:14.773 [AUDIT] actor= resource= action= result= corr= tenant= - Database operation successful: create-session {:session-entity {:user-id #uuid "d5fa63dd-4d30-4f4f-9237-6df5ae005e6d", :session-token aLxy1AJ7P4oN8nxlZx82bQ8ovUHHuO6Z2oUejYitrsI=, :expires-at #object[java.time.Instant 0x1e6d2b15 2026-03-21T05:53:14.560559Z], :user-agent Mozilla/5.0 (Macintosh; Intel Mac OS X 10_15_7) AppleWebKit/605.1.15 (KHTML, like Gecko) Version/26.3.1 Safari/605.1.15, :ip-address [0:0:0:0:0:0:0:1]}, :duration-ms 0.271334}
2026-03-20 06:53:14.773 [AUDIT] actor= resource= action= result= corr= tenant= - Authentication successful {:email ff@ex.nl, :risk-score 50, :mfa-used nil, :session-duration 24}
2026-03-20 06:53:14.773 [AUDIT] actor= resource= action= result= corr= tenant= - Database operation successful: create-audit-log {:audit-entity {:actor-email ff@ex.nl, :user-agent Mozilla/5.0 (Macintosh; Intel Mac OS X 10_15_7) AppleWebKit/605.1.15 (KHTML, like Gecko) Version/26.3.1 Safari/605.1.15, :target-user-id #uuid "d5fa63dd-4d30-4f4f-9237-6df5ae005e6d", :actor-id #uuid "d5fa63dd-4d30-4f4f-9237-6df5ae005e6d", :result :success, :target-user-email ff@ex.nl, :action :login, :error-message nil, :ip-address [0:0:0:0:0:0:0:1]}, :duration-ms 0.217084}
2026-03-20 06:53:14.782 [AUDIT] actor= resource= action= result= corr= tenant= - Processing authentication request {:uri /web/profile, :method :get, :has-session true, :has-bearer false, :cookies (session-token Idea-2e373df0), :session-token-value aLxy1AJ7}
2026-03-20 06:53:14.782 [AUDIT] actor= resource= action= result= corr= tenant= - Attempting session authentication {:token-preview aLxy1AJ7}
2026-03-20 06:53:14.782 [AUDIT] actor= resource= action= result= corr= tenant= - Validating session token {:session-token aLxy1AJ7P4oN8nxlZx82bQ8ovUHHuO6Z2oUejYitrsI=, :uri /web/profile}
2026-03-20 06:53:14.783 [AUDIT] actor= resource= action= result= corr= tenant= - Database operation successful: find-session-by-token {:session-token aLxy1AJ7P4oN8nxlZx82bQ8ovUHHuO6Z2oUejYitrsI=, :duration-ms 0.488541}
2026-03-20 06:53:14.783 [AUDIT] actor= resource= action= result= corr= tenant= - Database operation successful: update-session {:session-entity {:expires-at #object[java.time.Instant 0x57d7a147 2026-03-21T05:53:14.560559Z], :user-agent Mozilla/5.0 (Macintosh; Intel Mac OS X 10_15_7) AppleWebKit/605.1.15 (KHTML, like Gecko) Version/26.3.1 Safari/605.1.15, :session-token aLxy1AJ7P4oN8nxlZx82bQ8ovUHHuO6Z2oUejYitrsI=, :user-id #uuid "d5fa63dd-4d30-4f4f-9237-6df5ae005e6d", :last-accessed-at #object[java.time.Instant 0x1f488fb5 2026-03-20T05:53:14.783481Z], :id #uuid "36c4e937-b108-4009-8812-b60e65bbe528", :revoked-at nil, :created-at #object[java.time.Instant 0x1c6c7afe 2026-03-20T05:53:14.772936Z], :ip-address [0:0:0:0:0:0:0:1]}, :duration-ms 0.224833}
2026-03-20 06:53:14.784 [AUDIT] actor= resource= action= result= corr= tenant= - Session validation successful {:user-id #uuid "d5fa63dd-4d30-4f4f-9237-6df5ae005e6d"}
2026-03-20 06:53:14.784 [AUDIT] actor= resource= action= result= corr= tenant= - Database operation successful: find-user-by-id {:user-id #uuid "d5fa63dd-4d30-4f4f-9237-6df5ae005e6d", :duration-ms 0.560042}
2026-03-20 06:53:14.785 [AUDIT] actor= resource= action= result= corr= tenant= - Database operation successful: find-user-by-id {:user-id #uuid "d5fa63dd-4d30-4f4f-9237-6df5ae005e6d", :duration-ms 0.42075}
2026-03-20 06:53:14.785 [AUDIT] actor= resource= action= result= corr= tenant= - Database operation successful: find-user-by-id {:user-id #uuid "d5fa63dd-4d30-4f4f-9237-6df5ae005e6d", :duration-ms 0.472084}
2026-03-20 06:53:39.822 [AUDIT] actor= resource= action= result= corr= tenant= - Processing authentication request {:uri /web/profile/edit, :method :get, :has-session true, :has-bearer false, :cookies (session-token Idea-2e373df0), :session-token-value aLxy1AJ7}
2026-03-20 06:53:39.823 [AUDIT] actor= resource= action= result= corr= tenant= - Attempting session authentication {:token-preview aLxy1AJ7}
2026-03-20 06:53:39.823 [AUDIT] actor= resource= action= result= corr= tenant= - Validating session token {:session-token aLxy1AJ7P4oN8nxlZx82bQ8ovUHHuO6Z2oUejYitrsI=, :uri /web/profile/edit}
2026-03-20 06:53:39.826 [AUDIT] actor= resource= action= result= corr= tenant= - Database operation successful: find-session-by-token {:session-token aLxy1AJ7P4oN8nxlZx82bQ8ovUHHuO6Z2oUejYitrsI=, :duration-ms 2.606375}
2026-03-20 06:53:39.828 [AUDIT] actor= resource= action= result= corr= tenant= - Database operation successful: update-session {:session-entity {:expires-at #object[java.time.Instant 0x7a7af6e1 2026-03-21T05:53:14.560559Z], :user-agent Mozilla/5.0 (Macintosh; Intel Mac OS X 10_15_7) AppleWebKit/605.1.15 (KHTML, like Gecko) Version/26.3.1 Safari/605.1.15, :session-token aLxy1AJ7P4oN8nxlZx82bQ8ovUHHuO6Z2oUejYitrsI=, :user-id #uuid "d5fa63dd-4d30-4f4f-9237-6df5ae005e6d", :last-accessed-at #object[java.time.Instant 0x3d70d2c0 2026-03-20T05:53:39.826801Z], :id #uuid "36c4e937-b108-4009-8812-b60e65bbe528", :revoked-at nil, :created-at #object[java.time.Instant 0x2b54467c 2026-03-20T05:53:14.772936Z], :ip-address [0:0:0:0:0:0:0:1]}, :duration-ms 0.867958}
2026-03-20 06:53:39.828 [AUDIT] actor= resource= action= result= corr= tenant= - Session validation successful {:user-id #uuid "d5fa63dd-4d30-4f4f-9237-6df5ae005e6d"}
2026-03-20 06:53:39.830 [AUDIT] actor= resource= action= result= corr= tenant= - Database operation successful: find-user-by-id {:user-id #uuid "d5fa63dd-4d30-4f4f-9237-6df5ae005e6d", :duration-ms 1.557}
2026-03-20 06:53:39.832 [AUDIT] actor= resource= action= result= corr= tenant= - Database operation successful: find-user-by-id {:user-id #uuid "d5fa63dd-4d30-4f4f-9237-6df5ae005e6d", :duration-ms 1.704958}
2026-03-20 06:55:28.215 [AUDIT] actor= resource= action= result= corr= tenant= - Processing authentication request {:uri /web/profile, :method :get, :has-session true, :has-bearer false, :cookies (session-token Idea-2e373df0), :session-token-value aLxy1AJ7}
2026-03-20 06:55:28.216 [AUDIT] actor= resource= action= result= corr= tenant= - Attempting session authentication {:token-preview aLxy1AJ7}
2026-03-20 06:55:28.216 [AUDIT] actor= resource= action= result= corr= tenant= - Validating session token {:session-token aLxy1AJ7P4oN8nxlZx82bQ8ovUHHuO6Z2oUejYitrsI=, :uri /web/profile}
2026-03-20 06:55:28.220 [AUDIT] actor= resource= action= result= corr= tenant= - Database operation successful: find-session-by-token {:session-token aLxy1AJ7P4oN8nxlZx82bQ8ovUHHuO6Z2oUejYitrsI=, :duration-ms 1.536834}
2026-03-20 06:55:28.220 [AUDIT] actor= resource= action= result= corr= tenant= - Database operation successful: update-session {:session-entity {:expires-at #object[java.time.Instant 0x10725848 2026-03-21T05:53:14.560559Z], :user-agent Mozilla/5.0 (Macintosh; Intel Mac OS X 10_15_7) AppleWebKit/605.1.15 (KHTML, like Gecko) Version/26.3.1 Safari/605.1.15, :session-token aLxy1AJ7P4oN8nxlZx82bQ8ovUHHuO6Z2oUejYitrsI=, :user-id #uuid "d5fa63dd-4d30-4f4f-9237-6df5ae005e6d", :last-accessed-at #object[java.time.Instant 0x144dce9e 2026-03-20T05:55:28.220123Z], :id #uuid "36c4e937-b108-4009-8812-b60e65bbe528", :revoked-at nil, :created-at #object[java.time.Instant 0x514f5273 2026-03-20T05:53:14.772936Z], :ip-address [0:0:0:0:0:0:0:1]}, :duration-ms 0.443792}
2026-03-20 06:55:28.220 [AUDIT] actor= resource= action= result= corr= tenant= - Session validation successful {:user-id #uuid "d5fa63dd-4d30-4f4f-9237-6df5ae005e6d"}
2026-03-20 06:55:28.222 [AUDIT] actor= resource= action= result= corr= tenant= - Database operation successful: find-user-by-id {:user-id #uuid "d5fa63dd-4d30-4f4f-9237-6df5ae005e6d", :duration-ms 1.460791}
2026-03-20 06:55:28.223 [AUDIT] actor= resource= action= result= corr= tenant= - Database operation successful: find-user-by-id {:user-id #uuid "d5fa63dd-4d30-4f4f-9237-6df5ae005e6d", :duration-ms 1.030416}
2026-03-20 06:55:28.225 [AUDIT] actor= resource= action= result= corr= tenant= - Database operation successful: find-user-by-id {:user-id #uuid "d5fa63dd-4d30-4f4f-9237-6df5ae005e6d", :duration-ms 0.925542}
2026-03-20 06:55:35.831 [AUDIT] actor= resource= action= result= corr= tenant= - Processing authentication request {:uri /web/audit, :method :get, :has-session true, :has-bearer false, :cookies (session-token Idea-2e373df0), :session-token-value aLxy1AJ7}
2026-03-20 06:55:35.832 [AUDIT] actor= resource= action= result= corr= tenant= - Attempting session authentication {:token-preview aLxy1AJ7}
2026-03-20 06:55:35.832 [AUDIT] actor= resource= action= result= corr= tenant= - Validating session token {:session-token aLxy1AJ7P4oN8nxlZx82bQ8ovUHHuO6Z2oUejYitrsI=, :uri /web/audit}
2026-03-20 06:55:35.835 [AUDIT] actor= resource= action= result= corr= tenant= - Database operation successful: find-session-by-token {:session-token aLxy1AJ7P4oN8nxlZx82bQ8ovUHHuO6Z2oUejYitrsI=, :duration-ms 2.479458}
2026-03-20 06:55:35.836 [AUDIT] actor= resource= action= result= corr= tenant= - Database operation successful: update-session {:session-entity {:expires-at #object[java.time.Instant 0x7a93dcaa 2026-03-21T05:53:14.560559Z], :user-agent Mozilla/5.0 (Macintosh; Intel Mac OS X 10_15_7) AppleWebKit/605.1.15 (KHTML, like Gecko) Version/26.3.1 Safari/605.1.15, :session-token aLxy1AJ7P4oN8nxlZx82bQ8ovUHHuO6Z2oUejYitrsI=, :user-id #uuid "d5fa63dd-4d30-4f4f-9237-6df5ae005e6d", :last-accessed-at #object[java.time.Instant 0x7902ab8f 2026-03-20T05:55:35.835343Z], :id #uuid "36c4e937-b108-4009-8812-b60e65bbe528", :revoked-at nil, :created-at #object[java.time.Instant 0x3db708b9 2026-03-20T05:53:14.772936Z], :ip-address [0:0:0:0:0:0:0:1]}, :duration-ms 1.042959}
2026-03-20 06:55:35.837 [AUDIT] actor= resource= action= result= corr= tenant= - Session validation successful {:user-id #uuid "d5fa63dd-4d30-4f4f-9237-6df5ae005e6d"}
2026-03-20 06:55:35.839 [AUDIT] actor= resource= action= result= corr= tenant= - Database operation successful: find-user-by-id {:user-id #uuid "d5fa63dd-4d30-4f4f-9237-6df5ae005e6d", :duration-ms 2.006417}
2026-03-20 06:55:35.842 [AUDIT] actor= resource= action= result= corr= tenant= - Database operation successful: find-audit-logs {:options {:limit 50, :offset 0, :sort-by :created-at, :sort-direction :desc}, :duration-ms 1.364583}
2026-03-20 06:55:39.568 [AUDIT] actor= resource= action= result= corr= tenant= - Processing authentication request {:uri /web/dashboard, :method :get, :has-session true, :has-bearer false, :cookies (session-token Idea-2e373df0), :session-token-value aLxy1AJ7}
2026-03-20 06:55:39.569 [AUDIT] actor= resource= action= result= corr= tenant= - Attempting session authentication {:token-preview aLxy1AJ7}
2026-03-20 06:55:39.569 [AUDIT] actor= resource= action= result= corr= tenant= - Validating session token {:session-token aLxy1AJ7P4oN8nxlZx82bQ8ovUHHuO6Z2oUejYitrsI=, :uri /web/dashboard}
2026-03-20 06:55:39.571 [AUDIT] actor= resource= action= result= corr= tenant= - Database operation successful: find-session-by-token {:session-token aLxy1AJ7P4oN8nxlZx82bQ8ovUHHuO6Z2oUejYitrsI=, :duration-ms 1.90775}
2026-03-20 06:55:39.572 [AUDIT] actor= resource= action= result= corr= tenant= - Database operation successful: update-session {:session-entity {:expires-at #object[java.time.Instant 0x62660761 2026-03-21T05:53:14.560559Z], :user-agent Mozilla/5.0 (Macintosh; Intel Mac OS X 10_15_7) AppleWebKit/605.1.15 (KHTML, like Gecko) Version/26.3.1 Safari/605.1.15, :session-token aLxy1AJ7P4oN8nxlZx82bQ8ovUHHuO6Z2oUejYitrsI=, :user-id #uuid "d5fa63dd-4d30-4f4f-9237-6df5ae005e6d", :last-accessed-at #object[java.time.Instant 0x60d4a37d 2026-03-20T05:55:39.571594Z], :id #uuid "36c4e937-b108-4009-8812-b60e65bbe528", :revoked-at nil, :created-at #object[java.time.Instant 0x1a17a8c7 2026-03-20T05:53:14.772936Z], :ip-address [0:0:0:0:0:0:0:1]}, :duration-ms 0.7415}
2026-03-20 06:55:39.572 [AUDIT] actor= resource= action= result= corr= tenant= - Session validation successful {:user-id #uuid "d5fa63dd-4d30-4f4f-9237-6df5ae005e6d"}
2026-03-20 06:55:39.574 [AUDIT] actor= resource= action= result= corr= tenant= - Database operation successful: find-user-by-id {:user-id #uuid "d5fa63dd-4d30-4f4f-9237-6df5ae005e6d", :duration-ms 1.3685}
2026-03-20 06:55:39.575 [AUDIT] actor= resource= action= result= corr= tenant= - Database operation successful: find-sessions-by-user {:user-id #uuid "d5fa63dd-4d30-4f4f-9237-6df5ae005e6d", :duration-ms 0.838541}
2026-03-20 06:55:39.578 [AUDIT] actor= resource= action= result= corr= tenant= - Database operation successful: find-user-by-id {:user-id #uuid "d5fa63dd-4d30-4f4f-9237-6df5ae005e6d", :duration-ms 1.833833}
2026-03-20 06:55:41.916 [AUDIT] actor= resource= action= result= corr= tenant= - Processing authentication request {:uri /web/admin/, :method :get, :has-session true, :has-bearer false, :cookies (session-token Idea-2e373df0), :session-token-value aLxy1AJ7}
2026-03-20 06:55:41.916 [AUDIT] actor= resource= action= result= corr= tenant= - Attempting session authentication {:token-preview aLxy1AJ7}
2026-03-20 06:55:41.916 [AUDIT] actor= resource= action= result= corr= tenant= - Validating session token {:session-token aLxy1AJ7P4oN8nxlZx82bQ8ovUHHuO6Z2oUejYitrsI=, :uri /web/admin/}
2026-03-20 06:55:41.920 [AUDIT] actor= resource= action= result= corr= tenant= - Database operation successful: find-session-by-token {:session-token aLxy1AJ7P4oN8nxlZx82bQ8ovUHHuO6Z2oUejYitrsI=, :duration-ms 3.30875}
2026-03-20 06:55:41.921 [AUDIT] actor= resource= action= result= corr= tenant= - Database operation successful: update-session {:session-entity {:expires-at #object[java.time.Instant 0x777c2b95 2026-03-21T05:53:14.560559Z], :user-agent Mozilla/5.0 (Macintosh; Intel Mac OS X 10_15_7) AppleWebKit/605.1.15 (KHTML, like Gecko) Version/26.3.1 Safari/605.1.15, :session-token aLxy1AJ7P4oN8nxlZx82bQ8ovUHHuO6Z2oUejYitrsI=, :user-id #uuid "d5fa63dd-4d30-4f4f-9237-6df5ae005e6d", :last-accessed-at #object[java.time.Instant 0x26085d3e 2026-03-20T05:55:41.920645Z], :id #uuid "36c4e937-b108-4009-8812-b60e65bbe528", :revoked-at nil, :created-at #object[java.time.Instant 0x43b9295a 2026-03-20T05:53:14.772936Z], :ip-address [0:0:0:0:0:0:0:1]}, :duration-ms 0.565459}
2026-03-20 06:55:41.921 [AUDIT] actor= resource= action= result= corr= tenant= - Session validation successful {:user-id #uuid "d5fa63dd-4d30-4f4f-9237-6df5ae005e6d"}
2026-03-20 06:55:41.923 [AUDIT] actor= resource= action= result= corr= tenant= - Database operation successful: find-user-by-id {:user-id #uuid "d5fa63dd-4d30-4f4f-9237-6df5ae005e6d", :duration-ms 1.412917}
2026-03-20 06:55:41.923 [AUDIT] actor= resource= action= result= corr= tenant= - After require-admin-user! {:user-email ff@ex.nl}
2026-03-20 06:55:41.924 [AUDIT] actor= resource= action= result= corr= tenant= - Redirecting to first entity {:entity :orders}
2026-03-20 06:55:41.938 [AUDIT] actor= resource= action= result= corr= tenant= - Processing authentication request {:uri /web/admin/orders, :method :get, :has-session true, :has-bearer false, :cookies (session-token Idea-2e373df0), :session-token-value aLxy1AJ7}
2026-03-20 06:55:41.938 [AUDIT] actor= resource= action= result= corr= tenant= - Attempting session authentication {:token-preview aLxy1AJ7}
2026-03-20 06:55:41.938 [AUDIT] actor= resource= action= result= corr= tenant= - Validating session token {:session-token aLxy1AJ7P4oN8nxlZx82bQ8ovUHHuO6Z2oUejYitrsI=, :uri /web/admin/orders}
2026-03-20 06:55:41.941 [AUDIT] actor= resource= action= result= corr= tenant= - Database operation successful: find-session-by-token {:session-token aLxy1AJ7P4oN8nxlZx82bQ8ovUHHuO6Z2oUejYitrsI=, :duration-ms 1.879834}
2026-03-20 06:55:41.942 [AUDIT] actor= resource= action= result= corr= tenant= - Database operation successful: update-session {:session-entity {:expires-at #object[java.time.Instant 0x344a9d9a 2026-03-21T05:53:14.560559Z], :user-agent Mozilla/5.0 (Macintosh; Intel Mac OS X 10_15_7) AppleWebKit/605.1.15 (KHTML, like Gecko) Version/26.3.1 Safari/605.1.15, :session-token aLxy1AJ7P4oN8nxlZx82bQ8ovUHHuO6Z2oUejYitrsI=, :user-id #uuid "d5fa63dd-4d30-4f4f-9237-6df5ae005e6d", :last-accessed-at #object[java.time.Instant 0x64d61a40 2026-03-20T05:55:41.941572Z], :id #uuid "36c4e937-b108-4009-8812-b60e65bbe528", :revoked-at nil, :created-at #object[java.time.Instant 0x2c25f266 2026-03-20T05:53:14.772936Z], :ip-address [0:0:0:0:0:0:0:1]}, :duration-ms 0.737292}
2026-03-20 06:55:41.943 [AUDIT] actor= resource= action= result= corr= tenant= - Session validation successful {:user-id #uuid "d5fa63dd-4d30-4f4f-9237-6df5ae005e6d"}
2026-03-20 06:55:41.944 [AUDIT] actor= resource= action= result= corr= tenant= - Database operation successful: find-user-by-id {:user-id #uuid "d5fa63dd-4d30-4f4f-9237-6df5ae005e6d", :duration-ms 1.628875}
2026-03-20 06:55:41.953 [AUDIT] actor= resource= action= result= corr= tenant= - Database operation successful: admin-list-entities {:entity orders, :limit nil, :offset nil, :duration-ms 2.547708}
2026-03-20 06:55:44.133 [AUDIT] actor= resource= action= result= corr= tenant= - Processing authentication request {:uri /web/admin/products, :method :get, :has-session true, :has-bearer false, :cookies (session-token Idea-2e373df0), :session-token-value aLxy1AJ7}
2026-03-20 06:55:44.133 [AUDIT] actor= resource= action= result= corr= tenant= - Attempting session authentication {:token-preview aLxy1AJ7}
2026-03-20 06:55:44.133 [AUDIT] actor= resource= action= result= corr= tenant= - Validating session token {:session-token aLxy1AJ7P4oN8nxlZx82bQ8ovUHHuO6Z2oUejYitrsI=, :uri /web/admin/products}
2026-03-20 06:55:44.135 [AUDIT] actor= resource= action= result= corr= tenant= - Database operation successful: find-session-by-token {:session-token aLxy1AJ7P4oN8nxlZx82bQ8ovUHHuO6Z2oUejYitrsI=, :duration-ms 1.692208}
2026-03-20 06:55:44.136 [AUDIT] actor= resource= action= result= corr= tenant= - Database operation successful: update-session {:session-entity {:expires-at #object[java.time.Instant 0x1d297b32 2026-03-21T05:53:14.560559Z], :user-agent Mozilla/5.0 (Macintosh; Intel Mac OS X 10_15_7) AppleWebKit/605.1.15 (KHTML, like Gecko) Version/26.3.1 Safari/605.1.15, :session-token aLxy1AJ7P4oN8nxlZx82bQ8ovUHHuO6Z2oUejYitrsI=, :user-id #uuid "d5fa63dd-4d30-4f4f-9237-6df5ae005e6d", :last-accessed-at #object[java.time.Instant 0x26745c85 2026-03-20T05:55:44.135682Z], :id #uuid "36c4e937-b108-4009-8812-b60e65bbe528", :revoked-at nil, :created-at #object[java.time.Instant 0x2f1a9991 2026-03-20T05:53:14.772936Z], :ip-address [0:0:0:0:0:0:0:1]}, :duration-ms 0.634125}
2026-03-20 06:55:44.136 [AUDIT] actor= resource= action= result= corr= tenant= - Session validation successful {:user-id #uuid "d5fa63dd-4d30-4f4f-9237-6df5ae005e6d"}
2026-03-20 06:55:44.139 [AUDIT] actor= resource= action= result= corr= tenant= - Database operation successful: find-user-by-id {:user-id #uuid "d5fa63dd-4d30-4f4f-9237-6df5ae005e6d", :duration-ms 2.213166}
2026-03-20 06:55:44.141 [AUDIT] actor= resource= action= result= corr= tenant= - Database operation successful: admin-list-entities {:entity products, :limit nil, :offset nil, :duration-ms 1.355083}
2026-03-20 06:55:46.254 [AUDIT] actor= resource= action= result= corr= tenant= - Processing authentication request {:uri /web/admin/products/11111111-1111-1111-1111-111111111111, :method :get, :has-session true, :has-bearer false, :cookies (session-token Idea-2e373df0), :session-token-value aLxy1AJ7}
2026-03-20 06:55:46.254 [AUDIT] actor= resource= action= result= corr= tenant= - Attempting session authentication {:token-preview aLxy1AJ7}
2026-03-20 06:55:46.255 [AUDIT] actor= resource= action= result= corr= tenant= - Validating session token {:session-token aLxy1AJ7P4oN8nxlZx82bQ8ovUHHuO6Z2oUejYitrsI=, :uri /web/admin/products/11111111-1111-1111-1111-111111111111}
2026-03-20 06:55:46.257 [AUDIT] actor= resource= action= result= corr= tenant= - Database operation successful: find-session-by-token {:session-token aLxy1AJ7P4oN8nxlZx82bQ8ovUHHuO6Z2oUejYitrsI=, :duration-ms 2.028583}
2026-03-20 06:55:46.258 [AUDIT] actor= resource= action= result= corr= tenant= - Database operation successful: update-session {:session-entity {:expires-at #object[java.time.Instant 0x3263ecc5 2026-03-21T05:53:14.560559Z], :user-agent Mozilla/5.0 (Macintosh; Intel Mac OS X 10_15_7) AppleWebKit/605.1.15 (KHTML, like Gecko) Version/26.3.1 Safari/605.1.15, :session-token aLxy1AJ7P4oN8nxlZx82bQ8ovUHHuO6Z2oUejYitrsI=, :user-id #uuid "d5fa63dd-4d30-4f4f-9237-6df5ae005e6d", :last-accessed-at #object[java.time.Instant 0x955a1bc 2026-03-20T05:55:46.257704Z], :id #uuid "36c4e937-b108-4009-8812-b60e65bbe528", :revoked-at nil, :created-at #object[java.time.Instant 0x15916652 2026-03-20T05:53:14.772936Z], :ip-address [0:0:0:0:0:0:0:1]}, :duration-ms 0.714375}
2026-03-20 06:55:46.258 [AUDIT] actor= resource= action= result= corr= tenant= - Session validation successful {:user-id #uuid "d5fa63dd-4d30-4f4f-9237-6df5ae005e6d"}
2026-03-20 06:55:46.260 [AUDIT] actor= resource= action= result= corr= tenant= - Database operation successful: find-user-by-id {:user-id #uuid "d5fa63dd-4d30-4f4f-9237-6df5ae005e6d", :duration-ms 1.061458}
2026-03-20 06:55:46.263 [AUDIT] actor= resource= action= result= corr= tenant= - Database operation successful: admin-get-entity {:entity products, :id #uuid "11111111-1111-1111-1111-111111111111", :duration-ms 1.147292}
2026-03-20 06:56:01.317 [AUDIT] actor= resource= action= result= corr= tenant= - Processing authentication request {:uri /web/admin/products/22222222-2222-2222-2222-222222222222, :method :get, :has-session true, :has-bearer false, :cookies (session-token Idea-2e373df0), :session-token-value aLxy1AJ7}
2026-03-20 06:56:01.317 [AUDIT] actor= resource= action= result= corr= tenant= - Attempting session authentication {:token-preview aLxy1AJ7}
2026-03-20 06:56:01.317 [AUDIT] actor= resource= action= result= corr= tenant= - Validating session token {:session-token aLxy1AJ7P4oN8nxlZx82bQ8ovUHHuO6Z2oUejYitrsI=, :uri /web/admin/products/22222222-2222-2222-2222-222222222222}
2026-03-20 06:56:01.320 [AUDIT] actor= resource= action= result= corr= tenant= - Database operation successful: find-session-by-token {:session-token aLxy1AJ7P4oN8nxlZx82bQ8ovUHHuO6Z2oUejYitrsI=, :duration-ms 1.89375}
2026-03-20 06:56:01.321 [AUDIT] actor= resource= action= result= corr= tenant= - Database operation successful: update-session {:session-entity {:expires-at #object[java.time.Instant 0x56448c82 2026-03-21T05:53:14.560559Z], :user-agent Mozilla/5.0 (Macintosh; Intel Mac OS X 10_15_7) AppleWebKit/605.1.15 (KHTML, like Gecko) Version/26.3.1 Safari/605.1.15, :session-token aLxy1AJ7P4oN8nxlZx82bQ8ovUHHuO6Z2oUejYitrsI=, :user-id #uuid "d5fa63dd-4d30-4f4f-9237-6df5ae005e6d", :last-accessed-at #object[java.time.Instant 0x47a7ff13 2026-03-20T05:56:01.320144Z], :id #uuid "36c4e937-b108-4009-8812-b60e65bbe528", :revoked-at nil, :created-at #object[java.time.Instant 0x510264ba 2026-03-20T05:53:14.772936Z], :ip-address [0:0:0:0:0:0:0:1]}, :duration-ms 0.738625}
2026-03-20 06:56:01.321 [AUDIT] actor= resource= action= result= corr= tenant= - Session validation successful {:user-id #uuid "d5fa63dd-4d30-4f4f-9237-6df5ae005e6d"}
2026-03-20 06:56:01.323 [AUDIT] actor= resource= action= result= corr= tenant= - Database operation successful: find-user-by-id {:user-id #uuid "d5fa63dd-4d30-4f4f-9237-6df5ae005e6d", :duration-ms 1.273542}
2026-03-20 06:56:01.325 [AUDIT] actor= resource= action= result= corr= tenant= - Database operation successful: admin-get-entity {:entity products, :id #uuid "22222222-2222-2222-2222-222222222222", :duration-ms 0.936666}
2026-03-20 06:56:18.022 [AUDIT] actor= resource= action= result= corr= tenant= - Processing authentication request {:uri /web/admin/orders, :method :get, :has-session true, :has-bearer false, :cookies (session-token Idea-2e373df0), :session-token-value aLxy1AJ7}
2026-03-20 06:56:18.023 [AUDIT] actor= resource= action= result= corr= tenant= - Attempting session authentication {:token-preview aLxy1AJ7}
2026-03-20 06:56:18.023 [AUDIT] actor= resource= action= result= corr= tenant= - Validating session token {:session-token aLxy1AJ7P4oN8nxlZx82bQ8ovUHHuO6Z2oUejYitrsI=, :uri /web/admin/orders}
2026-03-20 06:56:18.025 [AUDIT] actor= resource= action= result= corr= tenant= - Database operation successful: find-session-by-token {:session-token aLxy1AJ7P4oN8nxlZx82bQ8ovUHHuO6Z2oUejYitrsI=, :duration-ms 1.760958}
2026-03-20 06:56:18.026 [AUDIT] actor= resource= action= result= corr= tenant= - Database operation successful: update-session {:session-entity {:expires-at #object[java.time.Instant 0x1aeb20b3 2026-03-21T05:53:14.560559Z], :user-agent Mozilla/5.0 (Macintosh; Intel Mac OS X 10_15_7) AppleWebKit/605.1.15 (KHTML, like Gecko) Version/26.3.1 Safari/605.1.15, :session-token aLxy1AJ7P4oN8nxlZx82bQ8ovUHHuO6Z2oUejYitrsI=, :user-id #uuid "d5fa63dd-4d30-4f4f-9237-6df5ae005e6d", :last-accessed-at #object[java.time.Instant 0x40b6f812 2026-03-20T05:56:18.025497Z], :id #uuid "36c4e937-b108-4009-8812-b60e65bbe528", :revoked-at nil, :created-at #object[java.time.Instant 0xe315d37 2026-03-20T05:53:14.772936Z], :ip-address [0:0:0:0:0:0:0:1]}, :duration-ms 0.659708}
2026-03-20 06:56:18.026 [AUDIT] actor= resource= action= result= corr= tenant= - Session validation successful {:user-id #uuid "d5fa63dd-4d30-4f4f-9237-6df5ae005e6d"}
2026-03-20 06:56:18.028 [AUDIT] actor= resource= action= result= corr= tenant= - Database operation successful: find-user-by-id {:user-id #uuid "d5fa63dd-4d30-4f4f-9237-6df5ae005e6d", :duration-ms 1.355375}
2026-03-20 06:56:18.031 [AUDIT] actor= resource= action= result= corr= tenant= - Database operation successful: admin-list-entities {:entity orders, :limit nil, :offset nil, :duration-ms 1.283459}
2026-03-20 06:56:22.497 [AUDIT] actor= resource= action= result= corr= tenant= - Processing authentication request {:uri /web/admin/orders/new, :method :get, :has-session true, :has-bearer false, :cookies (session-token Idea-2e373df0), :session-token-value aLxy1AJ7}
2026-03-20 06:56:22.498 [AUDIT] actor= resource= action= result= corr= tenant= - Attempting session authentication {:token-preview aLxy1AJ7}
2026-03-20 06:56:22.498 [AUDIT] actor= resource= action= result= corr= tenant= - Validating session token {:session-token aLxy1AJ7P4oN8nxlZx82bQ8ovUHHuO6Z2oUejYitrsI=, :uri /web/admin/orders/new}
2026-03-20 06:56:22.500 [AUDIT] actor= resource= action= result= corr= tenant= - Database operation successful: find-session-by-token {:session-token aLxy1AJ7P4oN8nxlZx82bQ8ovUHHuO6Z2oUejYitrsI=, :duration-ms 2.148417}
2026-03-20 06:56:22.502 [AUDIT] actor= resource= action= result= corr= tenant= - Database operation successful: update-session {:session-entity {:expires-at #object[java.time.Instant 0x113a4be 2026-03-21T05:53:14.560559Z], :user-agent Mozilla/5.0 (Macintosh; Intel Mac OS X 10_15_7) AppleWebKit/605.1.15 (KHTML, like Gecko) Version/26.3.1 Safari/605.1.15, :session-token aLxy1AJ7P4oN8nxlZx82bQ8ovUHHuO6Z2oUejYitrsI=, :user-id #uuid "d5fa63dd-4d30-4f4f-9237-6df5ae005e6d", :last-accessed-at #object[java.time.Instant 0x352ef0ed 2026-03-20T05:56:22.500894Z], :id #uuid "36c4e937-b108-4009-8812-b60e65bbe528", :revoked-at nil, :created-at #object[java.time.Instant 0x29964b3f 2026-03-20T05:53:14.772936Z], :ip-address [0:0:0:0:0:0:0:1]}, :duration-ms 0.874333}
2026-03-20 06:56:22.502 [AUDIT] actor= resource= action= result= corr= tenant= - Session validation successful {:user-id #uuid "d5fa63dd-4d30-4f4f-9237-6df5ae005e6d"}
2026-03-20 06:56:22.503 [AUDIT] actor= resource= action= result= corr= tenant= - Database operation successful: find-user-by-id {:user-id #uuid "d5fa63dd-4d30-4f4f-9237-6df5ae005e6d", :duration-ms 1.010416}
2026-03-20 07:00:05.926 [AUDIT] actor= resource= action= result= corr= tenant= - Processing authentication request {:uri /web/admin/orders, :method :get, :has-session true, :has-bearer false, :cookies (session-token Idea-2e373df0), :session-token-value aLxy1AJ7}
2026-03-20 07:00:05.927 [AUDIT] actor= resource= action= result= corr= tenant= - Attempting session authentication {:token-preview aLxy1AJ7}
2026-03-20 07:00:05.927 [AUDIT] actor= resource= action= result= corr= tenant= - Validating session token {:session-token aLxy1AJ7P4oN8nxlZx82bQ8ovUHHuO6Z2oUejYitrsI=, :uri /web/admin/orders}
2026-03-20 07:00:05.929 [AUDIT] actor= resource= action= result= corr= tenant= - Database operation successful: find-session-by-token {:session-token aLxy1AJ7P4oN8nxlZx82bQ8ovUHHuO6Z2oUejYitrsI=, :duration-ms 1.608875}
2026-03-20 07:00:05.931 [AUDIT] actor= resource= action= result= corr= tenant= - Database operation successful: update-session {:session-entity {:expires-at #object[java.time.Instant 0x36179a0e 2026-03-21T05:53:14.560559Z], :user-agent Mozilla/5.0 (Macintosh; Intel Mac OS X 10_15_7) AppleWebKit/605.1.15 (KHTML, like Gecko) Version/26.3.1 Safari/605.1.15, :session-token aLxy1AJ7P4oN8nxlZx82bQ8ovUHHuO6Z2oUejYitrsI=, :user-id #uuid "d5fa63dd-4d30-4f4f-9237-6df5ae005e6d", :last-accessed-at #object[java.time.Instant 0x71f65cff 2026-03-20T06:00:05.930237Z], :id #uuid "36c4e937-b108-4009-8812-b60e65bbe528", :revoked-at nil, :created-at #object[java.time.Instant 0x41142f6a 2026-03-20T05:53:14.772936Z], :ip-address [0:0:0:0:0:0:0:1]}, :duration-ms 0.681458}
2026-03-20 07:00:05.931 [AUDIT] actor= resource= action= result= corr= tenant= - Session validation successful {:user-id #uuid "d5fa63dd-4d30-4f4f-9237-6df5ae005e6d"}
2026-03-20 07:00:05.933 [AUDIT] actor= resource= action= result= corr= tenant= - Database operation successful: find-user-by-id {:user-id #uuid "d5fa63dd-4d30-4f4f-9237-6df5ae005e6d", :duration-ms 2.000667}
2026-03-20 07:00:05.936 [AUDIT] actor= resource= action= result= corr= tenant= - Database operation successful: admin-list-entities {:entity orders, :limit nil, :offset nil, :duration-ms 1.235209}
2026-03-20 07:00:07.107 [AUDIT] actor= resource= action= result= corr= tenant= - Processing authentication request {:uri /web/admin/products, :method :get, :has-session true, :has-bearer false, :cookies (session-token Idea-2e373df0), :session-token-value aLxy1AJ7}
2026-03-20 07:00:07.107 [AUDIT] actor= resource= action= result= corr= tenant= - Attempting session authentication {:token-preview aLxy1AJ7}
2026-03-20 07:00:07.107 [AUDIT] actor= resource= action= result= corr= tenant= - Validating session token {:session-token aLxy1AJ7P4oN8nxlZx82bQ8ovUHHuO6Z2oUejYitrsI=, :uri /web/admin/products}
2026-03-20 07:00:07.111 [AUDIT] actor= resource= action= result= corr= tenant= - Database operation successful: find-session-by-token {:session-token aLxy1AJ7P4oN8nxlZx82bQ8ovUHHuO6Z2oUejYitrsI=, :duration-ms 3.167084}
2026-03-20 07:00:07.113 [AUDIT] actor= resource= action= result= corr= tenant= - Database operation successful: update-session {:session-entity {:expires-at #object[java.time.Instant 0x761ba413 2026-03-21T05:53:14.560559Z], :user-agent Mozilla/5.0 (Macintosh; Intel Mac OS X 10_15_7) AppleWebKit/605.1.15 (KHTML, like Gecko) Version/26.3.1 Safari/605.1.15, :session-token aLxy1AJ7P4oN8nxlZx82bQ8ovUHHuO6Z2oUejYitrsI=, :user-id #uuid "d5fa63dd-4d30-4f4f-9237-6df5ae005e6d", :last-accessed-at #object[java.time.Instant 0x347e29de 2026-03-20T06:00:07.111848Z], :id #uuid "36c4e937-b108-4009-8812-b60e65bbe528", :revoked-at nil, :created-at #object[java.time.Instant 0x39ec96d4 2026-03-20T05:53:14.772936Z], :ip-address [0:0:0:0:0:0:0:1]}, :duration-ms 1.24675}
2026-03-20 07:00:07.113 [AUDIT] actor= resource= action= result= corr= tenant= - Session validation successful {:user-id #uuid "d5fa63dd-4d30-4f4f-9237-6df5ae005e6d"}
2026-03-20 07:00:07.115 [AUDIT] actor= resource= action= result= corr= tenant= - Database operation successful: find-user-by-id {:user-id #uuid "d5fa63dd-4d30-4f4f-9237-6df5ae005e6d", :duration-ms 1.59725}
2026-03-20 07:00:07.118 [AUDIT] actor= resource= action= result= corr= tenant= - Database operation successful: admin-list-entities {:entity products, :limit nil, :offset nil, :duration-ms 1.327583}
2026-03-20 07:00:08.157 [AUDIT] actor= resource= action= result= corr= tenant= - Processing authentication request {:uri /web/admin/orders, :method :get, :has-session true, :has-bearer false, :cookies (session-token Idea-2e373df0), :session-token-value aLxy1AJ7}
2026-03-20 07:00:08.157 [AUDIT] actor= resource= action= result= corr= tenant= - Attempting session authentication {:token-preview aLxy1AJ7}
2026-03-20 07:00:08.157 [AUDIT] actor= resource= action= result= corr= tenant= - Validating session token {:session-token aLxy1AJ7P4oN8nxlZx82bQ8ovUHHuO6Z2oUejYitrsI=, :uri /web/admin/orders}
2026-03-20 07:00:08.160 [AUDIT] actor= resource= action= result= corr= tenant= - Database operation successful: find-session-by-token {:session-token aLxy1AJ7P4oN8nxlZx82bQ8ovUHHuO6Z2oUejYitrsI=, :duration-ms 2.345375}
2026-03-20 07:00:08.161 [AUDIT] actor= resource= action= result= corr= tenant= - Database operation successful: update-session {:session-entity {:expires-at #object[java.time.Instant 0x3f3c596b 2026-03-21T05:53:14.560559Z], :user-agent Mozilla/5.0 (Macintosh; Intel Mac OS X 10_15_7) AppleWebKit/605.1.15 (KHTML, like Gecko) Version/26.3.1 Safari/605.1.15, :session-token aLxy1AJ7P4oN8nxlZx82bQ8ovUHHuO6Z2oUejYitrsI=, :user-id #uuid "d5fa63dd-4d30-4f4f-9237-6df5ae005e6d", :last-accessed-at #object[java.time.Instant 0x3a5784f9 2026-03-20T06:00:08.160608Z], :id #uuid "36c4e937-b108-4009-8812-b60e65bbe528", :revoked-at nil, :created-at #object[java.time.Instant 0x400f515a 2026-03-20T05:53:14.772936Z], :ip-address [0:0:0:0:0:0:0:1]}, :duration-ms 0.515584}
2026-03-20 07:00:08.161 [AUDIT] actor= resource= action= result= corr= tenant= - Session validation successful {:user-id #uuid "d5fa63dd-4d30-4f4f-9237-6df5ae005e6d"}
2026-03-20 07:00:08.162 [AUDIT] actor= resource= action= result= corr= tenant= - Database operation successful: find-user-by-id {:user-id #uuid "d5fa63dd-4d30-4f4f-9237-6df5ae005e6d", :duration-ms 0.820709}
2026-03-20 07:00:08.164 [AUDIT] actor= resource= action= result= corr= tenant= - Database operation successful: admin-list-entities {:entity orders, :limit nil, :offset nil, :duration-ms 1.104833}
2026-03-20 07:00:12.653 [AUDIT] actor= resource= action= result= corr= tenant= - Processing authentication request {:uri /web/admin/orders/4e9f13d4-ba12-4110-8648-1b82d7df63d9, :method :get, :has-session true, :has-bearer false, :cookies (session-token Idea-2e373df0), :session-token-value aLxy1AJ7}
2026-03-20 07:00:12.653 [AUDIT] actor= resource= action= result= corr= tenant= - Attempting session authentication {:token-preview aLxy1AJ7}
2026-03-20 07:00:12.653 [AUDIT] actor= resource= action= result= corr= tenant= - Validating session token {:session-token aLxy1AJ7P4oN8nxlZx82bQ8ovUHHuO6Z2oUejYitrsI=, :uri /web/admin/orders/4e9f13d4-ba12-4110-8648-1b82d7df63d9}
2026-03-20 07:00:12.656 [AUDIT] actor= resource= action= result= corr= tenant= - Database operation successful: find-session-by-token {:session-token aLxy1AJ7P4oN8nxlZx82bQ8ovUHHuO6Z2oUejYitrsI=, :duration-ms 2.1125}
2026-03-20 07:00:12.657 [AUDIT] actor= resource= action= result= corr= tenant= - Database operation successful: update-session {:session-entity {:expires-at #object[java.time.Instant 0xa374ea8 2026-03-21T05:53:14.560559Z], :user-agent Mozilla/5.0 (Macintosh; Intel Mac OS X 10_15_7) AppleWebKit/605.1.15 (KHTML, like Gecko) Version/26.3.1 Safari/605.1.15, :session-token aLxy1AJ7P4oN8nxlZx82bQ8ovUHHuO6Z2oUejYitrsI=, :user-id #uuid "d5fa63dd-4d30-4f4f-9237-6df5ae005e6d", :last-accessed-at #object[java.time.Instant 0x42c149c 2026-03-20T06:00:12.656380Z], :id #uuid "36c4e937-b108-4009-8812-b60e65bbe528", :revoked-at nil, :created-at #object[java.time.Instant 0x2d2cb612 2026-03-20T05:53:14.772936Z], :ip-address [0:0:0:0:0:0:0:1]}, :duration-ms 0.52575}
2026-03-20 07:00:12.657 [AUDIT] actor= resource= action= result= corr= tenant= - Session validation successful {:user-id #uuid "d5fa63dd-4d30-4f4f-9237-6df5ae005e6d"}
2026-03-20 07:00:12.658 [AUDIT] actor= resource= action= result= corr= tenant= - Database operation successful: find-user-by-id {:user-id #uuid "d5fa63dd-4d30-4f4f-9237-6df5ae005e6d", :duration-ms 1.089375}
2026-03-20 07:00:12.660 [AUDIT] actor= resource= action= result= corr= tenant= - Database operation successful: admin-get-entity {:entity orders, :id #uuid "4e9f13d4-ba12-4110-8648-1b82d7df63d9", :duration-ms 0.779458}
2026-03-20 07:00:33.648 [AUDIT] actor= resource= action= result= corr= tenant= - Processing authentication request {:uri /web/admin/products, :method :get, :has-session true, :has-bearer false, :cookies (session-token Idea-2e373df0), :session-token-value aLxy1AJ7}
2026-03-20 07:00:33.651 [AUDIT] actor= resource= action= result= corr= tenant= - Attempting session authentication {:token-preview aLxy1AJ7}
2026-03-20 07:00:33.651 [AUDIT] actor= resource= action= result= corr= tenant= - Validating session token {:session-token aLxy1AJ7P4oN8nxlZx82bQ8ovUHHuO6Z2oUejYitrsI=, :uri /web/admin/products}
2026-03-20 07:00:33.655 [AUDIT] actor= resource= action= result= corr= tenant= - Database operation successful: find-session-by-token {:session-token aLxy1AJ7P4oN8nxlZx82bQ8ovUHHuO6Z2oUejYitrsI=, :duration-ms 2.537834}
2026-03-20 07:00:33.656 [AUDIT] actor= resource= action= result= corr= tenant= - Database operation successful: update-session {:session-entity {:expires-at #object[java.time.Instant 0x6305ec2a 2026-03-21T05:53:14.560559Z], :user-agent Mozilla/5.0 (Macintosh; Intel Mac OS X 10_15_7) AppleWebKit/605.1.15 (KHTML, like Gecko) Version/26.3.1 Safari/605.1.15, :session-token aLxy1AJ7P4oN8nxlZx82bQ8ovUHHuO6Z2oUejYitrsI=, :user-id #uuid "d5fa63dd-4d30-4f4f-9237-6df5ae005e6d", :last-accessed-at #object[java.time.Instant 0x1eb601 2026-03-20T06:00:33.655296Z], :id #uuid "36c4e937-b108-4009-8812-b60e65bbe528", :revoked-at nil, :created-at #object[java.time.Instant 0x40138d7e 2026-03-20T05:53:14.772936Z], :ip-address [0:0:0:0:0:0:0:1]}, :duration-ms 0.616792}
2026-03-20 07:00:33.656 [AUDIT] actor= resource= action= result= corr= tenant= - Session validation successful {:user-id #uuid "d5fa63dd-4d30-4f4f-9237-6df5ae005e6d"}
2026-03-20 07:00:33.657 [AUDIT] actor= resource= action= result= corr= tenant= - Database operation successful: find-user-by-id {:user-id #uuid "d5fa63dd-4d30-4f4f-9237-6df5ae005e6d", :duration-ms 1.014292}
2026-03-20 07:00:33.659 [AUDIT] actor= resource= action= result= corr= tenant= - Database operation successful: admin-list-entities {:entity products, :limit nil, :offset nil, :duration-ms 0.956125}
2026-03-20 07:00:36.485 [AUDIT] actor= resource= action= result= corr= tenant= - Processing authentication request {:uri /web/admin/orders, :method :get, :has-session true, :has-bearer false, :cookies (session-token Idea-2e373df0), :session-token-value aLxy1AJ7}
2026-03-20 07:00:36.485 [AUDIT] actor= resource= action= result= corr= tenant= - Attempting session authentication {:token-preview aLxy1AJ7}
2026-03-20 07:00:36.485 [AUDIT] actor= resource= action= result= corr= tenant= - Validating session token {:session-token aLxy1AJ7P4oN8nxlZx82bQ8ovUHHuO6Z2oUejYitrsI=, :uri /web/admin/orders}
2026-03-20 07:00:36.487 [AUDIT] actor= resource= action= result= corr= tenant= - Database operation successful: find-session-by-token {:session-token aLxy1AJ7P4oN8nxlZx82bQ8ovUHHuO6Z2oUejYitrsI=, :duration-ms 1.657375}
2026-03-20 07:00:36.488 [AUDIT] actor= resource= action= result= corr= tenant= - Database operation successful: update-session {:session-entity {:expires-at #object[java.time.Instant 0x3d62d189 2026-03-21T05:53:14.560559Z], :user-agent Mozilla/5.0 (Macintosh; Intel Mac OS X 10_15_7) AppleWebKit/605.1.15 (KHTML, like Gecko) Version/26.3.1 Safari/605.1.15, :session-token aLxy1AJ7P4oN8nxlZx82bQ8ovUHHuO6Z2oUejYitrsI=, :user-id #uuid "d5fa63dd-4d30-4f4f-9237-6df5ae005e6d", :last-accessed-at #object[java.time.Instant 0x55f72746 2026-03-20T06:00:36.487923Z], :id #uuid "36c4e937-b108-4009-8812-b60e65bbe528", :revoked-at nil, :created-at #object[java.time.Instant 0x4ef5787d 2026-03-20T05:53:14.772936Z], :ip-address [0:0:0:0:0:0:0:1]}, :duration-ms 0.522167}
2026-03-20 07:00:36.489 [AUDIT] actor= resource= action= result= corr= tenant= - Session validation successful {:user-id #uuid "d5fa63dd-4d30-4f4f-9237-6df5ae005e6d"}
2026-03-20 07:00:36.490 [AUDIT] actor= resource= action= result= corr= tenant= - Database operation successful: find-user-by-id {:user-id #uuid "d5fa63dd-4d30-4f4f-9237-6df5ae005e6d", :duration-ms 0.974584}
2026-03-20 07:00:36.492 [AUDIT] actor= resource= action= result= corr= tenant= - Database operation successful: admin-list-entities {:entity orders, :limit nil, :offset nil, :duration-ms 0.953208}
2026-03-20 07:00:48.145 [AUDIT] actor= resource= action= result= corr= tenant= - Processing authentication request {:uri /web/admin/orders/4e9f13d4-ba12-4110-8648-1b82d7df63d9, :method :get, :has-session true, :has-bearer false, :cookies (session-token Idea-2e373df0), :session-token-value aLxy1AJ7}
2026-03-20 07:00:48.145 [AUDIT] actor= resource= action= result= corr= tenant= - Attempting session authentication {:token-preview aLxy1AJ7}
2026-03-20 07:00:48.145 [AUDIT] actor= resource= action= result= corr= tenant= - Validating session token {:session-token aLxy1AJ7P4oN8nxlZx82bQ8ovUHHuO6Z2oUejYitrsI=, :uri /web/admin/orders/4e9f13d4-ba12-4110-8648-1b82d7df63d9}
2026-03-20 07:00:48.147 [AUDIT] actor= resource= action= result= corr= tenant= - Database operation successful: find-session-by-token {:session-token aLxy1AJ7P4oN8nxlZx82bQ8ovUHHuO6Z2oUejYitrsI=, :duration-ms 1.646917}
2026-03-20 07:00:48.148 [AUDIT] actor= resource= action= result= corr= tenant= - Database operation successful: update-session {:session-entity {:expires-at #object[java.time.Instant 0x4ebc6f01 2026-03-21T05:53:14.560559Z], :user-agent Mozilla/5.0 (Macintosh; Intel Mac OS X 10_15_7) AppleWebKit/605.1.15 (KHTML, like Gecko) Version/26.3.1 Safari/605.1.15, :session-token aLxy1AJ7P4oN8nxlZx82bQ8ovUHHuO6Z2oUejYitrsI=, :user-id #uuid "d5fa63dd-4d30-4f4f-9237-6df5ae005e6d", :last-accessed-at #object[java.time.Instant 0x214be40 2026-03-20T06:00:48.147805Z], :id #uuid "36c4e937-b108-4009-8812-b60e65bbe528", :revoked-at nil, :created-at #object[java.time.Instant 0x774fbebd 2026-03-20T05:53:14.772936Z], :ip-address [0:0:0:0:0:0:0:1]}, :duration-ms 0.533416}
2026-03-20 07:00:48.148 [AUDIT] actor= resource= action= result= corr= tenant= - Session validation successful {:user-id #uuid "d5fa63dd-4d30-4f4f-9237-6df5ae005e6d"}
2026-03-20 07:00:48.149 [AUDIT] actor= resource= action= result= corr= tenant= - Database operation successful: find-user-by-id {:user-id #uuid "d5fa63dd-4d30-4f4f-9237-6df5ae005e6d", :duration-ms 0.983167}
2026-03-20 07:00:48.151 [AUDIT] actor= resource= action= result= corr= tenant= - Database operation successful: admin-get-entity {:entity orders, :id #uuid "4e9f13d4-ba12-4110-8648-1b82d7df63d9", :duration-ms 0.742}
2026-03-20 07:02:14.449 [AUDIT] actor= resource= action= result= corr= tenant= - Processing authentication request {:uri /web/admin/orders, :method :get, :has-session true, :has-bearer false, :cookies (session-token Idea-2e373df0), :session-token-value aLxy1AJ7}
2026-03-20 07:02:14.449 [AUDIT] actor= resource= action= result= corr= tenant= - Attempting session authentication {:token-preview aLxy1AJ7}
2026-03-20 07:02:14.450 [AUDIT] actor= resource= action= result= corr= tenant= - Validating session token {:session-token aLxy1AJ7P4oN8nxlZx82bQ8ovUHHuO6Z2oUejYitrsI=, :uri /web/admin/orders}
2026-03-20 07:02:14.452 [AUDIT] actor= resource= action= result= corr= tenant= - Database operation successful: find-session-by-token {:session-token aLxy1AJ7P4oN8nxlZx82bQ8ovUHHuO6Z2oUejYitrsI=, :duration-ms 1.859334}
2026-03-20 07:02:14.453 [AUDIT] actor= resource= action= result= corr= tenant= - Database operation successful: update-session {:session-entity {:expires-at #object[java.time.Instant 0x108c82ac 2026-03-21T05:53:14.560559Z], :user-agent Mozilla/5.0 (Macintosh; Intel Mac OS X 10_15_7) AppleWebKit/605.1.15 (KHTML, like Gecko) Version/26.3.1 Safari/605.1.15, :session-token aLxy1AJ7P4oN8nxlZx82bQ8ovUHHuO6Z2oUejYitrsI=, :user-id #uuid "d5fa63dd-4d30-4f4f-9237-6df5ae005e6d", :last-accessed-at #object[java.time.Instant 0x7cad4aec 2026-03-20T06:02:14.452371Z], :id #uuid "36c4e937-b108-4009-8812-b60e65bbe528", :revoked-at nil, :created-at #object[java.time.Instant 0x197ee394 2026-03-20T05:53:14.772936Z], :ip-address [0:0:0:0:0:0:0:1]}, :duration-ms 0.594792}
2026-03-20 07:02:14.453 [AUDIT] actor= resource= action= result= corr= tenant= - Session validation successful {:user-id #uuid "d5fa63dd-4d30-4f4f-9237-6df5ae005e6d"}
2026-03-20 07:02:14.454 [AUDIT] actor= resource= action= result= corr= tenant= - Database operation successful: find-user-by-id {:user-id #uuid "d5fa63dd-4d30-4f4f-9237-6df5ae005e6d", :duration-ms 0.925334}
2026-03-20 07:02:14.456 [AUDIT] actor= resource= action= result= corr= tenant= - Database operation successful: admin-list-entities {:entity orders, :limit nil, :offset nil, :duration-ms 1.012667}
2026-03-20 07:07:59.037 [AUDIT] actor= resource= action= result= corr= tenant= - Processing authentication request {:uri /web/admin/orders, :method :get, :has-session true, :has-bearer false, :cookies (session-token Idea-2e373df0), :session-token-value aLxy1AJ7}
2026-03-20 07:07:59.040 [AUDIT] actor= resource= action= result= corr= tenant= - Attempting session authentication {:token-preview aLxy1AJ7}
2026-03-20 07:07:59.040 [AUDIT] actor= resource= action= result= corr= tenant= - Validating session token {:session-token aLxy1AJ7P4oN8nxlZx82bQ8ovUHHuO6Z2oUejYitrsI=, :uri /web/admin/orders}
2026-03-20 07:07:59.043 [AUDIT] actor= resource= action= result= corr= tenant= - Database operation successful: find-session-by-token {:session-token aLxy1AJ7P4oN8nxlZx82bQ8ovUHHuO6Z2oUejYitrsI=, :duration-ms 1.931417}
2026-03-20 07:07:59.044 [AUDIT] actor= resource= action= result= corr= tenant= - Database operation successful: update-session {:session-entity {:expires-at #object[java.time.Instant 0x2b73a3b1 2026-03-21T05:53:14.560559Z], :user-agent Mozilla/5.0 (Macintosh; Intel Mac OS X 10_15_7) AppleWebKit/605.1.15 (KHTML, like Gecko) Version/26.3.1 Safari/605.1.15, :session-token aLxy1AJ7P4oN8nxlZx82bQ8ovUHHuO6Z2oUejYitrsI=, :user-id #uuid "d5fa63dd-4d30-4f4f-9237-6df5ae005e6d", :last-accessed-at #object[java.time.Instant 0x5dc47a85 2026-03-20T06:07:59.043271Z], :id #uuid "36c4e937-b108-4009-8812-b60e65bbe528", :revoked-at nil, :created-at #object[java.time.Instant 0x4bca0a92 2026-03-20T05:53:14.772936Z], :ip-address [0:0:0:0:0:0:0:1]}, :duration-ms 0.839917}
2026-03-20 07:07:59.044 [AUDIT] actor= resource= action= result= corr= tenant= - Session validation successful {:user-id #uuid "d5fa63dd-4d30-4f4f-9237-6df5ae005e6d"}
2026-03-20 07:07:59.048 [AUDIT] actor= resource= action= result= corr= tenant= - Database operation successful: find-user-by-id {:user-id #uuid "d5fa63dd-4d30-4f4f-9237-6df5ae005e6d", :duration-ms 3.089625}
2026-03-20 07:07:59.050 [AUDIT] actor= resource= action= result= corr= tenant= - Database operation successful: admin-list-entities {:entity orders, :limit nil, :offset nil, :duration-ms 1.474291}
2026-03-20 07:08:06.829 [AUDIT] actor= resource= action= result= corr= tenant= - Processing authentication request {:uri /web/admin/orders/4e9f13d4-ba12-4110-8648-1b82d7df63d9, :method :get, :has-session true, :has-bearer false, :cookies (session-token Idea-2e373df0), :session-token-value aLxy1AJ7}
2026-03-20 07:08:06.829 [AUDIT] actor= resource= action= result= corr= tenant= - Attempting session authentication {:token-preview aLxy1AJ7}
2026-03-20 07:08:06.829 [AUDIT] actor= resource= action= result= corr= tenant= - Validating session token {:session-token aLxy1AJ7P4oN8nxlZx82bQ8ovUHHuO6Z2oUejYitrsI=, :uri /web/admin/orders/4e9f13d4-ba12-4110-8648-1b82d7df63d9}
2026-03-20 07:08:06.831 [AUDIT] actor= resource= action= result= corr= tenant= - Database operation successful: find-session-by-token {:session-token aLxy1AJ7P4oN8nxlZx82bQ8ovUHHuO6Z2oUejYitrsI=, :duration-ms 1.840334}
2026-03-20 07:08:06.832 [AUDIT] actor= resource= action= result= corr= tenant= - Database operation successful: update-session {:session-entity {:expires-at #object[java.time.Instant 0x69139da1 2026-03-21T05:53:14.560559Z], :user-agent Mozilla/5.0 (Macintosh; Intel Mac OS X 10_15_7) AppleWebKit/605.1.15 (KHTML, like Gecko) Version/26.3.1 Safari/605.1.15, :session-token aLxy1AJ7P4oN8nxlZx82bQ8ovUHHuO6Z2oUejYitrsI=, :user-id #uuid "d5fa63dd-4d30-4f4f-9237-6df5ae005e6d", :last-accessed-at #object[java.time.Instant 0x701c4351 2026-03-20T06:08:06.831852Z], :id #uuid "36c4e937-b108-4009-8812-b60e65bbe528", :revoked-at nil, :created-at #object[java.time.Instant 0x716ea697 2026-03-20T05:53:14.772936Z], :ip-address [0:0:0:0:0:0:0:1]}, :duration-ms 0.57375}
2026-03-20 07:08:06.832 [AUDIT] actor= resource= action= result= corr= tenant= - Session validation successful {:user-id #uuid "d5fa63dd-4d30-4f4f-9237-6df5ae005e6d"}
2026-03-20 07:08:06.834 [AUDIT] actor= resource= action= result= corr= tenant= - Database operation successful: find-user-by-id {:user-id #uuid "d5fa63dd-4d30-4f4f-9237-6df5ae005e6d", :duration-ms 0.937875}
2026-03-20 07:08:06.836 [AUDIT] actor= resource= action= result= corr= tenant= - Database operation successful: admin-get-entity {:entity orders, :id #uuid "4e9f13d4-ba12-4110-8648-1b82d7df63d9", :duration-ms 1.257}
2026-03-20 07:08:36.519 [AUDIT] actor= resource= action= result= corr= tenant= - Processing authentication request {:uri /web/admin/products, :method :get, :has-session true, :has-bearer false, :cookies (session-token Idea-2e373df0), :session-token-value aLxy1AJ7}
2026-03-20 07:08:36.519 [AUDIT] actor= resource= action= result= corr= tenant= - Attempting session authentication {:token-preview aLxy1AJ7}
2026-03-20 07:08:36.519 [AUDIT] actor= resource= action= result= corr= tenant= - Validating session token {:session-token aLxy1AJ7P4oN8nxlZx82bQ8ovUHHuO6Z2oUejYitrsI=, :uri /web/admin/products}
2026-03-20 07:08:36.521 [AUDIT] actor= resource= action= result= corr= tenant= - Database operation successful: find-session-by-token {:session-token aLxy1AJ7P4oN8nxlZx82bQ8ovUHHuO6Z2oUejYitrsI=, :duration-ms 1.66775}
2026-03-20 07:08:36.522 [AUDIT] actor= resource= action= result= corr= tenant= - Database operation successful: update-session {:session-entity {:expires-at #object[java.time.Instant 0xef1e01d 2026-03-21T05:53:14.560559Z], :user-agent Mozilla/5.0 (Macintosh; Intel Mac OS X 10_15_7) AppleWebKit/605.1.15 (KHTML, like Gecko) Version/26.3.1 Safari/605.1.15, :session-token aLxy1AJ7P4oN8nxlZx82bQ8ovUHHuO6Z2oUejYitrsI=, :user-id #uuid "d5fa63dd-4d30-4f4f-9237-6df5ae005e6d", :last-accessed-at #object[java.time.Instant 0x41d49e51 2026-03-20T06:08:36.521767Z], :id #uuid "36c4e937-b108-4009-8812-b60e65bbe528", :revoked-at nil, :created-at #object[java.time.Instant 0x5fabc3ec 2026-03-20T05:53:14.772936Z], :ip-address [0:0:0:0:0:0:0:1]}, :duration-ms 0.689792}
2026-03-20 07:08:36.522 [AUDIT] actor= resource= action= result= corr= tenant= - Session validation successful {:user-id #uuid "d5fa63dd-4d30-4f4f-9237-6df5ae005e6d"}
2026-03-20 07:08:36.524 [AUDIT] actor= resource= action= result= corr= tenant= - Database operation successful: find-user-by-id {:user-id #uuid "d5fa63dd-4d30-4f4f-9237-6df5ae005e6d", :duration-ms 1.266625}
2026-03-20 07:08:36.525 [AUDIT] actor= resource= action= result= corr= tenant= - Database operation successful: admin-list-entities {:entity products, :limit nil, :offset nil, :duration-ms 0.816958}
2026-03-20 07:08:41.294 [AUDIT] actor= resource= action= result= corr= tenant= - Processing authentication request {:uri /web/admin/orders, :method :get, :has-session true, :has-bearer false, :cookies (session-token Idea-2e373df0), :session-token-value aLxy1AJ7}
2026-03-20 07:08:41.295 [AUDIT] actor= resource= action= result= corr= tenant= - Attempting session authentication {:token-preview aLxy1AJ7}
2026-03-20 07:08:41.295 [AUDIT] actor= resource= action= result= corr= tenant= - Validating session token {:session-token aLxy1AJ7P4oN8nxlZx82bQ8ovUHHuO6Z2oUejYitrsI=, :uri /web/admin/orders}
2026-03-20 07:08:41.299 [AUDIT] actor= resource= action= result= corr= tenant= - Database operation successful: find-session-by-token {:session-token aLxy1AJ7P4oN8nxlZx82bQ8ovUHHuO6Z2oUejYitrsI=, :duration-ms 3.350541}
2026-03-20 07:08:41.300 [AUDIT] actor= resource= action= result= corr= tenant= - Database operation successful: update-session {:session-entity {:expires-at #object[java.time.Instant 0x7c5eaa91 2026-03-21T05:53:14.560559Z], :user-agent Mozilla/5.0 (Macintosh; Intel Mac OS X 10_15_7) AppleWebKit/605.1.15 (KHTML, like Gecko) Version/26.3.1 Safari/605.1.15, :session-token aLxy1AJ7P4oN8nxlZx82bQ8ovUHHuO6Z2oUejYitrsI=, :user-id #uuid "d5fa63dd-4d30-4f4f-9237-6df5ae005e6d", :last-accessed-at #object[java.time.Instant 0x6eca7880 2026-03-20T06:08:41.299230Z], :id #uuid "36c4e937-b108-4009-8812-b60e65bbe528", :revoked-at nil, :created-at #object[java.time.Instant 0x6a9431d0 2026-03-20T05:53:14.772936Z], :ip-address [0:0:0:0:0:0:0:1]}, :duration-ms 0.87075}
2026-03-20 07:08:41.300 [AUDIT] actor= resource= action= result= corr= tenant= - Session validation successful {:user-id #uuid "d5fa63dd-4d30-4f4f-9237-6df5ae005e6d"}
2026-03-20 07:08:41.301 [AUDIT] actor= resource= action= result= corr= tenant= - Database operation successful: find-user-by-id {:user-id #uuid "d5fa63dd-4d30-4f4f-9237-6df5ae005e6d", :duration-ms 1.006709}
2026-03-20 07:08:41.303 [AUDIT] actor= resource= action= result= corr= tenant= - Database operation successful: admin-list-entities {:entity orders, :limit nil, :offset nil, :duration-ms 0.832791}
2026-03-20 07:08:42.518 [AUDIT] actor= resource= action= result= corr= tenant= - Processing authentication request {:uri /web/admin/users, :method :get, :has-session true, :has-bearer false, :cookies (session-token Idea-2e373df0), :session-token-value aLxy1AJ7}
2026-03-20 07:08:42.518 [AUDIT] actor= resource= action= result= corr= tenant= - Attempting session authentication {:token-preview aLxy1AJ7}
2026-03-20 07:08:42.518 [AUDIT] actor= resource= action= result= corr= tenant= - Validating session token {:session-token aLxy1AJ7P4oN8nxlZx82bQ8ovUHHuO6Z2oUejYitrsI=, :uri /web/admin/users}
2026-03-20 07:08:42.520 [AUDIT] actor= resource= action= result= corr= tenant= - Database operation successful: find-session-by-token {:session-token aLxy1AJ7P4oN8nxlZx82bQ8ovUHHuO6Z2oUejYitrsI=, :duration-ms 1.41275}
2026-03-20 07:08:42.521 [AUDIT] actor= resource= action= result= corr= tenant= - Database operation successful: update-session {:session-entity {:expires-at #object[java.time.Instant 0x46310b55 2026-03-21T05:53:14.560559Z], :user-agent Mozilla/5.0 (Macintosh; Intel Mac OS X 10_15_7) AppleWebKit/605.1.15 (KHTML, like Gecko) Version/26.3.1 Safari/605.1.15, :session-token aLxy1AJ7P4oN8nxlZx82bQ8ovUHHuO6Z2oUejYitrsI=, :user-id #uuid "d5fa63dd-4d30-4f4f-9237-6df5ae005e6d", :last-accessed-at #object[java.time.Instant 0x38df5144 2026-03-20T06:08:42.520568Z], :id #uuid "36c4e937-b108-4009-8812-b60e65bbe528", :revoked-at nil, :created-at #object[java.time.Instant 0x235a5257 2026-03-20T05:53:14.772936Z], :ip-address [0:0:0:0:0:0:0:1]}, :duration-ms 0.491375}
2026-03-20 07:08:42.521 [AUDIT] actor= resource= action= result= corr= tenant= - Session validation successful {:user-id #uuid "d5fa63dd-4d30-4f4f-9237-6df5ae005e6d"}
2026-03-20 07:08:42.522 [AUDIT] actor= resource= action= result= corr= tenant= - Database operation successful: find-user-by-id {:user-id #uuid "d5fa63dd-4d30-4f4f-9237-6df5ae005e6d", :duration-ms 0.736959}
2026-03-20 07:08:42.525 [AUDIT] actor= resource= action= result= corr= tenant= - Database operation successful: admin-list-entities {:entity users, :limit nil, :offset nil, :duration-ms 1.687416}
2026-03-20 07:08:44.444 [AUDIT] actor= resource= action= result= corr= tenant= - Processing authentication request {:uri /web/admin/orders, :method :get, :has-session true, :has-bearer false, :cookies (session-token Idea-2e373df0), :session-token-value aLxy1AJ7}
2026-03-20 07:08:44.445 [AUDIT] actor= resource= action= result= corr= tenant= - Attempting session authentication {:token-preview aLxy1AJ7}
2026-03-20 07:08:44.445 [AUDIT] actor= resource= action= result= corr= tenant= - Validating session token {:session-token aLxy1AJ7P4oN8nxlZx82bQ8ovUHHuO6Z2oUejYitrsI=, :uri /web/admin/orders}
2026-03-20 07:08:44.447 [AUDIT] actor= resource= action= result= corr= tenant= - Database operation successful: find-session-by-token {:session-token aLxy1AJ7P4oN8nxlZx82bQ8ovUHHuO6Z2oUejYitrsI=, :duration-ms 1.508709}
2026-03-20 07:08:44.448 [AUDIT] actor= resource= action= result= corr= tenant= - Database operation successful: update-session {:session-entity {:expires-at #object[java.time.Instant 0x4d62d5b5 2026-03-21T05:53:14.560559Z], :user-agent Mozilla/5.0 (Macintosh; Intel Mac OS X 10_15_7) AppleWebKit/605.1.15 (KHTML, like Gecko) Version/26.3.1 Safari/605.1.15, :session-token aLxy1AJ7P4oN8nxlZx82bQ8ovUHHuO6Z2oUejYitrsI=, :user-id #uuid "d5fa63dd-4d30-4f4f-9237-6df5ae005e6d", :last-accessed-at #object[java.time.Instant 0x4461e4aa 2026-03-20T06:08:44.447126Z], :id #uuid "36c4e937-b108-4009-8812-b60e65bbe528", :revoked-at nil, :created-at #object[java.time.Instant 0x79528ade 2026-03-20T05:53:14.772936Z], :ip-address [0:0:0:0:0:0:0:1]}, :duration-ms 0.820625}
2026-03-20 07:08:44.448 [AUDIT] actor= resource= action= result= corr= tenant= - Session validation successful {:user-id #uuid "d5fa63dd-4d30-4f4f-9237-6df5ae005e6d"}
2026-03-20 07:08:44.450 [AUDIT] actor= resource= action= result= corr= tenant= - Database operation successful: find-user-by-id {:user-id #uuid "d5fa63dd-4d30-4f4f-9237-6df5ae005e6d", :duration-ms 1.505291}
2026-03-20 07:08:44.451 [AUDIT] actor= resource= action= result= corr= tenant= - Database operation successful: admin-list-entities {:entity orders, :limit nil, :offset nil, :duration-ms 0.953042}
2026-03-20 07:08:59.131 [AUDIT] actor= resource= action= result= corr= tenant= - Processing authentication request {:uri /web/admin/orders/4e9f13d4-ba12-4110-8648-1b82d7df63d9, :method :get, :has-session true, :has-bearer false, :cookies (session-token Idea-2e373df0), :session-token-value aLxy1AJ7}
2026-03-20 07:08:59.133 [AUDIT] actor= resource= action= result= corr= tenant= - Attempting session authentication {:token-preview aLxy1AJ7}
2026-03-20 07:08:59.133 [AUDIT] actor= resource= action= result= corr= tenant= - Validating session token {:session-token aLxy1AJ7P4oN8nxlZx82bQ8ovUHHuO6Z2oUejYitrsI=, :uri /web/admin/orders/4e9f13d4-ba12-4110-8648-1b82d7df63d9}
2026-03-20 07:08:59.136 [AUDIT] actor= resource= action= result= corr= tenant= - Database operation successful: find-session-by-token {:session-token aLxy1AJ7P4oN8nxlZx82bQ8ovUHHuO6Z2oUejYitrsI=, :duration-ms 1.982667}
2026-03-20 07:08:59.137 [AUDIT] actor= resource= action= result= corr= tenant= - Database operation successful: update-session {:session-entity {:expires-at #object[java.time.Instant 0x3db2a68e 2026-03-21T05:53:14.560559Z], :user-agent Mozilla/5.0 (Macintosh; Intel Mac OS X 10_15_7) AppleWebKit/605.1.15 (KHTML, like Gecko) Version/26.3.1 Safari/605.1.15, :session-token aLxy1AJ7P4oN8nxlZx82bQ8ovUHHuO6Z2oUejYitrsI=, :user-id #uuid "d5fa63dd-4d30-4f4f-9237-6df5ae005e6d", :last-accessed-at #object[java.time.Instant 0x60b5cdda 2026-03-20T06:08:59.136404Z], :id #uuid "36c4e937-b108-4009-8812-b60e65bbe528", :revoked-at nil, :created-at #object[java.time.Instant 0x9e51565 2026-03-20T05:53:14.772936Z], :ip-address [0:0:0:0:0:0:0:1]}, :duration-ms 0.678417}
2026-03-20 07:08:59.137 [AUDIT] actor= resource= action= result= corr= tenant= - Session validation successful {:user-id #uuid "d5fa63dd-4d30-4f4f-9237-6df5ae005e6d"}
2026-03-20 07:08:59.138 [AUDIT] actor= resource= action= result= corr= tenant= - Database operation successful: find-user-by-id {:user-id #uuid "d5fa63dd-4d30-4f4f-9237-6df5ae005e6d", :duration-ms 0.717125}
2026-03-20 07:08:59.139 [AUDIT] actor= resource= action= result= corr= tenant= - Database operation successful: admin-get-entity {:entity orders, :id #uuid "4e9f13d4-ba12-4110-8648-1b82d7df63d9", :duration-ms 0.563833}
2026-03-20 07:09:08.644 [AUDIT] actor= resource= action= result= corr= tenant= - Processing authentication request {:uri /web/admin/orders, :method :get, :has-session true, :has-bearer false, :cookies (session-token Idea-2e373df0), :session-token-value aLxy1AJ7}
2026-03-20 07:09:08.644 [AUDIT] actor= resource= action= result= corr= tenant= - Attempting session authentication {:token-preview aLxy1AJ7}
2026-03-20 07:09:08.644 [AUDIT] actor= resource= action= result= corr= tenant= - Validating session token {:session-token aLxy1AJ7P4oN8nxlZx82bQ8ovUHHuO6Z2oUejYitrsI=, :uri /web/admin/orders}
2026-03-20 07:09:08.646 [AUDIT] actor= resource= action= result= corr= tenant= - Database operation successful: find-session-by-token {:session-token aLxy1AJ7P4oN8nxlZx82bQ8ovUHHuO6Z2oUejYitrsI=, :duration-ms 1.409416}
2026-03-20 07:09:08.647 [AUDIT] actor= resource= action= result= corr= tenant= - Database operation successful: update-session {:session-entity {:expires-at #object[java.time.Instant 0x798307 2026-03-21T05:53:14.560559Z], :user-agent Mozilla/5.0 (Macintosh; Intel Mac OS X 10_15_7) AppleWebKit/605.1.15 (KHTML, like Gecko) Version/26.3.1 Safari/605.1.15, :session-token aLxy1AJ7P4oN8nxlZx82bQ8ovUHHuO6Z2oUejYitrsI=, :user-id #uuid "d5fa63dd-4d30-4f4f-9237-6df5ae005e6d", :last-accessed-at #object[java.time.Instant 0x44617d0 2026-03-20T06:09:08.646722Z], :id #uuid "36c4e937-b108-4009-8812-b60e65bbe528", :revoked-at nil, :created-at #object[java.time.Instant 0x4144893c 2026-03-20T05:53:14.772936Z], :ip-address [0:0:0:0:0:0:0:1]}, :duration-ms 0.720958}
2026-03-20 07:09:08.647 [AUDIT] actor= resource= action= result= corr= tenant= - Session validation successful {:user-id #uuid "d5fa63dd-4d30-4f4f-9237-6df5ae005e6d"}
2026-03-20 07:09:08.649 [AUDIT] actor= resource= action= result= corr= tenant= - Database operation successful: find-user-by-id {:user-id #uuid "d5fa63dd-4d30-4f4f-9237-6df5ae005e6d", :duration-ms 1.2605}
2026-03-20 07:09:08.651 [AUDIT] actor= resource= action= result= corr= tenant= - Database operation successful: admin-list-entities {:entity orders, :limit nil, :offset nil, :duration-ms 1.116209}
2026-03-20 07:09:11.697 [AUDIT] actor= resource= action= result= corr= tenant= - Processing authentication request {:uri /web/admin/orders/table, :method :get, :has-session true, :has-bearer false, :cookies (session-token Idea-2e373df0), :session-token-value aLxy1AJ7}
2026-03-20 07:09:11.701 [AUDIT] actor= resource= action= result= corr= tenant= - Attempting session authentication {:token-preview aLxy1AJ7}
2026-03-20 07:09:11.701 [AUDIT] actor= resource= action= result= corr= tenant= - Validating session token {:session-token aLxy1AJ7P4oN8nxlZx82bQ8ovUHHuO6Z2oUejYitrsI=, :uri /web/admin/orders/table}
2026-03-20 07:09:11.704 [AUDIT] actor= resource= action= result= corr= tenant= - Database operation successful: find-session-by-token {:session-token aLxy1AJ7P4oN8nxlZx82bQ8ovUHHuO6Z2oUejYitrsI=, :duration-ms 2.800292}
2026-03-20 07:09:11.706 [AUDIT] actor= resource= action= result= corr= tenant= - Database operation successful: update-session {:session-entity {:expires-at #object[java.time.Instant 0x76e84ec 2026-03-21T05:53:14.560559Z], :user-agent Mozilla/5.0 (Macintosh; Intel Mac OS X 10_15_7) AppleWebKit/605.1.15 (KHTML, like Gecko) Version/26.3.1 Safari/605.1.15, :session-token aLxy1AJ7P4oN8nxlZx82bQ8ovUHHuO6Z2oUejYitrsI=, :user-id #uuid "d5fa63dd-4d30-4f4f-9237-6df5ae005e6d", :last-accessed-at #object[java.time.Instant 0x413a717c 2026-03-20T06:09:11.704936Z], :id #uuid "36c4e937-b108-4009-8812-b60e65bbe528", :revoked-at nil, :created-at #object[java.time.Instant 0x4502507a 2026-03-20T05:53:14.772936Z], :ip-address [0:0:0:0:0:0:0:1]}, :duration-ms 0.986041}
2026-03-20 07:09:11.706 [AUDIT] actor= resource= action= result= corr= tenant= - Session validation successful {:user-id #uuid "d5fa63dd-4d30-4f4f-9237-6df5ae005e6d"}
2026-03-20 07:09:11.707 [AUDIT] actor= resource= action= result= corr= tenant= - Database operation successful: find-user-by-id {:user-id #uuid "d5fa63dd-4d30-4f4f-9237-6df5ae005e6d", :duration-ms 1.093042}
2026-03-20 07:09:11.710 [AUDIT] actor= resource= action= result= corr= tenant= - Query failed {:adapter nil, :sql SELECT * FROM orders WHERE (order_number ILIKE ?) OR (customer_email ILIKE ?) OR (customer_name ILIKE ?) ORDER BY created_at ASC LIMIT ? OFFSET ?, :error [SQLITE_ERROR] SQL error or missing database (near "ILIKE": syntax error)}
2026-03-20 07:09:11.713 [AUDIT] actor= resource= action= result= corr= tenant= - Database operation failed: admin-list-entities {:operation admin-list-entities}
clojure.lang.ExceptionInfo: Database query failed {:adapter nil, :sql "SELECT * FROM orders WHERE (order_number ILIKE ?) OR (customer_email ILIKE ?) OR (customer_name ILIKE ?) ORDER BY created_at ASC LIMIT ? OFFSET ?", :params ("%Test User%" "%Test User%" "%Test User%" 20 0), :original-error "[SQLITE_ERROR] SQL error or missing database (near \"ILIKE\": syntax error)"}
	at boundary.platform.shell.adapters.database.common.execution$execute_query_BANG_.invokeStatic(execution.clj:129)
	at boundary.platform.shell.adapters.database.common.execution$execute_query_BANG_.invoke(execution.clj:52)
	at boundary.admin.shell.service.AdminService$fn__24190.invoke(service.clj:275)
	at boundary.platform.shell.persistence_interceptors$create_persistence_pipeline$fn__17423.invoke(persistence_interceptors.clj:179)
	at boundary.core.interceptor$execute_interceptor_fn.invokeStatic(interceptor.clj:31)
	at boundary.core.interceptor$execute_interceptor_fn.invoke(interceptor.clj:22)
	at boundary.core.interceptor$run_enter_phase$fn__17314.invoke(interceptor.clj:58)
	at clojure.lang.ArrayChunk.reduce(ArrayChunk.java:60)
	at clojure.core.protocols$fn__8274.invokeStatic(protocols.clj:135)
	at clojure.core.protocols$fn__8274.invoke(protocols.clj:123)
	at clojure.core.protocols$fn__8233$G__8228__8242.invoke(protocols.clj:19)
	at clojure.core.protocols$seq_reduce.invokeStatic(protocols.clj:31)
	at clojure.core.protocols$fn__8266.invokeStatic(protocols.clj:74)
	at clojure.core.protocols$fn__8266.invoke(protocols.clj:74)
	at clojure.core.protocols$fn__8207$G__8202__8220.invoke(protocols.clj:13)
	at clojure.core$reduce.invokeStatic(core.clj:6965)
	at clojure.core$reduce.invoke(core.clj:6947)
	at boundary.core.interceptor$run_enter_phase.invokeStatic(interceptor.clj:51)
	at boundary.core.interceptor$run_enter_phase.invoke(interceptor.clj:45)
	at boundary.core.interceptor$run_pipeline.invokeStatic(interceptor.clj:104)
	at boundary.core.interceptor$run_pipeline.invoke(interceptor.clj:85)
	at boundary.platform.shell.persistence_interceptors$execute_persistence_operation.invokeStatic(persistence_interceptors.clj:222)
	at boundary.platform.shell.persistence_interceptors$execute_persistence_operation.doInvoke(persistence_interceptors.clj:189)
	at clojure.lang.RestFn.invoke(RestFn.java:473)
	at boundary.admin.shell.service.AdminService.list_entities(service.clj:222)
	at boundary.admin.shell.http$entity_table_fragment_handler$fn__26134.invoke(http.clj:558)
	at boundary.user.shell.middleware$session_authentication_middleware$fn__25974.invoke(middleware.clj:181)
	at boundary.user.shell.middleware$flexible_authentication_middleware$fn__25990.invoke(middleware.clj:249)
	at reitit.ring$ring_handler$fn__7042.invoke(ring.cljc:388)
	at clojure.lang.AFn.applyToHelper(AFn.java:154)
	at clojure.lang.AFn.applyTo(AFn.java:144)
	at clojure.lang.AFunction$1.doInvoke(AFunction.java:33)
	at clojure.lang.RestFn.invoke(RestFn.java:411)
	at boundary.admin.shell.http$wrap_method_override$fn__26011.invoke(http.clj:57)
	at ring.middleware.params$wrap_params$fn__4637.invoke(params.clj:75)
	at ring.middleware.cookies$wrap_cookies$fn__4558.invoke(cookies.clj:198)
	at ecommerce.shared.http.middleware$wrap_json_body$fn__13573.invoke(middleware.clj:31)
	at ecommerce.shared.http.middleware$wrap_session_id$fn__13577.invoke(middleware.clj:44)
	at ecommerce.shared.http.middleware$wrap_cors$fn__13584.invoke(middleware.clj:82)
	at ring.middleware.resource$wrap_resource_prefer_resources$fn__4823.invoke(resource.clj:25)
	at ecommerce.shared.http.middleware$wrap_exception_handler$fn__13581.invoke(middleware.clj:57)
	at ecommerce.shared.http.middleware$wrap_request_logging$fn__13587.invoke(middleware.clj:94)
	at ring.adapter.jetty$proxy_handler$fn__4203.invoke(jetty.clj:115)
	at ring.adapter.jetty.proxy$org.eclipse.jetty.ee9.servlet.ServletHandler$ff19274a.doHandle(Unknown Source)
	at org.eclipse.jetty.ee9.nested.ScopedHandler.nextHandle(ScopedHandler.java:193)
	at org.eclipse.jetty.ee9.nested.ContextHandler.doHandle(ContextHandler.java:1041)
	at org.eclipse.jetty.ee9.nested.ScopedHandler.nextScope(ScopedHandler.java:162)
	at org.eclipse.jetty.ee9.servlet.ServletHandler.doScope(ServletHandler.java:483)
	at ring.adapter.jetty.proxy$org.eclipse.jetty.ee9.servlet.ServletHandler$ff19274a.doScope(Unknown Source)
	at org.eclipse.jetty.ee9.nested.ScopedHandler.nextScope(ScopedHandler.java:160)
	at org.eclipse.jetty.ee9.nested.ContextHandler.doScope(ContextHandler.java:962)
	at org.eclipse.jetty.ee9.nested.ScopedHandler.handle(ScopedHandler.java:123)
	at org.eclipse.jetty.ee9.nested.ContextHandler.handle(ContextHandler.java:1723)
	at org.eclipse.jetty.ee9.nested.HttpChannel$RequestDispatchable.dispatch(HttpChannel.java:1581)
	at org.eclipse.jetty.ee9.nested.HttpChannel.dispatch(HttpChannel.java:733)
	at org.eclipse.jetty.ee9.nested.HttpChannel.handle(HttpChannel.java:520)
	at org.eclipse.jetty.ee9.nested.ContextHandler$CoreContextHandler$CoreToNestedHandler.handle(ContextHandler.java:3048)
	at org.eclipse.jetty.server.handler.ContextHandler.handle(ContextHandler.java:1174)
	at org.eclipse.jetty.server.Server.handle(Server.java:182)
	at org.eclipse.jetty.server.internal.HttpChannelState$HandlerInvoker.run(HttpChannelState.java:682)
	at org.eclipse.jetty.server.internal.HttpConnection.onFillable(HttpConnection.java:411)
	at org.eclipse.jetty.server.internal.HttpConnection$FillableCallback.succeeded(HttpConnection.java:1819)
	at org.eclipse.jetty.io.FillInterest.fillable(FillInterest.java:99)
	at org.eclipse.jetty.io.SelectableChannelEndPoint$1.run(SelectableChannelEndPoint.java:54)
	at org.eclipse.jetty.util.thread.strategy.AdaptiveExecutionStrategy.runTask(AdaptiveExecutionStrategy.java:521)
	at org.eclipse.jetty.util.thread.strategy.AdaptiveExecutionStrategy.epcRunTask(AdaptiveExecutionStrategy.java:492)
	at org.eclipse.jetty.util.thread.strategy.AdaptiveExecutionStrategy.consumeTask(AdaptiveExecutionStrategy.java:447)
	at org.eclipse.jetty.util.thread.strategy.AdaptiveExecutionStrategy.tryProduce(AdaptiveExecutionStrategy.java:297)
	at org.eclipse.jetty.util.thread.strategy.AdaptiveExecutionStrategy.run(AdaptiveExecutionStrategy.java:202)
	at org.eclipse.jetty.util.thread.ReservedThreadExecutor$ReservedThread.run(ReservedThreadExecutor.java:312)
	at org.eclipse.jetty.util.thread.QueuedThreadPool.runJob(QueuedThreadPool.java:999)
	at org.eclipse.jetty.util.thread.QueuedThreadPool$Runner.doRunJob(QueuedThreadPool.java:1229)
	at org.eclipse.jetty.util.thread.QueuedThreadPool$Runner.run(QueuedThreadPool.java:1184)
	at java.base/java.lang.Thread.run(Thread.java:1474)
Caused by: org.sqlite.SQLiteException: [SQLITE_ERROR] SQL error or missing database (near "ILIKE": syntax error)
	at org.sqlite.core.DB.newSQLException(DB.java:1179)
	at org.sqlite.core.DB.newSQLException(DB.java:1190)
	at org.sqlite.core.DB.throwex(DB.java:1150)
	at org.sqlite.core.NativeDB.prepare_utf8(Native Method)
	at org.sqlite.core.NativeDB.prepare(NativeDB.java:135)
	at org.sqlite.core.DB.prepare(DB.java:264)
	at org.sqlite.core.CorePreparedStatement.<init>(CorePreparedStatement.java:46)
	at org.sqlite.jdbc3.JDBC3PreparedStatement.<init>(JDBC3PreparedStatement.java:32)
	at org.sqlite.jdbc4.JDBC4PreparedStatement.<init>(JDBC4PreparedStatement.java:28)
	at org.sqlite.jdbc4.JDBC4Connection.prepareStatement(JDBC4Connection.java:34)
	at org.sqlite.jdbc3.JDBC3Connection.prepareStatement(JDBC3Connection.java:225)
	at org.sqlite.jdbc3.JDBC3Connection.prepareStatement(JDBC3Connection.java:205)
	at com.zaxxer.hikari.pool.ProxyConnection.prepareStatement(ProxyConnection.java:328)
	at com.zaxxer.hikari.pool.HikariProxyConnection.prepareStatement(HikariProxyConnection.java)
	at next.jdbc.prepare$create.invokeStatic(prepare.clj:134)
	at next.jdbc.prepare$create.invoke(prepare.clj:84)
	at next.jdbc.result_set$eval3442$fn__3450.invoke(result_set.clj:943)
	at next.jdbc.protocols$eval2472$fn__2488$G__2463__2497.invoke(protocols.clj:34)
	at next.jdbc$execute_BANG_.invokeStatic(jdbc.clj:272)
	at next.jdbc$execute_BANG_.invoke(jdbc.clj:254)
	at boundary.platform.shell.adapters.database.common.execution$execute_query_BANG_.invokeStatic(execution.clj:94)
	... 73 common frames omitted
2026-03-20 07:09:15.234 [AUDIT] actor= resource= action= result= corr= tenant= - Processing authentication request {:uri /web/admin/orders/table, :method :get, :has-session true, :has-bearer false, :cookies (session-token Idea-2e373df0), :session-token-value aLxy1AJ7}
2026-03-20 07:09:15.234 [AUDIT] actor= resource= action= result= corr= tenant= - Attempting session authentication {:token-preview aLxy1AJ7}
2026-03-20 07:09:15.234 [AUDIT] actor= resource= action= result= corr= tenant= - Validating session token {:session-token aLxy1AJ7P4oN8nxlZx82bQ8ovUHHuO6Z2oUejYitrsI=, :uri /web/admin/orders/table}
2026-03-20 07:09:15.237 [AUDIT] actor= resource= action= result= corr= tenant= - Database operation successful: find-session-by-token {:session-token aLxy1AJ7P4oN8nxlZx82bQ8ovUHHuO6Z2oUejYitrsI=, :duration-ms 2.02325}
2026-03-20 07:09:15.238 [AUDIT] actor= resource= action= result= corr= tenant= - Database operation successful: update-session {:session-entity {:expires-at #object[java.time.Instant 0x3e63bd8f 2026-03-21T05:53:14.560559Z], :user-agent Mozilla/5.0 (Macintosh; Intel Mac OS X 10_15_7) AppleWebKit/605.1.15 (KHTML, like Gecko) Version/26.3.1 Safari/605.1.15, :session-token aLxy1AJ7P4oN8nxlZx82bQ8ovUHHuO6Z2oUejYitrsI=, :user-id #uuid "d5fa63dd-4d30-4f4f-9237-6df5ae005e6d", :last-accessed-at #object[java.time.Instant 0x3f935356 2026-03-20T06:09:15.237407Z], :id #uuid "36c4e937-b108-4009-8812-b60e65bbe528", :revoked-at nil, :created-at #object[java.time.Instant 0x5ad074e3 2026-03-20T05:53:14.772936Z], :ip-address [0:0:0:0:0:0:0:1]}, :duration-ms 0.9045}
2026-03-20 07:09:15.238 [AUDIT] actor= resource= action= result= corr= tenant= - Session validation successful {:user-id #uuid "d5fa63dd-4d30-4f4f-9237-6df5ae005e6d"}
2026-03-20 07:09:15.240 [AUDIT] actor= resource= action= result= corr= tenant= - Database operation successful: find-user-by-id {:user-id #uuid "d5fa63dd-4d30-4f4f-9237-6df5ae005e6d", :duration-ms 1.489458}
2026-03-20 07:09:15.243 [AUDIT] actor= resource= action= result= corr= tenant= - Query failed {:adapter nil, :sql SELECT * FROM orders WHERE (order_number ILIKE ?) OR (customer_email ILIKE ?) OR (customer_name ILIKE ?) ORDER BY created_at ASC LIMIT ? OFFSET ?, :error [SQLITE_ERROR] SQL error or missing database (near "ILIKE": syntax error)}
2026-03-20 07:09:15.243 [AUDIT] actor= resource= action= result= corr= tenant= - Database operation failed: admin-list-entities {:operation admin-list-entities}
clojure.lang.ExceptionInfo: Database query failed {:adapter nil, :sql "SELECT * FROM orders WHERE (order_number ILIKE ?) OR (customer_email ILIKE ?) OR (customer_name ILIKE ?) ORDER BY created_at ASC LIMIT ? OFFSET ?", :params ("%%" "%%" "%%" 20 0), :original-error "[SQLITE_ERROR] SQL error or missing database (near \"ILIKE\": syntax error)"}
	at boundary.platform.shell.adapters.database.common.execution$execute_query_BANG_.invokeStatic(execution.clj:129)
	at boundary.platform.shell.adapters.database.common.execution$execute_query_BANG_.invoke(execution.clj:52)
	at boundary.admin.shell.service.AdminService$fn__24190.invoke(service.clj:275)
	at boundary.platform.shell.persistence_interceptors$create_persistence_pipeline$fn__17423.invoke(persistence_interceptors.clj:179)
	at boundary.core.interceptor$execute_interceptor_fn.invokeStatic(interceptor.clj:31)
	at boundary.core.interceptor$execute_interceptor_fn.invoke(interceptor.clj:22)
	at boundary.core.interceptor$run_enter_phase$fn__17314.invoke(interceptor.clj:58)
	at clojure.lang.ArrayChunk.reduce(ArrayChunk.java:60)
	at clojure.core.protocols$fn__8274.invokeStatic(protocols.clj:135)
	at clojure.core.protocols$fn__8274.invoke(protocols.clj:123)
	at clojure.core.protocols$fn__8233$G__8228__8242.invoke(protocols.clj:19)
	at clojure.core.protocols$seq_reduce.invokeStatic(protocols.clj:31)
	at clojure.core.protocols$fn__8266.invokeStatic(protocols.clj:74)
	at clojure.core.protocols$fn__8266.invoke(protocols.clj:74)
	at clojure.core.protocols$fn__8207$G__8202__8220.invoke(protocols.clj:13)
	at clojure.core$reduce.invokeStatic(core.clj:6965)
	at clojure.core$reduce.invoke(core.clj:6947)
	at boundary.core.interceptor$run_enter_phase.invokeStatic(interceptor.clj:51)
	at boundary.core.interceptor$run_enter_phase.invoke(interceptor.clj:45)
	at boundary.core.interceptor$run_pipeline.invokeStatic(interceptor.clj:104)
	at boundary.core.interceptor$run_pipeline.invoke(interceptor.clj:85)
	at boundary.platform.shell.persistence_interceptors$execute_persistence_operation.invokeStatic(persistence_interceptors.clj:222)
	at boundary.platform.shell.persistence_interceptors$execute_persistence_operation.doInvoke(persistence_interceptors.clj:189)
	at clojure.lang.RestFn.invoke(RestFn.java:473)
	at boundary.admin.shell.service.AdminService.list_entities(service.clj:222)
	at boundary.admin.shell.http$entity_table_fragment_handler$fn__26134.invoke(http.clj:558)
	at boundary.user.shell.middleware$session_authentication_middleware$fn__25974.invoke(middleware.clj:181)
	at boundary.user.shell.middleware$flexible_authentication_middleware$fn__25990.invoke(middleware.clj:249)
	at reitit.ring$ring_handler$fn__7042.invoke(ring.cljc:388)
	at clojure.lang.AFn.applyToHelper(AFn.java:154)
	at clojure.lang.AFn.applyTo(AFn.java:144)
	at clojure.lang.AFunction$1.doInvoke(AFunction.java:33)
	at clojure.lang.RestFn.invoke(RestFn.java:411)
	at boundary.admin.shell.http$wrap_method_override$fn__26011.invoke(http.clj:57)
	at ring.middleware.params$wrap_params$fn__4637.invoke(params.clj:75)
	at ring.middleware.cookies$wrap_cookies$fn__4558.invoke(cookies.clj:198)
	at ecommerce.shared.http.middleware$wrap_json_body$fn__13573.invoke(middleware.clj:31)
	at ecommerce.shared.http.middleware$wrap_session_id$fn__13577.invoke(middleware.clj:44)
	at ecommerce.shared.http.middleware$wrap_cors$fn__13584.invoke(middleware.clj:82)
	at ring.middleware.resource$wrap_resource_prefer_resources$fn__4823.invoke(resource.clj:25)
	at ecommerce.shared.http.middleware$wrap_exception_handler$fn__13581.invoke(middleware.clj:57)
	at ecommerce.shared.http.middleware$wrap_request_logging$fn__13587.invoke(middleware.clj:94)
	at ring.adapter.jetty$proxy_handler$fn__4203.invoke(jetty.clj:115)
	at ring.adapter.jetty.proxy$org.eclipse.jetty.ee9.servlet.ServletHandler$ff19274a.doHandle(Unknown Source)
	at org.eclipse.jetty.ee9.nested.ScopedHandler.nextHandle(ScopedHandler.java:193)
	at org.eclipse.jetty.ee9.nested.ContextHandler.doHandle(ContextHandler.java:1041)
	at org.eclipse.jetty.ee9.nested.ScopedHandler.nextScope(ScopedHandler.java:162)
	at org.eclipse.jetty.ee9.servlet.ServletHandler.doScope(ServletHandler.java:483)
	at ring.adapter.jetty.proxy$org.eclipse.jetty.ee9.servlet.ServletHandler$ff19274a.doScope(Unknown Source)
	at org.eclipse.jetty.ee9.nested.ScopedHandler.nextScope(ScopedHandler.java:160)
	at org.eclipse.jetty.ee9.nested.ContextHandler.doScope(ContextHandler.java:962)
	at org.eclipse.jetty.ee9.nested.ScopedHandler.handle(ScopedHandler.java:123)
	at org.eclipse.jetty.ee9.nested.ContextHandler.handle(ContextHandler.java:1723)
	at org.eclipse.jetty.ee9.nested.HttpChannel$RequestDispatchable.dispatch(HttpChannel.java:1581)
	at org.eclipse.jetty.ee9.nested.HttpChannel.dispatch(HttpChannel.java:733)
	at org.eclipse.jetty.ee9.nested.HttpChannel.handle(HttpChannel.java:520)
	at org.eclipse.jetty.ee9.nested.ContextHandler$CoreContextHandler$CoreToNestedHandler.handle(ContextHandler.java:3048)
	at org.eclipse.jetty.server.handler.ContextHandler.handle(ContextHandler.java:1174)
	at org.eclipse.jetty.server.Server.handle(Server.java:182)
	at org.eclipse.jetty.server.internal.HttpChannelState$HandlerInvoker.run(HttpChannelState.java:682)
	at org.eclipse.jetty.server.internal.HttpConnection.onFillable(HttpConnection.java:411)
	at org.eclipse.jetty.server.internal.HttpConnection$FillableCallback.succeeded(HttpConnection.java:1819)
	at org.eclipse.jetty.io.FillInterest.fillable(FillInterest.java:99)
	at org.eclipse.jetty.io.SelectableChannelEndPoint$1.run(SelectableChannelEndPoint.java:54)
	at org.eclipse.jetty.util.thread.strategy.AdaptiveExecutionStrategy.runTask(AdaptiveExecutionStrategy.java:521)
	at org.eclipse.jetty.util.thread.strategy.AdaptiveExecutionStrategy.epcRunTask(AdaptiveExecutionStrategy.java:492)
	at org.eclipse.jetty.util.thread.strategy.AdaptiveExecutionStrategy.consumeTask(AdaptiveExecutionStrategy.java:447)
	at org.eclipse.jetty.util.thread.strategy.AdaptiveExecutionStrategy.tryProduce(AdaptiveExecutionStrategy.java:297)
	at org.eclipse.jetty.util.thread.strategy.AdaptiveExecutionStrategy.run(AdaptiveExecutionStrategy.java:202)
	at org.eclipse.jetty.util.thread.ReservedThreadExecutor$ReservedThread.run(ReservedThreadExecutor.java:312)
	at org.eclipse.jetty.util.thread.QueuedThreadPool.runJob(QueuedThreadPool.java:999)
	at org.eclipse.jetty.util.thread.QueuedThreadPool$Runner.doRunJob(QueuedThreadPool.java:1229)
	at org.eclipse.jetty.util.thread.QueuedThreadPool$Runner.run(QueuedThreadPool.java:1184)
	at java.base/java.lang.Thread.run(Thread.java:1474)
Caused by: org.sqlite.SQLiteException: [SQLITE_ERROR] SQL error or missing database (near "ILIKE": syntax error)
	at org.sqlite.core.DB.newSQLException(DB.java:1179)
	at org.sqlite.core.DB.newSQLException(DB.java:1190)
	at org.sqlite.core.DB.throwex(DB.java:1150)
	at org.sqlite.core.NativeDB.prepare_utf8(Native Method)
	at org.sqlite.core.NativeDB.prepare(NativeDB.java:135)
	at org.sqlite.core.DB.prepare(DB.java:264)
	at org.sqlite.core.CorePreparedStatement.<init>(CorePreparedStatement.java:46)
	at org.sqlite.jdbc3.JDBC3PreparedStatement.<init>(JDBC3PreparedStatement.java:32)
	at org.sqlite.jdbc4.JDBC4PreparedStatement.<init>(JDBC4PreparedStatement.java:28)
	at org.sqlite.jdbc4.JDBC4Connection.prepareStatement(JDBC4Connection.java:34)
	at org.sqlite.jdbc3.JDBC3Connection.prepareStatement(JDBC3Connection.java:225)
	at org.sqlite.jdbc3.JDBC3Connection.prepareStatement(JDBC3Connection.java:205)
	at com.zaxxer.hikari.pool.ProxyConnection.prepareStatement(ProxyConnection.java:328)
	at com.zaxxer.hikari.pool.HikariProxyConnection.prepareStatement(HikariProxyConnection.java)
	at next.jdbc.prepare$create.invokeStatic(prepare.clj:134)
	at next.jdbc.prepare$create.invoke(prepare.clj:84)
	at next.jdbc.result_set$eval3442$fn__3450.invoke(result_set.clj:943)
	at next.jdbc.protocols$eval2472$fn__2488$G__2463__2497.invoke(protocols.clj:34)
	at next.jdbc$execute_BANG_.invokeStatic(jdbc.clj:272)
	at next.jdbc$execute_BANG_.invoke(jdbc.clj:254)
	at boundary.platform.shell.adapters.database.common.execution$execute_query_BANG_.invokeStatic(execution.clj:94)
	... 73 common frames omitted
2026-03-20 07:09:18.377 [AUDIT] actor= resource= action= result= corr= tenant= - Processing authentication request {:uri /web/admin/orders/table, :method :get, :has-session true, :has-bearer false, :cookies (session-token Idea-2e373df0), :session-token-value aLxy1AJ7}
2026-03-20 07:09:18.377 [AUDIT] actor= resource= action= result= corr= tenant= - Attempting session authentication {:token-preview aLxy1AJ7}
2026-03-20 07:09:18.377 [AUDIT] actor= resource= action= result= corr= tenant= - Validating session token {:session-token aLxy1AJ7P4oN8nxlZx82bQ8ovUHHuO6Z2oUejYitrsI=, :uri /web/admin/orders/table}
2026-03-20 07:09:18.379 [AUDIT] actor= resource= action= result= corr= tenant= - Database operation successful: find-session-by-token {:session-token aLxy1AJ7P4oN8nxlZx82bQ8ovUHHuO6Z2oUejYitrsI=, :duration-ms 1.643959}
2026-03-20 07:09:18.380 [AUDIT] actor= resource= action= result= corr= tenant= - Database operation successful: update-session {:session-entity {:expires-at #object[java.time.Instant 0x190ff9be 2026-03-21T05:53:14.560559Z], :user-agent Mozilla/5.0 (Macintosh; Intel Mac OS X 10_15_7) AppleWebKit/605.1.15 (KHTML, like Gecko) Version/26.3.1 Safari/605.1.15, :session-token aLxy1AJ7P4oN8nxlZx82bQ8ovUHHuO6Z2oUejYitrsI=, :user-id #uuid "d5fa63dd-4d30-4f4f-9237-6df5ae005e6d", :last-accessed-at #object[java.time.Instant 0x572a2269 2026-03-20T06:09:18.379855Z], :id #uuid "36c4e937-b108-4009-8812-b60e65bbe528", :revoked-at nil, :created-at #object[java.time.Instant 0x15bd1cb9 2026-03-20T05:53:14.772936Z], :ip-address [0:0:0:0:0:0:0:1]}, :duration-ms 0.547}
2026-03-20 07:09:18.380 [AUDIT] actor= resource= action= result= corr= tenant= - Session validation successful {:user-id #uuid "d5fa63dd-4d30-4f4f-9237-6df5ae005e6d"}
2026-03-20 07:09:18.382 [AUDIT] actor= resource= action= result= corr= tenant= - Database operation successful: find-user-by-id {:user-id #uuid "d5fa63dd-4d30-4f4f-9237-6df5ae005e6d", :duration-ms 1.244125}
2026-03-20 07:09:18.384 [AUDIT] actor= resource= action= result= corr= tenant= - Database operation successful: admin-list-entities {:entity orders, :limit nil, :offset nil, :duration-ms 0.891}
2026-03-20 07:09:30.638 [AUDIT] actor= resource= action= result= corr= tenant= - Processing authentication request {:uri /web/admin/orders/4e9f13d4-ba12-4110-8648-1b82d7df63d9, :method :get, :has-session true, :has-bearer false, :cookies (session-token Idea-2e373df0), :session-token-value aLxy1AJ7}
2026-03-20 07:09:30.638 [AUDIT] actor= resource= action= result= corr= tenant= - Attempting session authentication {:token-preview aLxy1AJ7}
2026-03-20 07:09:30.638 [AUDIT] actor= resource= action= result= corr= tenant= - Validating session token {:session-token aLxy1AJ7P4oN8nxlZx82bQ8ovUHHuO6Z2oUejYitrsI=, :uri /web/admin/orders/4e9f13d4-ba12-4110-8648-1b82d7df63d9}
2026-03-20 07:09:30.640 [AUDIT] actor= resource= action= result= corr= tenant= - Database operation successful: find-session-by-token {:session-token aLxy1AJ7P4oN8nxlZx82bQ8ovUHHuO6Z2oUejYitrsI=, :duration-ms 1.458292}
2026-03-20 07:09:30.641 [AUDIT] actor= resource= action= result= corr= tenant= - Database operation successful: update-session {:session-entity {:expires-at #object[java.time.Instant 0x69978a0d 2026-03-21T05:53:14.560559Z], :user-agent Mozilla/5.0 (Macintosh; Intel Mac OS X 10_15_7) AppleWebKit/605.1.15 (KHTML, like Gecko) Version/26.3.1 Safari/605.1.15, :session-token aLxy1AJ7P4oN8nxlZx82bQ8ovUHHuO6Z2oUejYitrsI=, :user-id #uuid "d5fa63dd-4d30-4f4f-9237-6df5ae005e6d", :last-accessed-at #object[java.time.Instant 0x22186721 2026-03-20T06:09:30.640299Z], :id #uuid "36c4e937-b108-4009-8812-b60e65bbe528", :revoked-at nil, :created-at #object[java.time.Instant 0x4f711dc6 2026-03-20T05:53:14.772936Z], :ip-address [0:0:0:0:0:0:0:1]}, :duration-ms 0.558291}
2026-03-20 07:09:30.641 [AUDIT] actor= resource= action= result= corr= tenant= - Session validation successful {:user-id #uuid "d5fa63dd-4d30-4f4f-9237-6df5ae005e6d"}
2026-03-20 07:09:30.642 [AUDIT] actor= resource= action= result= corr= tenant= - Database operation successful: find-user-by-id {:user-id #uuid "d5fa63dd-4d30-4f4f-9237-6df5ae005e6d", :duration-ms 1.054375}
2026-03-20 07:09:30.644 [AUDIT] actor= resource= action= result= corr= tenant= - Database operation successful: admin-get-entity {:entity orders, :id #uuid "4e9f13d4-ba12-4110-8648-1b82d7df63d9", :duration-ms 0.947333}
2026-03-20 07:09:44.124 [AUDIT] actor= resource= action= result= corr= tenant= - Processing authentication request {:uri /web/admin/orders, :method :get, :has-session true, :has-bearer false, :cookies (session-token Idea-2e373df0), :session-token-value aLxy1AJ7}
2026-03-20 07:09:44.125 [AUDIT] actor= resource= action= result= corr= tenant= - Attempting session authentication {:token-preview aLxy1AJ7}
2026-03-20 07:09:44.125 [AUDIT] actor= resource= action= result= corr= tenant= - Validating session token {:session-token aLxy1AJ7P4oN8nxlZx82bQ8ovUHHuO6Z2oUejYitrsI=, :uri /web/admin/orders}
2026-03-20 07:09:44.127 [AUDIT] actor= resource= action= result= corr= tenant= - Database operation successful: find-session-by-token {:session-token aLxy1AJ7P4oN8nxlZx82bQ8ovUHHuO6Z2oUejYitrsI=, :duration-ms 1.883541}
2026-03-20 07:09:44.128 [AUDIT] actor= resource= action= result= corr= tenant= - Database operation successful: update-session {:session-entity {:expires-at #object[java.time.Instant 0x5de5cc6c 2026-03-21T05:53:14.560559Z], :user-agent Mozilla/5.0 (Macintosh; Intel Mac OS X 10_15_7) AppleWebKit/605.1.15 (KHTML, like Gecko) Version/26.3.1 Safari/605.1.15, :session-token aLxy1AJ7P4oN8nxlZx82bQ8ovUHHuO6Z2oUejYitrsI=, :user-id #uuid "d5fa63dd-4d30-4f4f-9237-6df5ae005e6d", :last-accessed-at #object[java.time.Instant 0x4cbcc5f 2026-03-20T06:09:44.127459Z], :id #uuid "36c4e937-b108-4009-8812-b60e65bbe528", :revoked-at nil, :created-at #object[java.time.Instant 0x749936f8 2026-03-20T05:53:14.772936Z], :ip-address [0:0:0:0:0:0:0:1]}, :duration-ms 0.893333}
2026-03-20 07:09:44.128 [AUDIT] actor= resource= action= result= corr= tenant= - Session validation successful {:user-id #uuid "d5fa63dd-4d30-4f4f-9237-6df5ae005e6d"}
2026-03-20 07:09:44.130 [AUDIT] actor= resource= action= result= corr= tenant= - Database operation successful: find-user-by-id {:user-id #uuid "d5fa63dd-4d30-4f4f-9237-6df5ae005e6d", :duration-ms 1.113542}
2026-03-20 07:09:44.132 [AUDIT] actor= resource= action= result= corr= tenant= - Database operation successful: admin-list-entities {:entity orders, :limit nil, :offset nil, :duration-ms 1.114083}
2026-03-20 07:09:51.377 [AUDIT] actor= resource= action= result= corr= tenant= - Processing authentication request {:uri /web/admin/orders, :method :get, :has-session true, :has-bearer false, :cookies (session-token Idea-2e373df0), :session-token-value aLxy1AJ7}
2026-03-20 07:09:51.378 [AUDIT] actor= resource= action= result= corr= tenant= - Attempting session authentication {:token-preview aLxy1AJ7}
2026-03-20 07:09:51.378 [AUDIT] actor= resource= action= result= corr= tenant= - Validating session token {:session-token aLxy1AJ7P4oN8nxlZx82bQ8ovUHHuO6Z2oUejYitrsI=, :uri /web/admin/orders}
2026-03-20 07:09:51.379 [AUDIT] actor= resource= action= result= corr= tenant= - Database operation successful: find-session-by-token {:session-token aLxy1AJ7P4oN8nxlZx82bQ8ovUHHuO6Z2oUejYitrsI=, :duration-ms 1.345041}
2026-03-20 07:09:51.381 [AUDIT] actor= resource= action= result= corr= tenant= - Database operation successful: update-session {:session-entity {:expires-at #object[java.time.Instant 0x642df52b 2026-03-21T05:53:14.560559Z], :user-agent Mozilla/5.0 (Macintosh; Intel Mac OS X 10_15_7) AppleWebKit/605.1.15 (KHTML, like Gecko) Version/26.3.1 Safari/605.1.15, :session-token aLxy1AJ7P4oN8nxlZx82bQ8ovUHHuO6Z2oUejYitrsI=, :user-id #uuid "d5fa63dd-4d30-4f4f-9237-6df5ae005e6d", :last-accessed-at #object[java.time.Instant 0x31bfdc41 2026-03-20T06:09:51.380098Z], :id #uuid "36c4e937-b108-4009-8812-b60e65bbe528", :revoked-at nil, :created-at #object[java.time.Instant 0x507f9438 2026-03-20T05:53:14.772936Z], :ip-address [0:0:0:0:0:0:0:1]}, :duration-ms 0.668584}
2026-03-20 07:09:51.381 [AUDIT] actor= resource= action= result= corr= tenant= - Session validation successful {:user-id #uuid "d5fa63dd-4d30-4f4f-9237-6df5ae005e6d"}
2026-03-20 07:09:51.382 [AUDIT] actor= resource= action= result= corr= tenant= - Database operation successful: find-user-by-id {:user-id #uuid "d5fa63dd-4d30-4f4f-9237-6df5ae005e6d", :duration-ms 0.956583}
2026-03-20 07:09:51.384 [AUDIT] actor= resource= action= result= corr= tenant= - Database operation successful: admin-list-entities {:entity orders, :limit nil, :offset nil, :duration-ms 1.012459}
2026-03-20 07:10:04.212 [AUDIT] actor= resource= action= result= corr= tenant= - Processing authentication request {:uri /web/admin/orders, :method :get, :has-session true, :has-bearer false, :cookies (session-token Idea-2e373df0), :session-token-value aLxy1AJ7}
2026-03-20 07:10:04.212 [AUDIT] actor= resource= action= result= corr= tenant= - Attempting session authentication {:token-preview aLxy1AJ7}
2026-03-20 07:10:04.212 [AUDIT] actor= resource= action= result= corr= tenant= - Validating session token {:session-token aLxy1AJ7P4oN8nxlZx82bQ8ovUHHuO6Z2oUejYitrsI=, :uri /web/admin/orders}
2026-03-20 07:10:04.215 [AUDIT] actor= resource= action= result= corr= tenant= - Database operation successful: find-session-by-token {:session-token aLxy1AJ7P4oN8nxlZx82bQ8ovUHHuO6Z2oUejYitrsI=, :duration-ms 2.182417}
2026-03-20 07:10:04.216 [AUDIT] actor= resource= action= result= corr= tenant= - Database operation successful: update-session {:session-entity {:expires-at #object[java.time.Instant 0x17273cdc 2026-03-21T05:53:14.560559Z], :user-agent Mozilla/5.0 (Macintosh; Intel Mac OS X 10_15_7) AppleWebKit/605.1.15 (KHTML, like Gecko) Version/26.3.1 Safari/605.1.15, :session-token aLxy1AJ7P4oN8nxlZx82bQ8ovUHHuO6Z2oUejYitrsI=, :user-id #uuid "d5fa63dd-4d30-4f4f-9237-6df5ae005e6d", :last-accessed-at #object[java.time.Instant 0x1ca817be 2026-03-20T06:10:04.215458Z], :id #uuid "36c4e937-b108-4009-8812-b60e65bbe528", :revoked-at nil, :created-at #object[java.time.Instant 0x533a9dbe 2026-03-20T05:53:14.772936Z], :ip-address [0:0:0:0:0:0:0:1]}, :duration-ms 0.897}
2026-03-20 07:10:04.216 [AUDIT] actor= resource= action= result= corr= tenant= - Session validation successful {:user-id #uuid "d5fa63dd-4d30-4f4f-9237-6df5ae005e6d"}
2026-03-20 07:10:04.218 [AUDIT] actor= resource= action= result= corr= tenant= - Database operation successful: find-user-by-id {:user-id #uuid "d5fa63dd-4d30-4f4f-9237-6df5ae005e6d", :duration-ms 1.005833}
2026-03-20 07:10:04.219 [AUDIT] actor= resource= action= result= corr= tenant= - Database operation successful: admin-list-entities {:entity orders, :limit nil, :offset nil, :duration-ms 0.870458}
2026-03-20 07:10:16.224 [AUDIT] actor= resource= action= result= corr= tenant= - Processing authentication request {:uri /web/admin/orders, :method :get, :has-session true, :has-bearer false, :cookies (session-token Idea-2e373df0), :session-token-value aLxy1AJ7}
2026-03-20 07:10:16.227 [AUDIT] actor= resource= action= result= corr= tenant= - Attempting session authentication {:token-preview aLxy1AJ7}
2026-03-20 07:10:16.227 [AUDIT] actor= resource= action= result= corr= tenant= - Validating session token {:session-token aLxy1AJ7P4oN8nxlZx82bQ8ovUHHuO6Z2oUejYitrsI=, :uri /web/admin/orders}
2026-03-20 07:10:16.230 [AUDIT] actor= resource= action= result= corr= tenant= - Database operation successful: find-session-by-token {:session-token aLxy1AJ7P4oN8nxlZx82bQ8ovUHHuO6Z2oUejYitrsI=, :duration-ms 2.074791}
2026-03-20 07:10:16.231 [AUDIT] actor= resource= action= result= corr= tenant= - Database operation successful: update-session {:session-entity {:expires-at #object[java.time.Instant 0x7fc80db5 2026-03-21T05:53:14.560559Z], :user-agent Mozilla/5.0 (Macintosh; Intel Mac OS X 10_15_7) AppleWebKit/605.1.15 (KHTML, like Gecko) Version/26.3.1 Safari/605.1.15, :session-token aLxy1AJ7P4oN8nxlZx82bQ8ovUHHuO6Z2oUejYitrsI=, :user-id #uuid "d5fa63dd-4d30-4f4f-9237-6df5ae005e6d", :last-accessed-at #object[java.time.Instant 0x51270f4c 2026-03-20T06:10:16.230526Z], :id #uuid "36c4e937-b108-4009-8812-b60e65bbe528", :revoked-at nil, :created-at #object[java.time.Instant 0xd6ee731 2026-03-20T05:53:14.772936Z], :ip-address [0:0:0:0:0:0:0:1]}, :duration-ms 0.703}
2026-03-20 07:10:16.231 [AUDIT] actor= resource= action= result= corr= tenant= - Session validation successful {:user-id #uuid "d5fa63dd-4d30-4f4f-9237-6df5ae005e6d"}
2026-03-20 07:10:16.232 [AUDIT] actor= resource= action= result= corr= tenant= - Database operation successful: find-user-by-id {:user-id #uuid "d5fa63dd-4d30-4f4f-9237-6df5ae005e6d", :duration-ms 1.057542}
2026-03-20 07:10:16.234 [AUDIT] actor= resource= action= result= corr= tenant= - Database operation successful: admin-list-entities {:entity orders, :limit nil, :offset nil, :duration-ms 1.009292}
2026-03-20 07:36:21.916 [AUDIT] actor= resource= action= result= corr= tenant= - User module routes halted (no cleanup needed)
2026-03-20 07:36:21.917 [AUDIT] actor= resource= action= result= corr= tenant= - User module database schema component halted
2026-03-20 07:36:21.917 [AUDIT] actor= resource= action= result= corr= tenant= - User service halted (no cleanup needed)
2026-03-20 07:36:21.918 [AUDIT] actor= resource= action= result= corr= tenant= - Authentication service halted (no cleanup needed)
2026-03-20 07:36:21.918 [AUDIT] actor= resource= action= result= corr= tenant= - Session repository halted (no cleanup needed)
2026-03-20 07:36:21.918 [AUDIT] actor= resource= action= result= corr= tenant= - MFA service halted (no cleanup needed)
2026-03-20 07:36:21.918 [AUDIT] actor= resource= action= result= corr= tenant= - User repository halted (no cleanup needed)
2026-03-20 07:36:21.918 [AUDIT] actor= resource= action= result= corr= tenant= - Audit repository halted (no cleanup needed)
2026-03-20 07:36:21.919 [AUDIT] actor= resource= action= result= corr= tenant= - Closing database context {:adapter nil}
2026-03-20 07:36:21.919 [AUDIT] actor= resource= action= result= corr= tenant= - Closing database connection pool {:pool-name default-Pool}
2026-03-20 07:36:21.920 [AUDIT] actor= resource= action= result= corr= tenant= - Database connection pool closed {:pool-name default-Pool}
2026-03-20 07:36:28.353 [AUDIT] actor= resource= action= result= corr= tenant= - Creating database connection pool {:adapter nil, :pool-size 5, :pool-name default-Pool}
2026-03-20 07:36:28.699 [AUDIT] actor= resource= action= result= corr= tenant= - SQLite PRAGMA initialization completed {:successful-pragmas 7, :failed-pragmas 0, :total-pragmas 7}
2026-03-20 07:36:28.699 [AUDIT] actor= resource= action= result= corr= tenant= - Database connection pool created successfully {:adapter nil, :pool-name default-Pool}
2026-03-20 07:36:28.699 [AUDIT] actor= resource= action= result= corr= tenant= - Created database context {:adapter nil}
2026-03-20 07:36:28.701 [AUDIT] actor= resource= action= result= corr= tenant= - Initializing audit repository
2026-03-20 07:36:28.701 [AUDIT] actor= resource= action= result= corr= tenant= - Audit repository initialized
2026-03-20 07:36:28.702 [AUDIT] actor= resource= action= result= corr= tenant= - Initializing user repository
2026-03-20 07:36:28.706 [AUDIT] actor= resource= action= result= corr= tenant= - User repository initialized
2026-03-20 07:36:28.706 [AUDIT] actor= resource= action= result= corr= tenant= - Initializing MFA service
2026-03-20 07:36:28.706 [AUDIT] actor= resource= action= result= corr= tenant= - MFA service initialized
2026-03-20 07:36:28.707 [AUDIT] actor= resource= action= result= corr= tenant= - Initializing session repository
2026-03-20 07:36:28.707 [AUDIT] actor= resource= action= result= corr= tenant= - Session repository initialized
2026-03-20 07:36:28.707 [AUDIT] actor= resource= action= result= corr= tenant= - Initializing authentication service
2026-03-20 07:36:28.707 [AUDIT] actor= resource= action= result= corr= tenant= - Authentication service initialized
2026-03-20 07:36:28.708 [AUDIT] actor= resource= action= result= corr= tenant= - Initializing user service {:cache-enabled? false}
2026-03-20 07:36:28.708 [AUDIT] actor= resource= action= result= corr= tenant= - User service initialized
2026-03-20 07:36:28.710 [AUDIT] actor= resource= action= result= corr= tenant= - Initializing user module database schema
2026-03-20 07:36:28.710 [AUDIT] actor= resource= action= result= corr= tenant= - Initializing user schema from Malli definitions (split-table architecture)
2026-03-20 07:36:28.711 [AUDIT] actor= resource= action= result= corr= tenant= - Initializing database schema from Malli definitions {:dialect nil, :tables (auth_users users user_sessions user_audit_log)}
2026-03-20 07:36:28.712 [AUDIT] actor= resource= action= result= corr= tenant= - DDL statement executed successfully {:adapter nil, :statement-preview CREATE TABLE IF NOT EXISTS auth_users (
  id UUID NOT NULL PRIMARY KEY,
  email VARCHAR(255) NOT NULL,
  password_hash VARCHAR(255) NOT NULL,
  active BOOLEAN NOT NULL DEFAULT true,
  mfa_enabled BOOLEAN,
  mfa_secret VARCHAR(255),
  mfa_backup_codes VARCHAR(255),
  mfa_backup_codes_used VARCHAR(255),
  mfa_enabled_at VARCHAR(255),
  failed_login_count INTEGER,
  lockout_until VARCHAR(255),
  created_at VARCHAR(255) NOT NULL,
  updated_at VARCHAR(255),
  deleted_at VARCHAR(255),
  CONSTRAINT uk_auth_users_email UNIQUE(email)
);}
2026-03-20 07:36:28.713 [AUDIT] actor= resource= action= result= corr= tenant= - DDL statement executed successfully {:adapter nil, :statement-preview CREATE TABLE IF NOT EXISTS users (
  id UUID NOT NULL PRIMARY KEY,
  tenant_id UUID,
  name VARCHAR(255) NOT NULL,
  role VARCHAR(50) NOT NULL CHECK(role IN ('admin', 'user', 'viewer')),
  avatar_url VARCHAR(255),
  login_count INTEGER,
  last_login VARCHAR(255),
  notifications_email BOOLEAN,
  notifications_push BOOLEAN,
  notifications_sms BOOLEAN,
  theme VARCHAR(50) CHECK(theme IN ('light', 'dark', 'auto')),
  language VARCHAR(255),
  timezone VARCHAR(255),
  date_format VARCHAR(50) CHECK(date_format IN ('iso', 'us', 'eu')),
  time_format VARCHAR(50) CHECK(time_format IN ('12h', '24h')),
  created_at VARCHAR(255) NOT NULL,
  updated_at VARCHAR(255),
  deleted_at VARCHAR(255)
);}
2026-03-20 07:36:28.713 [AUDIT] actor= resource= action= result= corr= tenant= - DDL statement executed successfully {:adapter nil, :statement-preview CREATE TABLE IF NOT EXISTS user_sessions (
  id UUID NOT NULL PRIMARY KEY,
  user_id UUID NOT NULL,
  session_token VARCHAR(255) NOT NULL,
  expires_at VARCHAR(255) NOT NULL,
  created_at VARCHAR(255) NOT NULL,
  last_accessed_at VARCHAR(255),
  revoked_at VARCHAR(255),
  user_agent VARCHAR(255),
  ip_address VARCHAR(255),
  CONSTRAINT uk_user_sessions_token UNIQUE(session_token)
);}
2026-03-20 07:36:28.713 [AUDIT] actor= resource= action= result= corr= tenant= - DDL statement executed successfully {:adapter nil, :statement-preview CREATE TABLE IF NOT EXISTS user_audit_log (
  id UUID NOT NULL PRIMARY KEY,
  action VARCHAR(50) NOT NULL CHECK(action IN ('create', 'update', 'delete', 'activate', 'deactivate', 'role-change', 'bulk-action', 'login', 'logout')),
  actor_id UUID,
  actor_email VARCHAR(255),
  target_user_id UUID NOT NULL,
  target_user_email VARCHAR(255) NOT NULL,
  changes JSONB,
  metadata JSONB,
  ip_address VARCHAR(255),
  user_agent VARCHAR(255),
  result VARCHAR(50) NOT NULL CHECK(result IN ('success', 'failure')),
  error_message VARCHAR(255),
  created_at VARCHAR(255) NOT NULL
);}
2026-03-20 07:36:28.714 [AUDIT] actor= resource= action= result= corr= tenant= - DDL statement executed successfully {:adapter nil, :statement-preview CREATE INDEX IF NOT EXISTS idx_auth_users_mfa_enabled_at ON auth_users (mfa_enabled_at)}
2026-03-20 07:36:28.714 [AUDIT] actor= resource= action= result= corr= tenant= - DDL statement executed successfully {:adapter nil, :statement-preview CREATE INDEX IF NOT EXISTS idx_auth_users_created_at ON auth_users (created_at)}
2026-03-20 07:36:28.714 [AUDIT] actor= resource= action= result= corr= tenant= - DDL statement executed successfully {:adapter nil, :statement-preview CREATE INDEX IF NOT EXISTS idx_auth_users_updated_at ON auth_users (updated_at)}
2026-03-20 07:36:28.714 [AUDIT] actor= resource= action= result= corr= tenant= - DDL statement executed successfully {:adapter nil, :statement-preview CREATE INDEX IF NOT EXISTS idx_auth_users_deleted_at ON auth_users (deleted_at)}
2026-03-20 07:36:28.714 [AUDIT] actor= resource= action= result= corr= tenant= - DDL statement executed successfully {:adapter nil, :statement-preview CREATE INDEX IF NOT EXISTS idx_auth_users_email ON auth_users (email)}
2026-03-20 07:36:28.714 [AUDIT] actor= resource= action= result= corr= tenant= - DDL statement executed successfully {:adapter nil, :statement-preview CREATE INDEX IF NOT EXISTS idx_auth_users_active ON auth_users (active)}
2026-03-20 07:36:28.715 [AUDIT] actor= resource= action= result= corr= tenant= - DDL statement executed successfully {:adapter nil, :statement-preview CREATE INDEX IF NOT EXISTS idx_users_tenant_id ON users (tenant_id)}
2026-03-20 07:36:28.715 [AUDIT] actor= resource= action= result= corr= tenant= - DDL statement executed successfully {:adapter nil, :statement-preview CREATE INDEX IF NOT EXISTS idx_users_role ON users (role)}
2026-03-20 07:36:28.715 [AUDIT] actor= resource= action= result= corr= tenant= - DDL statement executed successfully {:adapter nil, :statement-preview CREATE INDEX IF NOT EXISTS idx_users_theme ON users (theme)}
2026-03-20 07:36:28.715 [AUDIT] actor= resource= action= result= corr= tenant= - DDL statement executed successfully {:adapter nil, :statement-preview CREATE INDEX IF NOT EXISTS idx_users_date_format ON users (date_format)}
2026-03-20 07:36:28.715 [AUDIT] actor= resource= action= result= corr= tenant= - DDL statement executed successfully {:adapter nil, :statement-preview CREATE INDEX IF NOT EXISTS idx_users_time_format ON users (time_format)}
2026-03-20 07:36:28.715 [AUDIT] actor= resource= action= result= corr= tenant= - DDL statement executed successfully {:adapter nil, :statement-preview CREATE INDEX IF NOT EXISTS idx_users_created_at ON users (created_at)}
2026-03-20 07:36:28.715 [AUDIT] actor= resource= action= result= corr= tenant= - DDL statement executed successfully {:adapter nil, :statement-preview CREATE INDEX IF NOT EXISTS idx_users_updated_at ON users (updated_at)}
2026-03-20 07:36:28.715 [AUDIT] actor= resource= action= result= corr= tenant= - DDL statement executed successfully {:adapter nil, :statement-preview CREATE INDEX IF NOT EXISTS idx_users_deleted_at ON users (deleted_at)}
2026-03-20 07:36:28.715 [AUDIT] actor= resource= action= result= corr= tenant= - DDL statement executed successfully {:adapter nil, :statement-preview CREATE INDEX IF NOT EXISTS idx_users_role ON users (role)}
2026-03-20 07:36:28.716 [AUDIT] actor= resource= action= result= corr= tenant= - DDL statement executed successfully {:adapter nil, :statement-preview CREATE INDEX IF NOT EXISTS idx_user_sessions_user_id ON user_sessions (user_id)}
2026-03-20 07:36:28.716 [AUDIT] actor= resource= action= result= corr= tenant= - DDL statement executed successfully {:adapter nil, :statement-preview CREATE INDEX IF NOT EXISTS idx_user_sessions_expires_at ON user_sessions (expires_at)}
2026-03-20 07:36:28.716 [AUDIT] actor= resource= action= result= corr= tenant= - DDL statement executed successfully {:adapter nil, :statement-preview CREATE INDEX IF NOT EXISTS idx_user_sessions_created_at ON user_sessions (created_at)}
2026-03-20 07:36:28.716 [AUDIT] actor= resource= action= result= corr= tenant= - DDL statement executed successfully {:adapter nil, :statement-preview CREATE INDEX IF NOT EXISTS idx_user_sessions_last_accessed_at ON user_sessions (last_accessed_at)}
2026-03-20 07:36:28.716 [AUDIT] actor= resource= action= result= corr= tenant= - DDL statement executed successfully {:adapter nil, :statement-preview CREATE INDEX IF NOT EXISTS idx_user_sessions_revoked_at ON user_sessions (revoked_at)}
2026-03-20 07:36:28.716 [AUDIT] actor= resource= action= result= corr= tenant= - DDL statement executed successfully {:adapter nil, :statement-preview CREATE INDEX IF NOT EXISTS idx_sessions_token ON user_sessions (session_token)}
2026-03-20 07:36:28.716 [AUDIT] actor= resource= action= result= corr= tenant= - DDL statement executed successfully {:adapter nil, :statement-preview CREATE INDEX IF NOT EXISTS idx_sessions_expires_at ON user_sessions (expires_at)}
2026-03-20 07:36:28.716 [AUDIT] actor= resource= action= result= corr= tenant= - DDL statement executed successfully {:adapter nil, :statement-preview CREATE INDEX IF NOT EXISTS idx_user_audit_log_actor_id ON user_audit_log (actor_id)}
2026-03-20 07:36:28.716 [AUDIT] actor= resource= action= result= corr= tenant= - DDL statement executed successfully {:adapter nil, :statement-preview CREATE INDEX IF NOT EXISTS idx_user_audit_log_target_user_id ON user_audit_log (target_user_id)}
2026-03-20 07:36:28.717 [AUDIT] actor= resource= action= result= corr= tenant= - DDL statement executed successfully {:adapter nil, :statement-preview CREATE INDEX IF NOT EXISTS idx_user_audit_log_action ON user_audit_log (action)}
2026-03-20 07:36:28.717 [AUDIT] actor= resource= action= result= corr= tenant= - DDL statement executed successfully {:adapter nil, :statement-preview CREATE INDEX IF NOT EXISTS idx_user_audit_log_result ON user_audit_log (result)}
2026-03-20 07:36:28.717 [AUDIT] actor= resource= action= result= corr= tenant= - DDL statement executed successfully {:adapter nil, :statement-preview CREATE INDEX IF NOT EXISTS idx_user_audit_log_created_at ON user_audit_log (created_at)}
2026-03-20 07:36:28.717 [AUDIT] actor= resource= action= result= corr= tenant= - Database schema initialization completed successfully {:dialect nil, :tables (auth_users users user_sessions user_audit_log)}
2026-03-20 07:36:28.718 [AUDIT] actor= resource= action= result= corr= tenant= - User module database schema initialized
2026-03-20 07:36:28.718 [AUDIT] actor= resource= action= result= corr= tenant= - Initializing user module routes (normalized format)
2026-03-20 07:36:28.817 [AUDIT] actor= resource= action= result= corr= tenant= - User module routes initialized successfully {:route-keys (:api :web :static), :api-count 9, :web-count 22}
2026-03-20 07:38:47.120 [AUDIT] actor= resource= action= result= corr= tenant= - User module routes halted (no cleanup needed)
2026-03-20 07:38:47.120 [AUDIT] actor= resource= action= result= corr= tenant= - User module database schema component halted
2026-03-20 07:38:47.120 [AUDIT] actor= resource= action= result= corr= tenant= - User service halted (no cleanup needed)
2026-03-20 07:38:47.121 [AUDIT] actor= resource= action= result= corr= tenant= - Authentication service halted (no cleanup needed)
2026-03-20 07:38:47.121 [AUDIT] actor= resource= action= result= corr= tenant= - Session repository halted (no cleanup needed)
2026-03-20 07:38:47.121 [AUDIT] actor= resource= action= result= corr= tenant= - MFA service halted (no cleanup needed)
2026-03-20 07:38:47.121 [AUDIT] actor= resource= action= result= corr= tenant= - User repository halted (no cleanup needed)
2026-03-20 07:38:47.121 [AUDIT] actor= resource= action= result= corr= tenant= - Audit repository halted (no cleanup needed)
2026-03-20 07:38:47.121 [AUDIT] actor= resource= action= result= corr= tenant= - Closing database context {:adapter nil}
2026-03-20 07:38:47.122 [AUDIT] actor= resource= action= result= corr= tenant= - Closing database connection pool {:pool-name default-Pool}
2026-03-20 07:38:47.122 [AUDIT] actor= resource= action= result= corr= tenant= - Database connection pool closed {:pool-name default-Pool}
2026-03-20 07:38:52.262 [AUDIT] actor= resource= action= result= corr= tenant= - Creating database connection pool {:adapter nil, :pool-size 5, :pool-name default-Pool}
2026-03-20 07:38:52.500 [AUDIT] actor= resource= action= result= corr= tenant= - SQLite PRAGMA initialization completed {:successful-pragmas 7, :failed-pragmas 0, :total-pragmas 7}
2026-03-20 07:38:52.500 [AUDIT] actor= resource= action= result= corr= tenant= - Database connection pool created successfully {:adapter nil, :pool-name default-Pool}
2026-03-20 07:38:52.500 [AUDIT] actor= resource= action= result= corr= tenant= - Created database context {:adapter nil}
2026-03-20 07:38:52.501 [AUDIT] actor= resource= action= result= corr= tenant= - Initializing audit repository
2026-03-20 07:38:52.501 [AUDIT] actor= resource= action= result= corr= tenant= - Audit repository initialized
2026-03-20 07:38:52.502 [AUDIT] actor= resource= action= result= corr= tenant= - Initializing user repository
2026-03-20 07:38:52.505 [AUDIT] actor= resource= action= result= corr= tenant= - User repository initialized
2026-03-20 07:38:52.505 [AUDIT] actor= resource= action= result= corr= tenant= - Initializing MFA service
2026-03-20 07:38:52.505 [AUDIT] actor= resource= action= result= corr= tenant= - MFA service initialized
2026-03-20 07:38:52.505 [AUDIT] actor= resource= action= result= corr= tenant= - Initializing session repository
2026-03-20 07:38:52.505 [AUDIT] actor= resource= action= result= corr= tenant= - Session repository initialized
2026-03-20 07:38:52.506 [AUDIT] actor= resource= action= result= corr= tenant= - Initializing authentication service
2026-03-20 07:38:52.506 [AUDIT] actor= resource= action= result= corr= tenant= - Authentication service initialized
2026-03-20 07:38:52.506 [AUDIT] actor= resource= action= result= corr= tenant= - Initializing user service {:cache-enabled? false}
2026-03-20 07:38:52.506 [AUDIT] actor= resource= action= result= corr= tenant= - User service initialized
2026-03-20 07:38:52.508 [AUDIT] actor= resource= action= result= corr= tenant= - Initializing user module database schema
2026-03-20 07:38:52.509 [AUDIT] actor= resource= action= result= corr= tenant= - Initializing user schema from Malli definitions (split-table architecture)
2026-03-20 07:38:52.510 [AUDIT] actor= resource= action= result= corr= tenant= - Initializing database schema from Malli definitions {:dialect nil, :tables (auth_users users user_sessions user_audit_log)}
2026-03-20 07:38:52.510 [AUDIT] actor= resource= action= result= corr= tenant= - DDL statement executed successfully {:adapter nil, :statement-preview CREATE TABLE IF NOT EXISTS auth_users (
  id UUID NOT NULL PRIMARY KEY,
  email VARCHAR(255) NOT NULL,
  password_hash VARCHAR(255) NOT NULL,
  active BOOLEAN NOT NULL DEFAULT true,
  mfa_enabled BOOLEAN,
  mfa_secret VARCHAR(255),
  mfa_backup_codes VARCHAR(255),
  mfa_backup_codes_used VARCHAR(255),
  mfa_enabled_at VARCHAR(255),
  failed_login_count INTEGER,
  lockout_until VARCHAR(255),
  created_at VARCHAR(255) NOT NULL,
  updated_at VARCHAR(255),
  deleted_at VARCHAR(255),
  CONSTRAINT uk_auth_users_email UNIQUE(email)
);}
2026-03-20 07:38:52.511 [AUDIT] actor= resource= action= result= corr= tenant= - DDL statement executed successfully {:adapter nil, :statement-preview CREATE TABLE IF NOT EXISTS users (
  id UUID NOT NULL PRIMARY KEY,
  tenant_id UUID,
  name VARCHAR(255) NOT NULL,
  role VARCHAR(50) NOT NULL CHECK(role IN ('admin', 'user', 'viewer')),
  avatar_url VARCHAR(255),
  login_count INTEGER,
  last_login VARCHAR(255),
  notifications_email BOOLEAN,
  notifications_push BOOLEAN,
  notifications_sms BOOLEAN,
  theme VARCHAR(50) CHECK(theme IN ('light', 'dark', 'auto')),
  language VARCHAR(255),
  timezone VARCHAR(255),
  date_format VARCHAR(50) CHECK(date_format IN ('iso', 'us', 'eu')),
  time_format VARCHAR(50) CHECK(time_format IN ('12h', '24h')),
  created_at VARCHAR(255) NOT NULL,
  updated_at VARCHAR(255),
  deleted_at VARCHAR(255)
);}
2026-03-20 07:38:52.511 [AUDIT] actor= resource= action= result= corr= tenant= - DDL statement executed successfully {:adapter nil, :statement-preview CREATE TABLE IF NOT EXISTS user_sessions (
  id UUID NOT NULL PRIMARY KEY,
  user_id UUID NOT NULL,
  session_token VARCHAR(255) NOT NULL,
  expires_at VARCHAR(255) NOT NULL,
  created_at VARCHAR(255) NOT NULL,
  last_accessed_at VARCHAR(255),
  revoked_at VARCHAR(255),
  user_agent VARCHAR(255),
  ip_address VARCHAR(255),
  CONSTRAINT uk_user_sessions_token UNIQUE(session_token)
);}
2026-03-20 07:38:52.511 [AUDIT] actor= resource= action= result= corr= tenant= - DDL statement executed successfully {:adapter nil, :statement-preview CREATE TABLE IF NOT EXISTS user_audit_log (
  id UUID NOT NULL PRIMARY KEY,
  action VARCHAR(50) NOT NULL CHECK(action IN ('create', 'update', 'delete', 'activate', 'deactivate', 'role-change', 'bulk-action', 'login', 'logout')),
  actor_id UUID,
  actor_email VARCHAR(255),
  target_user_id UUID NOT NULL,
  target_user_email VARCHAR(255) NOT NULL,
  changes JSONB,
  metadata JSONB,
  ip_address VARCHAR(255),
  user_agent VARCHAR(255),
  result VARCHAR(50) NOT NULL CHECK(result IN ('success', 'failure')),
  error_message VARCHAR(255),
  created_at VARCHAR(255) NOT NULL
);}
2026-03-20 07:38:52.512 [AUDIT] actor= resource= action= result= corr= tenant= - DDL statement executed successfully {:adapter nil, :statement-preview CREATE INDEX IF NOT EXISTS idx_auth_users_mfa_enabled_at ON auth_users (mfa_enabled_at)}
2026-03-20 07:38:52.512 [AUDIT] actor= resource= action= result= corr= tenant= - DDL statement executed successfully {:adapter nil, :statement-preview CREATE INDEX IF NOT EXISTS idx_auth_users_created_at ON auth_users (created_at)}
2026-03-20 07:38:52.512 [AUDIT] actor= resource= action= result= corr= tenant= - DDL statement executed successfully {:adapter nil, :statement-preview CREATE INDEX IF NOT EXISTS idx_auth_users_updated_at ON auth_users (updated_at)}
2026-03-20 07:38:52.512 [AUDIT] actor= resource= action= result= corr= tenant= - DDL statement executed successfully {:adapter nil, :statement-preview CREATE INDEX IF NOT EXISTS idx_auth_users_deleted_at ON auth_users (deleted_at)}
2026-03-20 07:38:52.512 [AUDIT] actor= resource= action= result= corr= tenant= - DDL statement executed successfully {:adapter nil, :statement-preview CREATE INDEX IF NOT EXISTS idx_auth_users_email ON auth_users (email)}
2026-03-20 07:38:52.512 [AUDIT] actor= resource= action= result= corr= tenant= - DDL statement executed successfully {:adapter nil, :statement-preview CREATE INDEX IF NOT EXISTS idx_auth_users_active ON auth_users (active)}
2026-03-20 07:38:52.513 [AUDIT] actor= resource= action= result= corr= tenant= - DDL statement executed successfully {:adapter nil, :statement-preview CREATE INDEX IF NOT EXISTS idx_users_tenant_id ON users (tenant_id)}
2026-03-20 07:38:52.513 [AUDIT] actor= resource= action= result= corr= tenant= - DDL statement executed successfully {:adapter nil, :statement-preview CREATE INDEX IF NOT EXISTS idx_users_role ON users (role)}
2026-03-20 07:38:52.513 [AUDIT] actor= resource= action= result= corr= tenant= - DDL statement executed successfully {:adapter nil, :statement-preview CREATE INDEX IF NOT EXISTS idx_users_theme ON users (theme)}
2026-03-20 07:38:52.513 [AUDIT] actor= resource= action= result= corr= tenant= - DDL statement executed successfully {:adapter nil, :statement-preview CREATE INDEX IF NOT EXISTS idx_users_date_format ON users (date_format)}
2026-03-20 07:38:52.513 [AUDIT] actor= resource= action= result= corr= tenant= - DDL statement executed successfully {:adapter nil, :statement-preview CREATE INDEX IF NOT EXISTS idx_users_time_format ON users (time_format)}
2026-03-20 07:38:52.513 [AUDIT] actor= resource= action= result= corr= tenant= - DDL statement executed successfully {:adapter nil, :statement-preview CREATE INDEX IF NOT EXISTS idx_users_created_at ON users (created_at)}
2026-03-20 07:38:52.513 [AUDIT] actor= resource= action= result= corr= tenant= - DDL statement executed successfully {:adapter nil, :statement-preview CREATE INDEX IF NOT EXISTS idx_users_updated_at ON users (updated_at)}
2026-03-20 07:38:52.513 [AUDIT] actor= resource= action= result= corr= tenant= - DDL statement executed successfully {:adapter nil, :statement-preview CREATE INDEX IF NOT EXISTS idx_users_deleted_at ON users (deleted_at)}
2026-03-20 07:38:52.513 [AUDIT] actor= resource= action= result= corr= tenant= - DDL statement executed successfully {:adapter nil, :statement-preview CREATE INDEX IF NOT EXISTS idx_users_role ON users (role)}
2026-03-20 07:38:52.513 [AUDIT] actor= resource= action= result= corr= tenant= - DDL statement executed successfully {:adapter nil, :statement-preview CREATE INDEX IF NOT EXISTS idx_user_sessions_user_id ON user_sessions (user_id)}
2026-03-20 07:38:52.514 [AUDIT] actor= resource= action= result= corr= tenant= - DDL statement executed successfully {:adapter nil, :statement-preview CREATE INDEX IF NOT EXISTS idx_user_sessions_expires_at ON user_sessions (expires_at)}
2026-03-20 07:38:52.514 [AUDIT] actor= resource= action= result= corr= tenant= - DDL statement executed successfully {:adapter nil, :statement-preview CREATE INDEX IF NOT EXISTS idx_user_sessions_created_at ON user_sessions (created_at)}
2026-03-20 07:38:52.514 [AUDIT] actor= resource= action= result= corr= tenant= - DDL statement executed successfully {:adapter nil, :statement-preview CREATE INDEX IF NOT EXISTS idx_user_sessions_last_accessed_at ON user_sessions (last_accessed_at)}
2026-03-20 07:38:52.514 [AUDIT] actor= resource= action= result= corr= tenant= - DDL statement executed successfully {:adapter nil, :statement-preview CREATE INDEX IF NOT EXISTS idx_user_sessions_revoked_at ON user_sessions (revoked_at)}
2026-03-20 07:38:52.514 [AUDIT] actor= resource= action= result= corr= tenant= - DDL statement executed successfully {:adapter nil, :statement-preview CREATE INDEX IF NOT EXISTS idx_sessions_token ON user_sessions (session_token)}
2026-03-20 07:38:52.514 [AUDIT] actor= resource= action= result= corr= tenant= - DDL statement executed successfully {:adapter nil, :statement-preview CREATE INDEX IF NOT EXISTS idx_sessions_expires_at ON user_sessions (expires_at)}
2026-03-20 07:38:52.514 [AUDIT] actor= resource= action= result= corr= tenant= - DDL statement executed successfully {:adapter nil, :statement-preview CREATE INDEX IF NOT EXISTS idx_user_audit_log_actor_id ON user_audit_log (actor_id)}
2026-03-20 07:38:52.514 [AUDIT] actor= resource= action= result= corr= tenant= - DDL statement executed successfully {:adapter nil, :statement-preview CREATE INDEX IF NOT EXISTS idx_user_audit_log_target_user_id ON user_audit_log (target_user_id)}
2026-03-20 07:38:52.514 [AUDIT] actor= resource= action= result= corr= tenant= - DDL statement executed successfully {:adapter nil, :statement-preview CREATE INDEX IF NOT EXISTS idx_user_audit_log_action ON user_audit_log (action)}
2026-03-20 07:38:52.515 [AUDIT] actor= resource= action= result= corr= tenant= - DDL statement executed successfully {:adapter nil, :statement-preview CREATE INDEX IF NOT EXISTS idx_user_audit_log_result ON user_audit_log (result)}
2026-03-20 07:38:52.515 [AUDIT] actor= resource= action= result= corr= tenant= - DDL statement executed successfully {:adapter nil, :statement-preview CREATE INDEX IF NOT EXISTS idx_user_audit_log_created_at ON user_audit_log (created_at)}
2026-03-20 07:38:52.515 [AUDIT] actor= resource= action= result= corr= tenant= - Database schema initialization completed successfully {:dialect nil, :tables (auth_users users user_sessions user_audit_log)}
2026-03-20 07:38:52.516 [AUDIT] actor= resource= action= result= corr= tenant= - User module database schema initialized
2026-03-20 07:38:52.516 [AUDIT] actor= resource= action= result= corr= tenant= - Initializing user module routes (normalized format)
2026-03-20 07:38:52.614 [AUDIT] actor= resource= action= result= corr= tenant= - User module routes initialized successfully {:route-keys (:api :web :static), :api-count 9, :web-count 22}
2026-03-20 07:43:42.384 [AUDIT] actor= resource= action= result= corr= tenant= - User module routes halted (no cleanup needed)
2026-03-20 07:43:42.384 [AUDIT] actor= resource= action= result= corr= tenant= - User module database schema component halted
2026-03-20 07:43:42.385 [AUDIT] actor= resource= action= result= corr= tenant= - User service halted (no cleanup needed)
2026-03-20 07:43:42.385 [AUDIT] actor= resource= action= result= corr= tenant= - Authentication service halted (no cleanup needed)
2026-03-20 07:43:42.385 [AUDIT] actor= resource= action= result= corr= tenant= - Session repository halted (no cleanup needed)
2026-03-20 07:43:42.385 [AUDIT] actor= resource= action= result= corr= tenant= - MFA service halted (no cleanup needed)
2026-03-20 07:43:42.385 [AUDIT] actor= resource= action= result= corr= tenant= - User repository halted (no cleanup needed)
2026-03-20 07:43:42.385 [AUDIT] actor= resource= action= result= corr= tenant= - Audit repository halted (no cleanup needed)
2026-03-20 07:43:42.386 [AUDIT] actor= resource= action= result= corr= tenant= - Closing database context {:adapter nil}
2026-03-20 07:43:42.386 [AUDIT] actor= resource= action= result= corr= tenant= - Closing database connection pool {:pool-name default-Pool}
2026-03-20 07:43:42.386 [AUDIT] actor= resource= action= result= corr= tenant= - Database connection pool closed {:pool-name default-Pool}
2026-03-20 07:43:48.947 [AUDIT] actor= resource= action= result= corr= tenant= - Creating database connection pool {:adapter nil, :pool-size 5, :pool-name default-Pool}
2026-03-20 07:43:49.195 [AUDIT] actor= resource= action= result= corr= tenant= - SQLite PRAGMA initialization completed {:successful-pragmas 7, :failed-pragmas 0, :total-pragmas 7}
2026-03-20 07:43:49.195 [AUDIT] actor= resource= action= result= corr= tenant= - Database connection pool created successfully {:adapter nil, :pool-name default-Pool}
2026-03-20 07:43:49.195 [AUDIT] actor= resource= action= result= corr= tenant= - Created database context {:adapter nil}
2026-03-20 07:43:49.197 [AUDIT] actor= resource= action= result= corr= tenant= - Initializing audit repository
2026-03-20 07:43:49.197 [AUDIT] actor= resource= action= result= corr= tenant= - Audit repository initialized
2026-03-20 07:43:49.197 [AUDIT] actor= resource= action= result= corr= tenant= - Initializing user repository
2026-03-20 07:43:49.202 [AUDIT] actor= resource= action= result= corr= tenant= - User repository initialized
2026-03-20 07:43:49.202 [AUDIT] actor= resource= action= result= corr= tenant= - Initializing MFA service
2026-03-20 07:43:49.202 [AUDIT] actor= resource= action= result= corr= tenant= - MFA service initialized
2026-03-20 07:43:49.202 [AUDIT] actor= resource= action= result= corr= tenant= - Initializing session repository
2026-03-20 07:43:49.203 [AUDIT] actor= resource= action= result= corr= tenant= - Session repository initialized
2026-03-20 07:43:49.203 [AUDIT] actor= resource= action= result= corr= tenant= - Initializing authentication service
2026-03-20 07:43:49.203 [AUDIT] actor= resource= action= result= corr= tenant= - Authentication service initialized
2026-03-20 07:43:49.203 [AUDIT] actor= resource= action= result= corr= tenant= - Initializing user service {:cache-enabled? false}
2026-03-20 07:43:49.204 [AUDIT] actor= resource= action= result= corr= tenant= - User service initialized
2026-03-20 07:43:49.206 [AUDIT] actor= resource= action= result= corr= tenant= - Initializing user module database schema
2026-03-20 07:43:49.207 [AUDIT] actor= resource= action= result= corr= tenant= - Initializing user schema from Malli definitions (split-table architecture)
2026-03-20 07:43:49.208 [AUDIT] actor= resource= action= result= corr= tenant= - Initializing database schema from Malli definitions {:dialect nil, :tables (auth_users users user_sessions user_audit_log)}
2026-03-20 07:43:49.209 [AUDIT] actor= resource= action= result= corr= tenant= - DDL statement executed successfully {:adapter nil, :statement-preview CREATE TABLE IF NOT EXISTS auth_users (
  id UUID NOT NULL PRIMARY KEY,
  email VARCHAR(255) NOT NULL,
  password_hash VARCHAR(255) NOT NULL,
  active BOOLEAN NOT NULL DEFAULT true,
  mfa_enabled BOOLEAN,
  mfa_secret VARCHAR(255),
  mfa_backup_codes VARCHAR(255),
  mfa_backup_codes_used VARCHAR(255),
  mfa_enabled_at VARCHAR(255),
  failed_login_count INTEGER,
  lockout_until VARCHAR(255),
  created_at VARCHAR(255) NOT NULL,
  updated_at VARCHAR(255),
  deleted_at VARCHAR(255),
  CONSTRAINT uk_auth_users_email UNIQUE(email)
);}
2026-03-20 07:43:49.209 [AUDIT] actor= resource= action= result= corr= tenant= - DDL statement executed successfully {:adapter nil, :statement-preview CREATE TABLE IF NOT EXISTS users (
  id UUID NOT NULL PRIMARY KEY,
  tenant_id UUID,
  name VARCHAR(255) NOT NULL,
  role VARCHAR(50) NOT NULL CHECK(role IN ('admin', 'user', 'viewer')),
  avatar_url VARCHAR(255),
  login_count INTEGER,
  last_login VARCHAR(255),
  notifications_email BOOLEAN,
  notifications_push BOOLEAN,
  notifications_sms BOOLEAN,
  theme VARCHAR(50) CHECK(theme IN ('light', 'dark', 'auto')),
  language VARCHAR(255),
  timezone VARCHAR(255),
  date_format VARCHAR(50) CHECK(date_format IN ('iso', 'us', 'eu')),
  time_format VARCHAR(50) CHECK(time_format IN ('12h', '24h')),
  created_at VARCHAR(255) NOT NULL,
  updated_at VARCHAR(255),
  deleted_at VARCHAR(255)
);}
2026-03-20 07:43:49.209 [AUDIT] actor= resource= action= result= corr= tenant= - DDL statement executed successfully {:adapter nil, :statement-preview CREATE TABLE IF NOT EXISTS user_sessions (
  id UUID NOT NULL PRIMARY KEY,
  user_id UUID NOT NULL,
  session_token VARCHAR(255) NOT NULL,
  expires_at VARCHAR(255) NOT NULL,
  created_at VARCHAR(255) NOT NULL,
  last_accessed_at VARCHAR(255),
  revoked_at VARCHAR(255),
  user_agent VARCHAR(255),
  ip_address VARCHAR(255),
  CONSTRAINT uk_user_sessions_token UNIQUE(session_token)
);}
2026-03-20 07:43:49.209 [AUDIT] actor= resource= action= result= corr= tenant= - DDL statement executed successfully {:adapter nil, :statement-preview CREATE TABLE IF NOT EXISTS user_audit_log (
  id UUID NOT NULL PRIMARY KEY,
  action VARCHAR(50) NOT NULL CHECK(action IN ('create', 'update', 'delete', 'activate', 'deactivate', 'role-change', 'bulk-action', 'login', 'logout')),
  actor_id UUID,
  actor_email VARCHAR(255),
  target_user_id UUID NOT NULL,
  target_user_email VARCHAR(255) NOT NULL,
  changes JSONB,
  metadata JSONB,
  ip_address VARCHAR(255),
  user_agent VARCHAR(255),
  result VARCHAR(50) NOT NULL CHECK(result IN ('success', 'failure')),
  error_message VARCHAR(255),
  created_at VARCHAR(255) NOT NULL
);}
2026-03-20 07:43:49.210 [AUDIT] actor= resource= action= result= corr= tenant= - DDL statement executed successfully {:adapter nil, :statement-preview CREATE INDEX IF NOT EXISTS idx_auth_users_mfa_enabled_at ON auth_users (mfa_enabled_at)}
2026-03-20 07:43:49.210 [AUDIT] actor= resource= action= result= corr= tenant= - DDL statement executed successfully {:adapter nil, :statement-preview CREATE INDEX IF NOT EXISTS idx_auth_users_created_at ON auth_users (created_at)}
2026-03-20 07:43:49.210 [AUDIT] actor= resource= action= result= corr= tenant= - DDL statement executed successfully {:adapter nil, :statement-preview CREATE INDEX IF NOT EXISTS idx_auth_users_updated_at ON auth_users (updated_at)}
2026-03-20 07:43:49.210 [AUDIT] actor= resource= action= result= corr= tenant= - DDL statement executed successfully {:adapter nil, :statement-preview CREATE INDEX IF NOT EXISTS idx_auth_users_deleted_at ON auth_users (deleted_at)}
2026-03-20 07:43:49.210 [AUDIT] actor= resource= action= result= corr= tenant= - DDL statement executed successfully {:adapter nil, :statement-preview CREATE INDEX IF NOT EXISTS idx_auth_users_email ON auth_users (email)}
2026-03-20 07:43:49.211 [AUDIT] actor= resource= action= result= corr= tenant= - DDL statement executed successfully {:adapter nil, :statement-preview CREATE INDEX IF NOT EXISTS idx_auth_users_active ON auth_users (active)}
2026-03-20 07:43:49.211 [AUDIT] actor= resource= action= result= corr= tenant= - DDL statement executed successfully {:adapter nil, :statement-preview CREATE INDEX IF NOT EXISTS idx_users_tenant_id ON users (tenant_id)}
2026-03-20 07:43:49.211 [AUDIT] actor= resource= action= result= corr= tenant= - DDL statement executed successfully {:adapter nil, :statement-preview CREATE INDEX IF NOT EXISTS idx_users_role ON users (role)}
2026-03-20 07:43:49.211 [AUDIT] actor= resource= action= result= corr= tenant= - DDL statement executed successfully {:adapter nil, :statement-preview CREATE INDEX IF NOT EXISTS idx_users_theme ON users (theme)}
2026-03-20 07:43:49.211 [AUDIT] actor= resource= action= result= corr= tenant= - DDL statement executed successfully {:adapter nil, :statement-preview CREATE INDEX IF NOT EXISTS idx_users_date_format ON users (date_format)}
2026-03-20 07:43:49.211 [AUDIT] actor= resource= action= result= corr= tenant= - DDL statement executed successfully {:adapter nil, :statement-preview CREATE INDEX IF NOT EXISTS idx_users_time_format ON users (time_format)}
2026-03-20 07:43:49.211 [AUDIT] actor= resource= action= result= corr= tenant= - DDL statement executed successfully {:adapter nil, :statement-preview CREATE INDEX IF NOT EXISTS idx_users_created_at ON users (created_at)}
2026-03-20 07:43:49.211 [AUDIT] actor= resource= action= result= corr= tenant= - DDL statement executed successfully {:adapter nil, :statement-preview CREATE INDEX IF NOT EXISTS idx_users_updated_at ON users (updated_at)}
2026-03-20 07:43:49.212 [AUDIT] actor= resource= action= result= corr= tenant= - DDL statement executed successfully {:adapter nil, :statement-preview CREATE INDEX IF NOT EXISTS idx_users_deleted_at ON users (deleted_at)}
2026-03-20 07:43:49.212 [AUDIT] actor= resource= action= result= corr= tenant= - DDL statement executed successfully {:adapter nil, :statement-preview CREATE INDEX IF NOT EXISTS idx_users_role ON users (role)}
2026-03-20 07:43:49.212 [AUDIT] actor= resource= action= result= corr= tenant= - DDL statement executed successfully {:adapter nil, :statement-preview CREATE INDEX IF NOT EXISTS idx_user_sessions_user_id ON user_sessions (user_id)}
2026-03-20 07:43:49.212 [AUDIT] actor= resource= action= result= corr= tenant= - DDL statement executed successfully {:adapter nil, :statement-preview CREATE INDEX IF NOT EXISTS idx_user_sessions_expires_at ON user_sessions (expires_at)}
2026-03-20 07:43:49.212 [AUDIT] actor= resource= action= result= corr= tenant= - DDL statement executed successfully {:adapter nil, :statement-preview CREATE INDEX IF NOT EXISTS idx_user_sessions_created_at ON user_sessions (created_at)}
2026-03-20 07:43:49.212 [AUDIT] actor= resource= action= result= corr= tenant= - DDL statement executed successfully {:adapter nil, :statement-preview CREATE INDEX IF NOT EXISTS idx_user_sessions_last_accessed_at ON user_sessions (last_accessed_at)}
2026-03-20 07:43:49.212 [AUDIT] actor= resource= action= result= corr= tenant= - DDL statement executed successfully {:adapter nil, :statement-preview CREATE INDEX IF NOT EXISTS idx_user_sessions_revoked_at ON user_sessions (revoked_at)}
2026-03-20 07:43:49.212 [AUDIT] actor= resource= action= result= corr= tenant= - DDL statement executed successfully {:adapter nil, :statement-preview CREATE INDEX IF NOT EXISTS idx_sessions_token ON user_sessions (session_token)}
2026-03-20 07:43:49.212 [AUDIT] actor= resource= action= result= corr= tenant= - DDL statement executed successfully {:adapter nil, :statement-preview CREATE INDEX IF NOT EXISTS idx_sessions_expires_at ON user_sessions (expires_at)}
2026-03-20 07:43:49.212 [AUDIT] actor= resource= action= result= corr= tenant= - DDL statement executed successfully {:adapter nil, :statement-preview CREATE INDEX IF NOT EXISTS idx_user_audit_log_actor_id ON user_audit_log (actor_id)}
2026-03-20 07:43:49.213 [AUDIT] actor= resource= action= result= corr= tenant= - DDL statement executed successfully {:adapter nil, :statement-preview CREATE INDEX IF NOT EXISTS idx_user_audit_log_target_user_id ON user_audit_log (target_user_id)}
2026-03-20 07:43:49.213 [AUDIT] actor= resource= action= result= corr= tenant= - DDL statement executed successfully {:adapter nil, :statement-preview CREATE INDEX IF NOT EXISTS idx_user_audit_log_action ON user_audit_log (action)}
2026-03-20 07:43:49.213 [AUDIT] actor= resource= action= result= corr= tenant= - DDL statement executed successfully {:adapter nil, :statement-preview CREATE INDEX IF NOT EXISTS idx_user_audit_log_result ON user_audit_log (result)}
2026-03-20 07:43:49.213 [AUDIT] actor= resource= action= result= corr= tenant= - DDL statement executed successfully {:adapter nil, :statement-preview CREATE INDEX IF NOT EXISTS idx_user_audit_log_created_at ON user_audit_log (created_at)}
2026-03-20 07:43:49.213 [AUDIT] actor= resource= action= result= corr= tenant= - Database schema initialization completed successfully {:dialect nil, :tables (auth_users users user_sessions user_audit_log)}
2026-03-20 07:43:49.214 [AUDIT] actor= resource= action= result= corr= tenant= - User module database schema initialized
2026-03-20 07:43:49.214 [AUDIT] actor= resource= action= result= corr= tenant= - Initializing user module routes (normalized format)
2026-03-20 07:43:49.308 [AUDIT] actor= resource= action= result= corr= tenant= - User module routes initialized successfully {:route-keys (:api :web :static), :api-count 9, :web-count 22}
2026-03-20 07:48:19.056 [AUDIT] actor= resource= action= result= corr= tenant= - User module routes halted (no cleanup needed)
2026-03-20 07:48:19.057 [AUDIT] actor= resource= action= result= corr= tenant= - User module database schema component halted
2026-03-20 07:48:19.057 [AUDIT] actor= resource= action= result= corr= tenant= - User service halted (no cleanup needed)
2026-03-20 07:48:19.057 [AUDIT] actor= resource= action= result= corr= tenant= - Authentication service halted (no cleanup needed)
2026-03-20 07:48:19.057 [AUDIT] actor= resource= action= result= corr= tenant= - Session repository halted (no cleanup needed)
2026-03-20 07:48:19.057 [AUDIT] actor= resource= action= result= corr= tenant= - MFA service halted (no cleanup needed)
2026-03-20 07:48:19.057 [AUDIT] actor= resource= action= result= corr= tenant= - User repository halted (no cleanup needed)
2026-03-20 07:48:19.057 [AUDIT] actor= resource= action= result= corr= tenant= - Audit repository halted (no cleanup needed)
2026-03-20 07:48:19.058 [AUDIT] actor= resource= action= result= corr= tenant= - Closing database context {:adapter nil}
2026-03-20 07:48:19.058 [AUDIT] actor= resource= action= result= corr= tenant= - Closing database connection pool {:pool-name default-Pool}
2026-03-20 07:48:19.058 [AUDIT] actor= resource= action= result= corr= tenant= - Database connection pool closed {:pool-name default-Pool}
2026-03-20 07:48:23.996 [AUDIT] actor= resource= action= result= corr= tenant= - Creating database connection pool {:adapter nil, :pool-size 5, :pool-name default-Pool}
2026-03-20 07:48:24.247 [AUDIT] actor= resource= action= result= corr= tenant= - SQLite PRAGMA initialization completed {:successful-pragmas 7, :failed-pragmas 0, :total-pragmas 7}
2026-03-20 07:48:24.247 [AUDIT] actor= resource= action= result= corr= tenant= - Database connection pool created successfully {:adapter nil, :pool-name default-Pool}
2026-03-20 07:48:24.247 [AUDIT] actor= resource= action= result= corr= tenant= - Created database context {:adapter nil}
2026-03-20 07:48:24.249 [AUDIT] actor= resource= action= result= corr= tenant= - Initializing audit repository
2026-03-20 07:48:24.249 [AUDIT] actor= resource= action= result= corr= tenant= - Audit repository initialized
2026-03-20 07:48:24.250 [AUDIT] actor= resource= action= result= corr= tenant= - Initializing user repository
2026-03-20 07:48:24.254 [AUDIT] actor= resource= action= result= corr= tenant= - User repository initialized
2026-03-20 07:48:24.254 [AUDIT] actor= resource= action= result= corr= tenant= - Initializing MFA service
2026-03-20 07:48:24.255 [AUDIT] actor= resource= action= result= corr= tenant= - MFA service initialized
2026-03-20 07:48:24.255 [AUDIT] actor= resource= action= result= corr= tenant= - Initializing session repository
2026-03-20 07:48:24.255 [AUDIT] actor= resource= action= result= corr= tenant= - Session repository initialized
2026-03-20 07:48:24.255 [AUDIT] actor= resource= action= result= corr= tenant= - Initializing authentication service
2026-03-20 07:48:24.255 [AUDIT] actor= resource= action= result= corr= tenant= - Authentication service initialized
2026-03-20 07:48:24.256 [AUDIT] actor= resource= action= result= corr= tenant= - Initializing user service {:cache-enabled? false}
2026-03-20 07:48:24.256 [AUDIT] actor= resource= action= result= corr= tenant= - User service initialized
2026-03-20 07:48:24.259 [AUDIT] actor= resource= action= result= corr= tenant= - Initializing user module database schema
2026-03-20 07:48:24.259 [AUDIT] actor= resource= action= result= corr= tenant= - Initializing user schema from Malli definitions (split-table architecture)
2026-03-20 07:48:24.260 [AUDIT] actor= resource= action= result= corr= tenant= - Initializing database schema from Malli definitions {:dialect nil, :tables (auth_users users user_sessions user_audit_log)}
2026-03-20 07:48:24.261 [AUDIT] actor= resource= action= result= corr= tenant= - DDL statement executed successfully {:adapter nil, :statement-preview CREATE TABLE IF NOT EXISTS auth_users (
  id UUID NOT NULL PRIMARY KEY,
  email VARCHAR(255) NOT NULL,
  password_hash VARCHAR(255) NOT NULL,
  active BOOLEAN NOT NULL DEFAULT true,
  mfa_enabled BOOLEAN,
  mfa_secret VARCHAR(255),
  mfa_backup_codes VARCHAR(255),
  mfa_backup_codes_used VARCHAR(255),
  mfa_enabled_at VARCHAR(255),
  failed_login_count INTEGER,
  lockout_until VARCHAR(255),
  created_at VARCHAR(255) NOT NULL,
  updated_at VARCHAR(255),
  deleted_at VARCHAR(255),
  CONSTRAINT uk_auth_users_email UNIQUE(email)
);}
2026-03-20 07:48:24.261 [AUDIT] actor= resource= action= result= corr= tenant= - DDL statement executed successfully {:adapter nil, :statement-preview CREATE TABLE IF NOT EXISTS users (
  id UUID NOT NULL PRIMARY KEY,
  tenant_id UUID,
  name VARCHAR(255) NOT NULL,
  role VARCHAR(50) NOT NULL CHECK(role IN ('admin', 'user', 'viewer')),
  avatar_url VARCHAR(255),
  login_count INTEGER,
  last_login VARCHAR(255),
  notifications_email BOOLEAN,
  notifications_push BOOLEAN,
  notifications_sms BOOLEAN,
  theme VARCHAR(50) CHECK(theme IN ('light', 'dark', 'auto')),
  language VARCHAR(255),
  timezone VARCHAR(255),
  date_format VARCHAR(50) CHECK(date_format IN ('iso', 'us', 'eu')),
  time_format VARCHAR(50) CHECK(time_format IN ('12h', '24h')),
  created_at VARCHAR(255) NOT NULL,
  updated_at VARCHAR(255),
  deleted_at VARCHAR(255)
);}
2026-03-20 07:48:24.262 [AUDIT] actor= resource= action= result= corr= tenant= - DDL statement executed successfully {:adapter nil, :statement-preview CREATE TABLE IF NOT EXISTS user_sessions (
  id UUID NOT NULL PRIMARY KEY,
  user_id UUID NOT NULL,
  session_token VARCHAR(255) NOT NULL,
  expires_at VARCHAR(255) NOT NULL,
  created_at VARCHAR(255) NOT NULL,
  last_accessed_at VARCHAR(255),
  revoked_at VARCHAR(255),
  user_agent VARCHAR(255),
  ip_address VARCHAR(255),
  CONSTRAINT uk_user_sessions_token UNIQUE(session_token)
);}
2026-03-20 07:48:24.262 [AUDIT] actor= resource= action= result= corr= tenant= - DDL statement executed successfully {:adapter nil, :statement-preview CREATE TABLE IF NOT EXISTS user_audit_log (
  id UUID NOT NULL PRIMARY KEY,
  action VARCHAR(50) NOT NULL CHECK(action IN ('create', 'update', 'delete', 'activate', 'deactivate', 'role-change', 'bulk-action', 'login', 'logout')),
  actor_id UUID,
  actor_email VARCHAR(255),
  target_user_id UUID NOT NULL,
  target_user_email VARCHAR(255) NOT NULL,
  changes JSONB,
  metadata JSONB,
  ip_address VARCHAR(255),
  user_agent VARCHAR(255),
  result VARCHAR(50) NOT NULL CHECK(result IN ('success', 'failure')),
  error_message VARCHAR(255),
  created_at VARCHAR(255) NOT NULL
);}
2026-03-20 07:48:24.263 [AUDIT] actor= resource= action= result= corr= tenant= - DDL statement executed successfully {:adapter nil, :statement-preview CREATE INDEX IF NOT EXISTS idx_auth_users_mfa_enabled_at ON auth_users (mfa_enabled_at)}
2026-03-20 07:48:24.263 [AUDIT] actor= resource= action= result= corr= tenant= - DDL statement executed successfully {:adapter nil, :statement-preview CREATE INDEX IF NOT EXISTS idx_auth_users_created_at ON auth_users (created_at)}
2026-03-20 07:48:24.263 [AUDIT] actor= resource= action= result= corr= tenant= - DDL statement executed successfully {:adapter nil, :statement-preview CREATE INDEX IF NOT EXISTS idx_auth_users_updated_at ON auth_users (updated_at)}
2026-03-20 07:48:24.263 [AUDIT] actor= resource= action= result= corr= tenant= - DDL statement executed successfully {:adapter nil, :statement-preview CREATE INDEX IF NOT EXISTS idx_auth_users_deleted_at ON auth_users (deleted_at)}
2026-03-20 07:48:24.263 [AUDIT] actor= resource= action= result= corr= tenant= - DDL statement executed successfully {:adapter nil, :statement-preview CREATE INDEX IF NOT EXISTS idx_auth_users_email ON auth_users (email)}
2026-03-20 07:48:24.263 [AUDIT] actor= resource= action= result= corr= tenant= - DDL statement executed successfully {:adapter nil, :statement-preview CREATE INDEX IF NOT EXISTS idx_auth_users_active ON auth_users (active)}
2026-03-20 07:48:24.263 [AUDIT] actor= resource= action= result= corr= tenant= - DDL statement executed successfully {:adapter nil, :statement-preview CREATE INDEX IF NOT EXISTS idx_users_tenant_id ON users (tenant_id)}
2026-03-20 07:48:24.263 [AUDIT] actor= resource= action= result= corr= tenant= - DDL statement executed successfully {:adapter nil, :statement-preview CREATE INDEX IF NOT EXISTS idx_users_role ON users (role)}
2026-03-20 07:48:24.264 [AUDIT] actor= resource= action= result= corr= tenant= - DDL statement executed successfully {:adapter nil, :statement-preview CREATE INDEX IF NOT EXISTS idx_users_theme ON users (theme)}
2026-03-20 07:48:24.264 [AUDIT] actor= resource= action= result= corr= tenant= - DDL statement executed successfully {:adapter nil, :statement-preview CREATE INDEX IF NOT EXISTS idx_users_date_format ON users (date_format)}
2026-03-20 07:48:24.264 [AUDIT] actor= resource= action= result= corr= tenant= - DDL statement executed successfully {:adapter nil, :statement-preview CREATE INDEX IF NOT EXISTS idx_users_time_format ON users (time_format)}
2026-03-20 07:48:24.264 [AUDIT] actor= resource= action= result= corr= tenant= - DDL statement executed successfully {:adapter nil, :statement-preview CREATE INDEX IF NOT EXISTS idx_users_created_at ON users (created_at)}
2026-03-20 07:48:24.264 [AUDIT] actor= resource= action= result= corr= tenant= - DDL statement executed successfully {:adapter nil, :statement-preview CREATE INDEX IF NOT EXISTS idx_users_updated_at ON users (updated_at)}
2026-03-20 07:48:24.264 [AUDIT] actor= resource= action= result= corr= tenant= - DDL statement executed successfully {:adapter nil, :statement-preview CREATE INDEX IF NOT EXISTS idx_users_deleted_at ON users (deleted_at)}
2026-03-20 07:48:24.264 [AUDIT] actor= resource= action= result= corr= tenant= - DDL statement executed successfully {:adapter nil, :statement-preview CREATE INDEX IF NOT EXISTS idx_users_role ON users (role)}
2026-03-20 07:48:24.264 [AUDIT] actor= resource= action= result= corr= tenant= - DDL statement executed successfully {:adapter nil, :statement-preview CREATE INDEX IF NOT EXISTS idx_user_sessions_user_id ON user_sessions (user_id)}
2026-03-20 07:48:24.264 [AUDIT] actor= resource= action= result= corr= tenant= - DDL statement executed successfully {:adapter nil, :statement-preview CREATE INDEX IF NOT EXISTS idx_user_sessions_expires_at ON user_sessions (expires_at)}
2026-03-20 07:48:24.264 [AUDIT] actor= resource= action= result= corr= tenant= - DDL statement executed successfully {:adapter nil, :statement-preview CREATE INDEX IF NOT EXISTS idx_user_sessions_created_at ON user_sessions (created_at)}
2026-03-20 07:48:24.265 [AUDIT] actor= resource= action= result= corr= tenant= - DDL statement executed successfully {:adapter nil, :statement-preview CREATE INDEX IF NOT EXISTS idx_user_sessions_last_accessed_at ON user_sessions (last_accessed_at)}
2026-03-20 07:48:24.265 [AUDIT] actor= resource= action= result= corr= tenant= - DDL statement executed successfully {:adapter nil, :statement-preview CREATE INDEX IF NOT EXISTS idx_user_sessions_revoked_at ON user_sessions (revoked_at)}
2026-03-20 07:48:24.265 [AUDIT] actor= resource= action= result= corr= tenant= - DDL statement executed successfully {:adapter nil, :statement-preview CREATE INDEX IF NOT EXISTS idx_sessions_token ON user_sessions (session_token)}
2026-03-20 07:48:24.265 [AUDIT] actor= resource= action= result= corr= tenant= - DDL statement executed successfully {:adapter nil, :statement-preview CREATE INDEX IF NOT EXISTS idx_sessions_expires_at ON user_sessions (expires_at)}
2026-03-20 07:48:24.265 [AUDIT] actor= resource= action= result= corr= tenant= - DDL statement executed successfully {:adapter nil, :statement-preview CREATE INDEX IF NOT EXISTS idx_user_audit_log_actor_id ON user_audit_log (actor_id)}
2026-03-20 07:48:24.265 [AUDIT] actor= resource= action= result= corr= tenant= - DDL statement executed successfully {:adapter nil, :statement-preview CREATE INDEX IF NOT EXISTS idx_user_audit_log_target_user_id ON user_audit_log (target_user_id)}
2026-03-20 07:48:24.265 [AUDIT] actor= resource= action= result= corr= tenant= - DDL statement executed successfully {:adapter nil, :statement-preview CREATE INDEX IF NOT EXISTS idx_user_audit_log_action ON user_audit_log (action)}
2026-03-20 07:48:24.265 [AUDIT] actor= resource= action= result= corr= tenant= - DDL statement executed successfully {:adapter nil, :statement-preview CREATE INDEX IF NOT EXISTS idx_user_audit_log_result ON user_audit_log (result)}
2026-03-20 07:48:24.265 [AUDIT] actor= resource= action= result= corr= tenant= - DDL statement executed successfully {:adapter nil, :statement-preview CREATE INDEX IF NOT EXISTS idx_user_audit_log_created_at ON user_audit_log (created_at)}
2026-03-20 07:48:24.265 [AUDIT] actor= resource= action= result= corr= tenant= - Database schema initialization completed successfully {:dialect nil, :tables (auth_users users user_sessions user_audit_log)}
2026-03-20 07:48:24.266 [AUDIT] actor= resource= action= result= corr= tenant= - User module database schema initialized
2026-03-20 07:48:24.267 [AUDIT] actor= resource= action= result= corr= tenant= - Initializing user module routes (normalized format)
2026-03-20 07:48:24.364 [AUDIT] actor= resource= action= result= corr= tenant= - User module routes initialized successfully {:route-keys (:api :web :static), :api-count 9, :web-count 22}
2026-03-20 07:50:51.380 [AUDIT] actor= resource= action= result= corr= tenant= - User module routes halted (no cleanup needed)
2026-03-20 07:50:51.381 [AUDIT] actor= resource= action= result= corr= tenant= - User module database schema component halted
2026-03-20 07:50:51.381 [AUDIT] actor= resource= action= result= corr= tenant= - User service halted (no cleanup needed)
2026-03-20 07:50:51.381 [AUDIT] actor= resource= action= result= corr= tenant= - Authentication service halted (no cleanup needed)
2026-03-20 07:50:51.381 [AUDIT] actor= resource= action= result= corr= tenant= - Session repository halted (no cleanup needed)
2026-03-20 07:50:51.381 [AUDIT] actor= resource= action= result= corr= tenant= - MFA service halted (no cleanup needed)
2026-03-20 07:50:51.382 [AUDIT] actor= resource= action= result= corr= tenant= - User repository halted (no cleanup needed)
2026-03-20 07:50:51.382 [AUDIT] actor= resource= action= result= corr= tenant= - Audit repository halted (no cleanup needed)
2026-03-20 07:50:51.382 [AUDIT] actor= resource= action= result= corr= tenant= - Closing database context {:adapter nil}
2026-03-20 07:50:51.382 [AUDIT] actor= resource= action= result= corr= tenant= - Closing database connection pool {:pool-name default-Pool}
2026-03-20 07:50:51.382 [AUDIT] actor= resource= action= result= corr= tenant= - Database connection pool closed {:pool-name default-Pool}
2026-03-20 07:50:57.777 [AUDIT] actor= resource= action= result= corr= tenant= - Creating database connection pool {:adapter nil, :pool-size 5, :pool-name default-Pool}
2026-03-20 07:50:58.041 [AUDIT] actor= resource= action= result= corr= tenant= - SQLite PRAGMA initialization completed {:successful-pragmas 7, :failed-pragmas 0, :total-pragmas 7}
2026-03-20 07:50:58.041 [AUDIT] actor= resource= action= result= corr= tenant= - Database connection pool created successfully {:adapter nil, :pool-name default-Pool}
2026-03-20 07:50:58.042 [AUDIT] actor= resource= action= result= corr= tenant= - Created database context {:adapter nil}
2026-03-20 07:50:58.043 [AUDIT] actor= resource= action= result= corr= tenant= - Initializing audit repository
2026-03-20 07:50:58.044 [AUDIT] actor= resource= action= result= corr= tenant= - Audit repository initialized
2026-03-20 07:50:58.044 [AUDIT] actor= resource= action= result= corr= tenant= - Initializing user repository
2026-03-20 07:50:58.049 [AUDIT] actor= resource= action= result= corr= tenant= - User repository initialized
2026-03-20 07:50:58.049 [AUDIT] actor= resource= action= result= corr= tenant= - Initializing MFA service
2026-03-20 07:50:58.049 [AUDIT] actor= resource= action= result= corr= tenant= - MFA service initialized
2026-03-20 07:50:58.049 [AUDIT] actor= resource= action= result= corr= tenant= - Initializing session repository
2026-03-20 07:50:58.049 [AUDIT] actor= resource= action= result= corr= tenant= - Session repository initialized
2026-03-20 07:50:58.050 [AUDIT] actor= resource= action= result= corr= tenant= - Initializing authentication service
2026-03-20 07:50:58.050 [AUDIT] actor= resource= action= result= corr= tenant= - Authentication service initialized
2026-03-20 07:50:58.050 [AUDIT] actor= resource= action= result= corr= tenant= - Initializing user service {:cache-enabled? false}
2026-03-20 07:50:58.050 [AUDIT] actor= resource= action= result= corr= tenant= - User service initialized
2026-03-20 07:50:58.053 [AUDIT] actor= resource= action= result= corr= tenant= - Initializing user module database schema
2026-03-20 07:50:58.053 [AUDIT] actor= resource= action= result= corr= tenant= - Initializing user schema from Malli definitions (split-table architecture)
2026-03-20 07:50:58.054 [AUDIT] actor= resource= action= result= corr= tenant= - Initializing database schema from Malli definitions {:dialect nil, :tables (auth_users users user_sessions user_audit_log)}
2026-03-20 07:50:58.056 [AUDIT] actor= resource= action= result= corr= tenant= - DDL statement executed successfully {:adapter nil, :statement-preview CREATE TABLE IF NOT EXISTS auth_users (
  id UUID NOT NULL PRIMARY KEY,
  email VARCHAR(255) NOT NULL,
  password_hash VARCHAR(255) NOT NULL,
  active BOOLEAN NOT NULL DEFAULT true,
  mfa_enabled BOOLEAN,
  mfa_secret VARCHAR(255),
  mfa_backup_codes VARCHAR(255),
  mfa_backup_codes_used VARCHAR(255),
  mfa_enabled_at VARCHAR(255),
  failed_login_count INTEGER,
  lockout_until VARCHAR(255),
  created_at VARCHAR(255) NOT NULL,
  updated_at VARCHAR(255),
  deleted_at VARCHAR(255),
  CONSTRAINT uk_auth_users_email UNIQUE(email)
);}
2026-03-20 07:50:58.056 [AUDIT] actor= resource= action= result= corr= tenant= - DDL statement executed successfully {:adapter nil, :statement-preview CREATE TABLE IF NOT EXISTS users (
  id UUID NOT NULL PRIMARY KEY,
  tenant_id UUID,
  name VARCHAR(255) NOT NULL,
  role VARCHAR(50) NOT NULL CHECK(role IN ('admin', 'user', 'viewer')),
  avatar_url VARCHAR(255),
  login_count INTEGER,
  last_login VARCHAR(255),
  notifications_email BOOLEAN,
  notifications_push BOOLEAN,
  notifications_sms BOOLEAN,
  theme VARCHAR(50) CHECK(theme IN ('light', 'dark', 'auto')),
  language VARCHAR(255),
  timezone VARCHAR(255),
  date_format VARCHAR(50) CHECK(date_format IN ('iso', 'us', 'eu')),
  time_format VARCHAR(50) CHECK(time_format IN ('12h', '24h')),
  created_at VARCHAR(255) NOT NULL,
  updated_at VARCHAR(255),
  deleted_at VARCHAR(255)
);}
2026-03-20 07:50:58.056 [AUDIT] actor= resource= action= result= corr= tenant= - DDL statement executed successfully {:adapter nil, :statement-preview CREATE TABLE IF NOT EXISTS user_sessions (
  id UUID NOT NULL PRIMARY KEY,
  user_id UUID NOT NULL,
  session_token VARCHAR(255) NOT NULL,
  expires_at VARCHAR(255) NOT NULL,
  created_at VARCHAR(255) NOT NULL,
  last_accessed_at VARCHAR(255),
  revoked_at VARCHAR(255),
  user_agent VARCHAR(255),
  ip_address VARCHAR(255),
  CONSTRAINT uk_user_sessions_token UNIQUE(session_token)
);}
2026-03-20 07:50:58.057 [AUDIT] actor= resource= action= result= corr= tenant= - DDL statement executed successfully {:adapter nil, :statement-preview CREATE TABLE IF NOT EXISTS user_audit_log (
  id UUID NOT NULL PRIMARY KEY,
  action VARCHAR(50) NOT NULL CHECK(action IN ('create', 'update', 'delete', 'activate', 'deactivate', 'role-change', 'bulk-action', 'login', 'logout')),
  actor_id UUID,
  actor_email VARCHAR(255),
  target_user_id UUID NOT NULL,
  target_user_email VARCHAR(255) NOT NULL,
  changes JSONB,
  metadata JSONB,
  ip_address VARCHAR(255),
  user_agent VARCHAR(255),
  result VARCHAR(50) NOT NULL CHECK(result IN ('success', 'failure')),
  error_message VARCHAR(255),
  created_at VARCHAR(255) NOT NULL
);}
2026-03-20 07:50:58.057 [AUDIT] actor= resource= action= result= corr= tenant= - DDL statement executed successfully {:adapter nil, :statement-preview CREATE INDEX IF NOT EXISTS idx_auth_users_mfa_enabled_at ON auth_users (mfa_enabled_at)}
2026-03-20 07:50:58.058 [AUDIT] actor= resource= action= result= corr= tenant= - DDL statement executed successfully {:adapter nil, :statement-preview CREATE INDEX IF NOT EXISTS idx_auth_users_created_at ON auth_users (created_at)}
2026-03-20 07:50:58.058 [AUDIT] actor= resource= action= result= corr= tenant= - DDL statement executed successfully {:adapter nil, :statement-preview CREATE INDEX IF NOT EXISTS idx_auth_users_updated_at ON auth_users (updated_at)}
2026-03-20 07:50:58.058 [AUDIT] actor= resource= action= result= corr= tenant= - DDL statement executed successfully {:adapter nil, :statement-preview CREATE INDEX IF NOT EXISTS idx_auth_users_deleted_at ON auth_users (deleted_at)}
2026-03-20 07:50:58.058 [AUDIT] actor= resource= action= result= corr= tenant= - DDL statement executed successfully {:adapter nil, :statement-preview CREATE INDEX IF NOT EXISTS idx_auth_users_email ON auth_users (email)}
2026-03-20 07:50:58.058 [AUDIT] actor= resource= action= result= corr= tenant= - DDL statement executed successfully {:adapter nil, :statement-preview CREATE INDEX IF NOT EXISTS idx_auth_users_active ON auth_users (active)}
2026-03-20 07:50:58.058 [AUDIT] actor= resource= action= result= corr= tenant= - DDL statement executed successfully {:adapter nil, :statement-preview CREATE INDEX IF NOT EXISTS idx_users_tenant_id ON users (tenant_id)}
2026-03-20 07:50:58.058 [AUDIT] actor= resource= action= result= corr= tenant= - DDL statement executed successfully {:adapter nil, :statement-preview CREATE INDEX IF NOT EXISTS idx_users_role ON users (role)}
2026-03-20 07:50:58.059 [AUDIT] actor= resource= action= result= corr= tenant= - DDL statement executed successfully {:adapter nil, :statement-preview CREATE INDEX IF NOT EXISTS idx_users_theme ON users (theme)}
2026-03-20 07:50:58.059 [AUDIT] actor= resource= action= result= corr= tenant= - DDL statement executed successfully {:adapter nil, :statement-preview CREATE INDEX IF NOT EXISTS idx_users_date_format ON users (date_format)}
2026-03-20 07:50:58.059 [AUDIT] actor= resource= action= result= corr= tenant= - DDL statement executed successfully {:adapter nil, :statement-preview CREATE INDEX IF NOT EXISTS idx_users_time_format ON users (time_format)}
2026-03-20 07:50:58.059 [AUDIT] actor= resource= action= result= corr= tenant= - DDL statement executed successfully {:adapter nil, :statement-preview CREATE INDEX IF NOT EXISTS idx_users_created_at ON users (created_at)}
2026-03-20 07:50:58.059 [AUDIT] actor= resource= action= result= corr= tenant= - DDL statement executed successfully {:adapter nil, :statement-preview CREATE INDEX IF NOT EXISTS idx_users_updated_at ON users (updated_at)}
2026-03-20 07:50:58.059 [AUDIT] actor= resource= action= result= corr= tenant= - DDL statement executed successfully {:adapter nil, :statement-preview CREATE INDEX IF NOT EXISTS idx_users_deleted_at ON users (deleted_at)}
2026-03-20 07:50:58.059 [AUDIT] actor= resource= action= result= corr= tenant= - DDL statement executed successfully {:adapter nil, :statement-preview CREATE INDEX IF NOT EXISTS idx_users_role ON users (role)}
2026-03-20 07:50:58.059 [AUDIT] actor= resource= action= result= corr= tenant= - DDL statement executed successfully {:adapter nil, :statement-preview CREATE INDEX IF NOT EXISTS idx_user_sessions_user_id ON user_sessions (user_id)}
2026-03-20 07:50:58.059 [AUDIT] actor= resource= action= result= corr= tenant= - DDL statement executed successfully {:adapter nil, :statement-preview CREATE INDEX IF NOT EXISTS idx_user_sessions_expires_at ON user_sessions (expires_at)}
2026-03-20 07:50:58.059 [AUDIT] actor= resource= action= result= corr= tenant= - DDL statement executed successfully {:adapter nil, :statement-preview CREATE INDEX IF NOT EXISTS idx_user_sessions_created_at ON user_sessions (created_at)}
2026-03-20 07:50:58.060 [AUDIT] actor= resource= action= result= corr= tenant= - DDL statement executed successfully {:adapter nil, :statement-preview CREATE INDEX IF NOT EXISTS idx_user_sessions_last_accessed_at ON user_sessions (last_accessed_at)}
2026-03-20 07:50:58.060 [AUDIT] actor= resource= action= result= corr= tenant= - DDL statement executed successfully {:adapter nil, :statement-preview CREATE INDEX IF NOT EXISTS idx_user_sessions_revoked_at ON user_sessions (revoked_at)}
2026-03-20 07:50:58.060 [AUDIT] actor= resource= action= result= corr= tenant= - DDL statement executed successfully {:adapter nil, :statement-preview CREATE INDEX IF NOT EXISTS idx_sessions_token ON user_sessions (session_token)}
2026-03-20 07:50:58.060 [AUDIT] actor= resource= action= result= corr= tenant= - DDL statement executed successfully {:adapter nil, :statement-preview CREATE INDEX IF NOT EXISTS idx_sessions_expires_at ON user_sessions (expires_at)}
2026-03-20 07:50:58.060 [AUDIT] actor= resource= action= result= corr= tenant= - DDL statement executed successfully {:adapter nil, :statement-preview CREATE INDEX IF NOT EXISTS idx_user_audit_log_actor_id ON user_audit_log (actor_id)}
2026-03-20 07:50:58.060 [AUDIT] actor= resource= action= result= corr= tenant= - DDL statement executed successfully {:adapter nil, :statement-preview CREATE INDEX IF NOT EXISTS idx_user_audit_log_target_user_id ON user_audit_log (target_user_id)}
2026-03-20 07:50:58.060 [AUDIT] actor= resource= action= result= corr= tenant= - DDL statement executed successfully {:adapter nil, :statement-preview CREATE INDEX IF NOT EXISTS idx_user_audit_log_action ON user_audit_log (action)}
2026-03-20 07:50:58.060 [AUDIT] actor= resource= action= result= corr= tenant= - DDL statement executed successfully {:adapter nil, :statement-preview CREATE INDEX IF NOT EXISTS idx_user_audit_log_result ON user_audit_log (result)}
2026-03-20 07:50:58.060 [AUDIT] actor= resource= action= result= corr= tenant= - DDL statement executed successfully {:adapter nil, :statement-preview CREATE INDEX IF NOT EXISTS idx_user_audit_log_created_at ON user_audit_log (created_at)}
2026-03-20 07:50:58.061 [AUDIT] actor= resource= action= result= corr= tenant= - Database schema initialization completed successfully {:dialect nil, :tables (auth_users users user_sessions user_audit_log)}
2026-03-20 07:50:58.061 [AUDIT] actor= resource= action= result= corr= tenant= - User module database schema initialized
2026-03-20 07:50:58.062 [AUDIT] actor= resource= action= result= corr= tenant= - Initializing user module routes (normalized format)
2026-03-20 07:50:58.156 [AUDIT] actor= resource= action= result= corr= tenant= - User module routes initialized successfully {:route-keys (:api :web :static), :api-count 9, :web-count 22}
2026-03-20 07:59:53.817 [AUDIT] actor= resource= action= result= corr= tenant= - Processing authentication request {:uri /web/admin/orders, :method :get, :has-session true, :has-bearer false, :cookies (session-token Idea-2e373df0), :session-token-value aLxy1AJ7}
2026-03-20 07:59:53.818 [AUDIT] actor= resource= action= result= corr= tenant= - Attempting session authentication {:token-preview aLxy1AJ7}
2026-03-20 07:59:53.819 [AUDIT] actor= resource= action= result= corr= tenant= - Validating session token {:session-token aLxy1AJ7P4oN8nxlZx82bQ8ovUHHuO6Z2oUejYitrsI=, :uri /web/admin/orders}
2026-03-20 07:59:53.832 [AUDIT] actor= resource= action= result= corr= tenant= - Database operation successful: find-session-by-token {:session-token aLxy1AJ7P4oN8nxlZx82bQ8ovUHHuO6Z2oUejYitrsI=, :duration-ms 8.6605}
2026-03-20 07:59:53.836 [AUDIT] actor= resource= action= result= corr= tenant= - Database operation successful: update-session {:session-entity {:expires-at #object[java.time.Instant 0x70946ef9 2026-03-21T05:53:14.560559Z], :user-agent Mozilla/5.0 (Macintosh; Intel Mac OS X 10_15_7) AppleWebKit/605.1.15 (KHTML, like Gecko) Version/26.3.1 Safari/605.1.15, :session-token aLxy1AJ7P4oN8nxlZx82bQ8ovUHHuO6Z2oUejYitrsI=, :user-id #uuid "d5fa63dd-4d30-4f4f-9237-6df5ae005e6d", :last-accessed-at #object[java.time.Instant 0x96f7d4f 2026-03-20T06:59:53.832933Z], :id #uuid "36c4e937-b108-4009-8812-b60e65bbe528", :revoked-at nil, :created-at #object[java.time.Instant 0x2be09ab0 2026-03-20T05:53:14.772936Z], :ip-address [0:0:0:0:0:0:0:1]}, :duration-ms 1.507}
2026-03-20 07:59:53.837 [AUDIT] actor= resource= action= result= corr= tenant= - Session validation successful {:user-id #uuid "d5fa63dd-4d30-4f4f-9237-6df5ae005e6d"}
2026-03-20 07:59:53.842 [AUDIT] actor= resource= action= result= corr= tenant= - Database operation successful: find-user-by-id {:user-id #uuid "d5fa63dd-4d30-4f4f-9237-6df5ae005e6d", :duration-ms 4.374959}
2026-03-20 07:59:53.850 [AUDIT] actor= resource= action= result= corr= tenant= - Database operation successful: admin-list-entities {:entity orders, :limit nil, :offset nil, :duration-ms 3.535042}
2026-03-20 08:00:01.871 [AUDIT] actor= resource= action= result= corr= tenant= - Processing authentication request {:uri /web/admin/orders/4e9f13d4-ba12-4110-8648-1b82d7df63d9, :method :get, :has-session true, :has-bearer false, :cookies (session-token Idea-2e373df0), :session-token-value aLxy1AJ7}
2026-03-20 08:00:01.871 [AUDIT] actor= resource= action= result= corr= tenant= - Attempting session authentication {:token-preview aLxy1AJ7}
2026-03-20 08:00:01.872 [AUDIT] actor= resource= action= result= corr= tenant= - Validating session token {:session-token aLxy1AJ7P4oN8nxlZx82bQ8ovUHHuO6Z2oUejYitrsI=, :uri /web/admin/orders/4e9f13d4-ba12-4110-8648-1b82d7df63d9}
2026-03-20 08:00:01.874 [AUDIT] actor= resource= action= result= corr= tenant= - Database operation successful: find-session-by-token {:session-token aLxy1AJ7P4oN8nxlZx82bQ8ovUHHuO6Z2oUejYitrsI=, :duration-ms 2.125208}
2026-03-20 08:00:01.876 [AUDIT] actor= resource= action= result= corr= tenant= - Database operation successful: update-session {:session-entity {:expires-at #object[java.time.Instant 0x54f9b44b 2026-03-21T05:53:14.560559Z], :user-agent Mozilla/5.0 (Macintosh; Intel Mac OS X 10_15_7) AppleWebKit/605.1.15 (KHTML, like Gecko) Version/26.3.1 Safari/605.1.15, :session-token aLxy1AJ7P4oN8nxlZx82bQ8ovUHHuO6Z2oUejYitrsI=, :user-id #uuid "d5fa63dd-4d30-4f4f-9237-6df5ae005e6d", :last-accessed-at #object[java.time.Instant 0x2f1e6afb 2026-03-20T07:00:01.874814Z], :id #uuid "36c4e937-b108-4009-8812-b60e65bbe528", :revoked-at nil, :created-at #object[java.time.Instant 0x6997c30a 2026-03-20T05:53:14.772936Z], :ip-address [0:0:0:0:0:0:0:1]}, :duration-ms 0.716792}
2026-03-20 08:00:01.876 [AUDIT] actor= resource= action= result= corr= tenant= - Session validation successful {:user-id #uuid "d5fa63dd-4d30-4f4f-9237-6df5ae005e6d"}
2026-03-20 08:00:01.878 [AUDIT] actor= resource= action= result= corr= tenant= - Database operation successful: find-user-by-id {:user-id #uuid "d5fa63dd-4d30-4f4f-9237-6df5ae005e6d", :duration-ms 1.749875}
2026-03-20 08:00:01.881 [AUDIT] actor= resource= action= result= corr= tenant= - Database operation successful: admin-get-entity {:entity orders, :id #uuid "4e9f13d4-ba12-4110-8648-1b82d7df63d9", :duration-ms 1.226292}
2026-03-20 08:58:37.593 [AUDIT] actor= resource= action= result= corr= tenant= - User module routes halted (no cleanup needed)
2026-03-20 08:58:37.594 [AUDIT] actor= resource= action= result= corr= tenant= - User module database schema component halted
2026-03-20 08:58:37.594 [AUDIT] actor= resource= action= result= corr= tenant= - User service halted (no cleanup needed)
2026-03-20 08:58:37.594 [AUDIT] actor= resource= action= result= corr= tenant= - Authentication service halted (no cleanup needed)
2026-03-20 08:58:37.594 [AUDIT] actor= resource= action= result= corr= tenant= - Session repository halted (no cleanup needed)
2026-03-20 08:58:37.594 [AUDIT] actor= resource= action= result= corr= tenant= - MFA service halted (no cleanup needed)
2026-03-20 08:58:37.594 [AUDIT] actor= resource= action= result= corr= tenant= - User repository halted (no cleanup needed)
2026-03-20 08:58:37.594 [AUDIT] actor= resource= action= result= corr= tenant= - Audit repository halted (no cleanup needed)
2026-03-20 08:58:37.595 [AUDIT] actor= resource= action= result= corr= tenant= - Closing database context {:adapter nil}
2026-03-20 08:58:37.595 [AUDIT] actor= resource= action= result= corr= tenant= - Closing database connection pool {:pool-name default-Pool}
2026-03-20 08:58:37.595 [AUDIT] actor= resource= action= result= corr= tenant= - Database connection pool closed {:pool-name default-Pool}
2026-03-20 08:58:41.854 [AUDIT] actor= resource= action= result= corr= tenant= - Creating database connection pool {:adapter nil, :pool-size 5, :pool-name default-Pool}
2026-03-20 08:58:42.116 [AUDIT] actor= resource= action= result= corr= tenant= - SQLite PRAGMA initialization completed {:successful-pragmas 7, :failed-pragmas 0, :total-pragmas 7}
2026-03-20 08:58:42.116 [AUDIT] actor= resource= action= result= corr= tenant= - Database connection pool created successfully {:adapter nil, :pool-name default-Pool}
2026-03-20 08:58:42.116 [AUDIT] actor= resource= action= result= corr= tenant= - Created database context {:adapter nil}
2026-03-20 08:58:42.118 [AUDIT] actor= resource= action= result= corr= tenant= - Initializing audit repository
2026-03-20 08:58:42.118 [AUDIT] actor= resource= action= result= corr= tenant= - Audit repository initialized
2026-03-20 08:58:42.119 [AUDIT] actor= resource= action= result= corr= tenant= - Initializing user repository
2026-03-20 08:58:42.122 [AUDIT] actor= resource= action= result= corr= tenant= - User repository initialized
2026-03-20 08:58:42.123 [AUDIT] actor= resource= action= result= corr= tenant= - Initializing MFA service
2026-03-20 08:58:42.123 [AUDIT] actor= resource= action= result= corr= tenant= - MFA service initialized
2026-03-20 08:58:42.123 [AUDIT] actor= resource= action= result= corr= tenant= - Initializing session repository
2026-03-20 08:58:42.123 [AUDIT] actor= resource= action= result= corr= tenant= - Session repository initialized
2026-03-20 08:58:42.124 [AUDIT] actor= resource= action= result= corr= tenant= - Initializing authentication service
2026-03-20 08:58:42.124 [AUDIT] actor= resource= action= result= corr= tenant= - Authentication service initialized
2026-03-20 08:58:42.124 [AUDIT] actor= resource= action= result= corr= tenant= - Initializing user service {:cache-enabled? false}
2026-03-20 08:58:42.124 [AUDIT] actor= resource= action= result= corr= tenant= - User service initialized
2026-03-20 08:58:42.127 [AUDIT] actor= resource= action= result= corr= tenant= - Initializing user module database schema
2026-03-20 08:58:42.127 [AUDIT] actor= resource= action= result= corr= tenant= - Initializing user schema from Malli definitions (split-table architecture)
2026-03-20 08:58:42.128 [AUDIT] actor= resource= action= result= corr= tenant= - Initializing database schema from Malli definitions {:dialect nil, :tables (auth_users users user_sessions user_audit_log)}
2026-03-20 08:58:42.129 [AUDIT] actor= resource= action= result= corr= tenant= - DDL statement executed successfully {:adapter nil, :statement-preview CREATE TABLE IF NOT EXISTS auth_users (
  id UUID NOT NULL PRIMARY KEY,
  email VARCHAR(255) NOT NULL,
  password_hash VARCHAR(255) NOT NULL,
  active BOOLEAN NOT NULL DEFAULT true,
  mfa_enabled BOOLEAN,
  mfa_secret VARCHAR(255),
  mfa_backup_codes VARCHAR(255),
  mfa_backup_codes_used VARCHAR(255),
  mfa_enabled_at VARCHAR(255),
  failed_login_count INTEGER,
  lockout_until VARCHAR(255),
  created_at VARCHAR(255) NOT NULL,
  updated_at VARCHAR(255),
  deleted_at VARCHAR(255),
  CONSTRAINT uk_auth_users_email UNIQUE(email)
);}
2026-03-20 08:58:42.129 [AUDIT] actor= resource= action= result= corr= tenant= - DDL statement executed successfully {:adapter nil, :statement-preview CREATE TABLE IF NOT EXISTS users (
  id UUID NOT NULL PRIMARY KEY,
  tenant_id UUID,
  name VARCHAR(255) NOT NULL,
  role VARCHAR(50) NOT NULL CHECK(role IN ('admin', 'user', 'viewer')),
  avatar_url VARCHAR(255),
  login_count INTEGER,
  last_login VARCHAR(255),
  notifications_email BOOLEAN,
  notifications_push BOOLEAN,
  notifications_sms BOOLEAN,
  theme VARCHAR(50) CHECK(theme IN ('light', 'dark', 'auto')),
  language VARCHAR(255),
  timezone VARCHAR(255),
  date_format VARCHAR(50) CHECK(date_format IN ('iso', 'us', 'eu')),
  time_format VARCHAR(50) CHECK(time_format IN ('12h', '24h')),
  created_at VARCHAR(255) NOT NULL,
  updated_at VARCHAR(255),
  deleted_at VARCHAR(255)
);}
2026-03-20 08:58:42.129 [AUDIT] actor= resource= action= result= corr= tenant= - DDL statement executed successfully {:adapter nil, :statement-preview CREATE TABLE IF NOT EXISTS user_sessions (
  id UUID NOT NULL PRIMARY KEY,
  user_id UUID NOT NULL,
  session_token VARCHAR(255) NOT NULL,
  expires_at VARCHAR(255) NOT NULL,
  created_at VARCHAR(255) NOT NULL,
  last_accessed_at VARCHAR(255),
  revoked_at VARCHAR(255),
  user_agent VARCHAR(255),
  ip_address VARCHAR(255),
  CONSTRAINT uk_user_sessions_token UNIQUE(session_token)
);}
2026-03-20 08:58:42.129 [AUDIT] actor= resource= action= result= corr= tenant= - DDL statement executed successfully {:adapter nil, :statement-preview CREATE TABLE IF NOT EXISTS user_audit_log (
  id UUID NOT NULL PRIMARY KEY,
  action VARCHAR(50) NOT NULL CHECK(action IN ('create', 'update', 'delete', 'activate', 'deactivate', 'role-change', 'bulk-action', 'login', 'logout')),
  actor_id UUID,
  actor_email VARCHAR(255),
  target_user_id UUID NOT NULL,
  target_user_email VARCHAR(255) NOT NULL,
  changes JSONB,
  metadata JSONB,
  ip_address VARCHAR(255),
  user_agent VARCHAR(255),
  result VARCHAR(50) NOT NULL CHECK(result IN ('success', 'failure')),
  error_message VARCHAR(255),
  created_at VARCHAR(255) NOT NULL
);}
2026-03-20 08:58:42.130 [AUDIT] actor= resource= action= result= corr= tenant= - DDL statement executed successfully {:adapter nil, :statement-preview CREATE INDEX IF NOT EXISTS idx_auth_users_mfa_enabled_at ON auth_users (mfa_enabled_at)}
2026-03-20 08:58:42.130 [AUDIT] actor= resource= action= result= corr= tenant= - DDL statement executed successfully {:adapter nil, :statement-preview CREATE INDEX IF NOT EXISTS idx_auth_users_created_at ON auth_users (created_at)}
2026-03-20 08:58:42.130 [AUDIT] actor= resource= action= result= corr= tenant= - DDL statement executed successfully {:adapter nil, :statement-preview CREATE INDEX IF NOT EXISTS idx_auth_users_updated_at ON auth_users (updated_at)}
2026-03-20 08:58:42.130 [AUDIT] actor= resource= action= result= corr= tenant= - DDL statement executed successfully {:adapter nil, :statement-preview CREATE INDEX IF NOT EXISTS idx_auth_users_deleted_at ON auth_users (deleted_at)}
2026-03-20 08:58:42.130 [AUDIT] actor= resource= action= result= corr= tenant= - DDL statement executed successfully {:adapter nil, :statement-preview CREATE INDEX IF NOT EXISTS idx_auth_users_email ON auth_users (email)}
2026-03-20 08:58:42.131 [AUDIT] actor= resource= action= result= corr= tenant= - DDL statement executed successfully {:adapter nil, :statement-preview CREATE INDEX IF NOT EXISTS idx_auth_users_active ON auth_users (active)}
2026-03-20 08:58:42.131 [AUDIT] actor= resource= action= result= corr= tenant= - DDL statement executed successfully {:adapter nil, :statement-preview CREATE INDEX IF NOT EXISTS idx_users_tenant_id ON users (tenant_id)}
2026-03-20 08:58:42.131 [AUDIT] actor= resource= action= result= corr= tenant= - DDL statement executed successfully {:adapter nil, :statement-preview CREATE INDEX IF NOT EXISTS idx_users_role ON users (role)}
2026-03-20 08:58:42.131 [AUDIT] actor= resource= action= result= corr= tenant= - DDL statement executed successfully {:adapter nil, :statement-preview CREATE INDEX IF NOT EXISTS idx_users_theme ON users (theme)}
2026-03-20 08:58:42.131 [AUDIT] actor= resource= action= result= corr= tenant= - DDL statement executed successfully {:adapter nil, :statement-preview CREATE INDEX IF NOT EXISTS idx_users_date_format ON users (date_format)}
2026-03-20 08:58:42.131 [AUDIT] actor= resource= action= result= corr= tenant= - DDL statement executed successfully {:adapter nil, :statement-preview CREATE INDEX IF NOT EXISTS idx_users_time_format ON users (time_format)}
2026-03-20 08:58:42.131 [AUDIT] actor= resource= action= result= corr= tenant= - DDL statement executed successfully {:adapter nil, :statement-preview CREATE INDEX IF NOT EXISTS idx_users_created_at ON users (created_at)}
2026-03-20 08:58:42.131 [AUDIT] actor= resource= action= result= corr= tenant= - DDL statement executed successfully {:adapter nil, :statement-preview CREATE INDEX IF NOT EXISTS idx_users_updated_at ON users (updated_at)}
2026-03-20 08:58:42.131 [AUDIT] actor= resource= action= result= corr= tenant= - DDL statement executed successfully {:adapter nil, :statement-preview CREATE INDEX IF NOT EXISTS idx_users_deleted_at ON users (deleted_at)}
2026-03-20 08:58:42.131 [AUDIT] actor= resource= action= result= corr= tenant= - DDL statement executed successfully {:adapter nil, :statement-preview CREATE INDEX IF NOT EXISTS idx_users_role ON users (role)}
2026-03-20 08:58:42.132 [AUDIT] actor= resource= action= result= corr= tenant= - DDL statement executed successfully {:adapter nil, :statement-preview CREATE INDEX IF NOT EXISTS idx_user_sessions_user_id ON user_sessions (user_id)}
2026-03-20 08:58:42.132 [AUDIT] actor= resource= action= result= corr= tenant= - DDL statement executed successfully {:adapter nil, :statement-preview CREATE INDEX IF NOT EXISTS idx_user_sessions_expires_at ON user_sessions (expires_at)}
2026-03-20 08:58:42.132 [AUDIT] actor= resource= action= result= corr= tenant= - DDL statement executed successfully {:adapter nil, :statement-preview CREATE INDEX IF NOT EXISTS idx_user_sessions_created_at ON user_sessions (created_at)}
2026-03-20 08:58:42.132 [AUDIT] actor= resource= action= result= corr= tenant= - DDL statement executed successfully {:adapter nil, :statement-preview CREATE INDEX IF NOT EXISTS idx_user_sessions_last_accessed_at ON user_sessions (last_accessed_at)}
2026-03-20 08:58:42.132 [AUDIT] actor= resource= action= result= corr= tenant= - DDL statement executed successfully {:adapter nil, :statement-preview CREATE INDEX IF NOT EXISTS idx_user_sessions_revoked_at ON user_sessions (revoked_at)}
2026-03-20 08:58:42.132 [AUDIT] actor= resource= action= result= corr= tenant= - DDL statement executed successfully {:adapter nil, :statement-preview CREATE INDEX IF NOT EXISTS idx_sessions_token ON user_sessions (session_token)}
2026-03-20 08:58:42.132 [AUDIT] actor= resource= action= result= corr= tenant= - DDL statement executed successfully {:adapter nil, :statement-preview CREATE INDEX IF NOT EXISTS idx_sessions_expires_at ON user_sessions (expires_at)}
2026-03-20 08:58:42.132 [AUDIT] actor= resource= action= result= corr= tenant= - DDL statement executed successfully {:adapter nil, :statement-preview CREATE INDEX IF NOT EXISTS idx_user_audit_log_actor_id ON user_audit_log (actor_id)}
2026-03-20 08:58:42.132 [AUDIT] actor= resource= action= result= corr= tenant= - DDL statement executed successfully {:adapter nil, :statement-preview CREATE INDEX IF NOT EXISTS idx_user_audit_log_target_user_id ON user_audit_log (target_user_id)}
2026-03-20 08:58:42.133 [AUDIT] actor= resource= action= result= corr= tenant= - DDL statement executed successfully {:adapter nil, :statement-preview CREATE INDEX IF NOT EXISTS idx_user_audit_log_action ON user_audit_log (action)}
2026-03-20 08:58:42.133 [AUDIT] actor= resource= action= result= corr= tenant= - DDL statement executed successfully {:adapter nil, :statement-preview CREATE INDEX IF NOT EXISTS idx_user_audit_log_result ON user_audit_log (result)}
2026-03-20 08:58:42.133 [AUDIT] actor= resource= action= result= corr= tenant= - DDL statement executed successfully {:adapter nil, :statement-preview CREATE INDEX IF NOT EXISTS idx_user_audit_log_created_at ON user_audit_log (created_at)}
2026-03-20 08:58:42.133 [AUDIT] actor= resource= action= result= corr= tenant= - Database schema initialization completed successfully {:dialect nil, :tables (auth_users users user_sessions user_audit_log)}
2026-03-20 08:58:42.134 [AUDIT] actor= resource= action= result= corr= tenant= - User module database schema initialized
2026-03-20 08:58:42.134 [AUDIT] actor= resource= action= result= corr= tenant= - Initializing user module routes (normalized format)
2026-03-20 08:58:42.240 [AUDIT] actor= resource= action= result= corr= tenant= - User module routes initialized successfully {:route-keys (:api :web :static), :api-count 9, :web-count 22}
2026-03-20 08:58:48.500 [AUDIT] actor= resource= action= result= corr= tenant= - Processing authentication request {:uri /web/admin/orders/4e9f13d4-ba12-4110-8648-1b82d7df63d9, :method :get, :has-session true, :has-bearer false, :cookies (session-token Idea-2e373df0), :session-token-value aLxy1AJ7}
2026-03-20 08:58:48.500 [AUDIT] actor= resource= action= result= corr= tenant= - Attempting session authentication {:token-preview aLxy1AJ7}
2026-03-20 08:58:48.501 [AUDIT] actor= resource= action= result= corr= tenant= - Validating session token {:session-token aLxy1AJ7P4oN8nxlZx82bQ8ovUHHuO6Z2oUejYitrsI=, :uri /web/admin/orders/4e9f13d4-ba12-4110-8648-1b82d7df63d9}
2026-03-20 08:58:48.506 [AUDIT] actor= resource= action= result= corr= tenant= - Database operation successful: find-session-by-token {:session-token aLxy1AJ7P4oN8nxlZx82bQ8ovUHHuO6Z2oUejYitrsI=, :duration-ms 3.404625}
2026-03-20 08:58:48.507 [AUDIT] actor= resource= action= result= corr= tenant= - Database operation successful: update-session {:session-entity {:expires-at #object[java.time.Instant 0x5e2acc4 2026-03-21T05:53:14.560559Z], :user-agent Mozilla/5.0 (Macintosh; Intel Mac OS X 10_15_7) AppleWebKit/605.1.15 (KHTML, like Gecko) Version/26.3.1 Safari/605.1.15, :session-token aLxy1AJ7P4oN8nxlZx82bQ8ovUHHuO6Z2oUejYitrsI=, :user-id #uuid "d5fa63dd-4d30-4f4f-9237-6df5ae005e6d", :last-accessed-at #object[java.time.Instant 0x65447a3e 2026-03-20T07:58:48.506246Z], :id #uuid "36c4e937-b108-4009-8812-b60e65bbe528", :revoked-at nil, :created-at #object[java.time.Instant 0xb97c186 2026-03-20T05:53:14.772936Z], :ip-address [0:0:0:0:0:0:0:1]}, :duration-ms 0.392625}
2026-03-20 08:58:48.507 [AUDIT] actor= resource= action= result= corr= tenant= - Session validation successful {:user-id #uuid "d5fa63dd-4d30-4f4f-9237-6df5ae005e6d"}
2026-03-20 08:58:48.509 [AUDIT] actor= resource= action= result= corr= tenant= - Database operation successful: find-user-by-id {:user-id #uuid "d5fa63dd-4d30-4f4f-9237-6df5ae005e6d", :duration-ms 1.910625}
2026-03-20 08:58:48.512 [AUDIT] actor= resource= action= result= corr= tenant= - Database operation successful: admin-get-entity {:entity orders, :id #uuid "4e9f13d4-ba12-4110-8648-1b82d7df63d9", :duration-ms 0.877833}
2026-03-20 08:58:48.514 [AUDIT] actor= resource= action= result= corr= tenant= - Database operation successful: admin-list-related-entities {:parent-id 4e9f13d4-ba12-4110-8648-1b82d7df63d9, :entity order-items, :duration-ms 0.198834}
2026-03-20 08:59:34.832 [AUDIT] actor= resource= action= result= corr= tenant= - Processing authentication request {:uri /web/admin/orders, :method :get, :has-session true, :has-bearer false, :cookies (session-token Idea-2e373df0), :session-token-value aLxy1AJ7}
2026-03-20 08:59:34.833 [AUDIT] actor= resource= action= result= corr= tenant= - Attempting session authentication {:token-preview aLxy1AJ7}
2026-03-20 08:59:34.833 [AUDIT] actor= resource= action= result= corr= tenant= - Validating session token {:session-token aLxy1AJ7P4oN8nxlZx82bQ8ovUHHuO6Z2oUejYitrsI=, :uri /web/admin/orders}
2026-03-20 08:59:34.835 [AUDIT] actor= resource= action= result= corr= tenant= - Database operation successful: find-session-by-token {:session-token aLxy1AJ7P4oN8nxlZx82bQ8ovUHHuO6Z2oUejYitrsI=, :duration-ms 1.955583}
2026-03-20 08:59:34.836 [AUDIT] actor= resource= action= result= corr= tenant= - Database operation successful: update-session {:session-entity {:expires-at #object[java.time.Instant 0x5646d0ec 2026-03-21T05:53:14.560559Z], :user-agent Mozilla/5.0 (Macintosh; Intel Mac OS X 10_15_7) AppleWebKit/605.1.15 (KHTML, like Gecko) Version/26.3.1 Safari/605.1.15, :session-token aLxy1AJ7P4oN8nxlZx82bQ8ovUHHuO6Z2oUejYitrsI=, :user-id #uuid "d5fa63dd-4d30-4f4f-9237-6df5ae005e6d", :last-accessed-at #object[java.time.Instant 0x52794efc 2026-03-20T07:59:34.835738Z], :id #uuid "36c4e937-b108-4009-8812-b60e65bbe528", :revoked-at nil, :created-at #object[java.time.Instant 0x177bdad7 2026-03-20T05:53:14.772936Z], :ip-address [0:0:0:0:0:0:0:1]}, :duration-ms 0.69175}
2026-03-20 08:59:34.836 [AUDIT] actor= resource= action= result= corr= tenant= - Session validation successful {:user-id #uuid "d5fa63dd-4d30-4f4f-9237-6df5ae005e6d"}
2026-03-20 08:59:34.838 [AUDIT] actor= resource= action= result= corr= tenant= - Database operation successful: find-user-by-id {:user-id #uuid "d5fa63dd-4d30-4f4f-9237-6df5ae005e6d", :duration-ms 1.134917}
2026-03-20 08:59:34.843 [AUDIT] actor= resource= action= result= corr= tenant= - Database operation successful: admin-list-entities {:entity orders, :limit nil, :offset nil, :duration-ms 2.929167}
2026-03-20 08:59:39.931 [AUDIT] actor= resource= action= result= corr= tenant= - Processing authentication request {:uri /web/admin/orders/4e9f13d4-ba12-4110-8648-1b82d7df63d9, :method :get, :has-session true, :has-bearer false, :cookies (session-token Idea-2e373df0), :session-token-value aLxy1AJ7}
2026-03-20 08:59:39.932 [AUDIT] actor= resource= action= result= corr= tenant= - Attempting session authentication {:token-preview aLxy1AJ7}
2026-03-20 08:59:39.932 [AUDIT] actor= resource= action= result= corr= tenant= - Validating session token {:session-token aLxy1AJ7P4oN8nxlZx82bQ8ovUHHuO6Z2oUejYitrsI=, :uri /web/admin/orders/4e9f13d4-ba12-4110-8648-1b82d7df63d9}
2026-03-20 08:59:39.935 [AUDIT] actor= resource= action= result= corr= tenant= - Database operation successful: find-session-by-token {:session-token aLxy1AJ7P4oN8nxlZx82bQ8ovUHHuO6Z2oUejYitrsI=, :duration-ms 2.242833}
2026-03-20 08:59:39.936 [AUDIT] actor= resource= action= result= corr= tenant= - Database operation successful: update-session {:session-entity {:expires-at #object[java.time.Instant 0x3f6c669 2026-03-21T05:53:14.560559Z], :user-agent Mozilla/5.0 (Macintosh; Intel Mac OS X 10_15_7) AppleWebKit/605.1.15 (KHTML, like Gecko) Version/26.3.1 Safari/605.1.15, :session-token aLxy1AJ7P4oN8nxlZx82bQ8ovUHHuO6Z2oUejYitrsI=, :user-id #uuid "d5fa63dd-4d30-4f4f-9237-6df5ae005e6d", :last-accessed-at #object[java.time.Instant 0x1fe387eb 2026-03-20T07:59:39.935350Z], :id #uuid "36c4e937-b108-4009-8812-b60e65bbe528", :revoked-at nil, :created-at #object[java.time.Instant 0x2ed8ea05 2026-03-20T05:53:14.772936Z], :ip-address [0:0:0:0:0:0:0:1]}, :duration-ms 0.90425}
2026-03-20 08:59:39.936 [AUDIT] actor= resource= action= result= corr= tenant= - Session validation successful {:user-id #uuid "d5fa63dd-4d30-4f4f-9237-6df5ae005e6d"}
2026-03-20 08:59:39.939 [AUDIT] actor= resource= action= result= corr= tenant= - Database operation successful: find-user-by-id {:user-id #uuid "d5fa63dd-4d30-4f4f-9237-6df5ae005e6d", :duration-ms 1.942917}
2026-03-20 08:59:39.942 [AUDIT] actor= resource= action= result= corr= tenant= - Database operation successful: admin-get-entity {:entity orders, :id #uuid "4e9f13d4-ba12-4110-8648-1b82d7df63d9", :duration-ms 1.488542}
2026-03-20 08:59:39.945 [AUDIT] actor= resource= action= result= corr= tenant= - Database operation successful: admin-list-related-entities {:parent-id 4e9f13d4-ba12-4110-8648-1b82d7df63d9, :entity order-items, :duration-ms 0.51925}
2026-03-20 09:07:11.951 [AUDIT] actor= resource= action= result= corr= tenant= - Processing authentication request {:uri /web/admin/orders, :method :get, :has-session true, :has-bearer false, :cookies (session-token Idea-2e373df0), :session-token-value aLxy1AJ7}
2026-03-20 09:07:11.952 [AUDIT] actor= resource= action= result= corr= tenant= - Attempting session authentication {:token-preview aLxy1AJ7}
2026-03-20 09:07:11.952 [AUDIT] actor= resource= action= result= corr= tenant= - Validating session token {:session-token aLxy1AJ7P4oN8nxlZx82bQ8ovUHHuO6Z2oUejYitrsI=, :uri /web/admin/orders}
2026-03-20 09:07:11.956 [AUDIT] actor= resource= action= result= corr= tenant= - Database operation successful: find-session-by-token {:session-token aLxy1AJ7P4oN8nxlZx82bQ8ovUHHuO6Z2oUejYitrsI=, :duration-ms 3.584958}
2026-03-20 09:07:11.957 [AUDIT] actor= resource= action= result= corr= tenant= - Database operation successful: update-session {:session-entity {:expires-at #object[java.time.Instant 0x100d4082 2026-03-21T05:53:14.560559Z], :user-agent Mozilla/5.0 (Macintosh; Intel Mac OS X 10_15_7) AppleWebKit/605.1.15 (KHTML, like Gecko) Version/26.3.1 Safari/605.1.15, :session-token aLxy1AJ7P4oN8nxlZx82bQ8ovUHHuO6Z2oUejYitrsI=, :user-id #uuid "d5fa63dd-4d30-4f4f-9237-6df5ae005e6d", :last-accessed-at #object[java.time.Instant 0x14daabfc 2026-03-20T08:07:11.956555Z], :id #uuid "36c4e937-b108-4009-8812-b60e65bbe528", :revoked-at nil, :created-at #object[java.time.Instant 0x33d5b879 2026-03-20T05:53:14.772936Z], :ip-address [0:0:0:0:0:0:0:1]}, :duration-ms 0.665292}
2026-03-20 09:07:11.957 [AUDIT] actor= resource= action= result= corr= tenant= - Session validation successful {:user-id #uuid "d5fa63dd-4d30-4f4f-9237-6df5ae005e6d"}
2026-03-20 09:07:11.962 [AUDIT] actor= resource= action= result= corr= tenant= - Database operation successful: find-user-by-id {:user-id #uuid "d5fa63dd-4d30-4f4f-9237-6df5ae005e6d", :duration-ms 4.52}
2026-03-20 09:07:11.966 [AUDIT] actor= resource= action= result= corr= tenant= - Database operation successful: admin-list-entities {:entity orders, :limit nil, :offset nil, :duration-ms 2.007417}
2026-03-20 09:07:13.547 [AUDIT] actor= resource= action= result= corr= tenant= - Processing authentication request {:uri /web/admin/products, :method :get, :has-session true, :has-bearer false, :cookies (session-token Idea-2e373df0), :session-token-value aLxy1AJ7}
2026-03-20 09:07:13.548 [AUDIT] actor= resource= action= result= corr= tenant= - Attempting session authentication {:token-preview aLxy1AJ7}
2026-03-20 09:07:13.548 [AUDIT] actor= resource= action= result= corr= tenant= - Validating session token {:session-token aLxy1AJ7P4oN8nxlZx82bQ8ovUHHuO6Z2oUejYitrsI=, :uri /web/admin/products}
2026-03-20 09:07:13.551 [AUDIT] actor= resource= action= result= corr= tenant= - Database operation successful: find-session-by-token {:session-token aLxy1AJ7P4oN8nxlZx82bQ8ovUHHuO6Z2oUejYitrsI=, :duration-ms 3.234}
2026-03-20 09:07:13.553 [AUDIT] actor= resource= action= result= corr= tenant= - Database operation successful: update-session {:session-entity {:expires-at #object[java.time.Instant 0x47ca6b8c 2026-03-21T05:53:14.560559Z], :user-agent Mozilla/5.0 (Macintosh; Intel Mac OS X 10_15_7) AppleWebKit/605.1.15 (KHTML, like Gecko) Version/26.3.1 Safari/605.1.15, :session-token aLxy1AJ7P4oN8nxlZx82bQ8ovUHHuO6Z2oUejYitrsI=, :user-id #uuid "d5fa63dd-4d30-4f4f-9237-6df5ae005e6d", :last-accessed-at #object[java.time.Instant 0x172430ab 2026-03-20T08:07:13.552124Z], :id #uuid "36c4e937-b108-4009-8812-b60e65bbe528", :revoked-at nil, :created-at #object[java.time.Instant 0x51e3e51b 2026-03-20T05:53:14.772936Z], :ip-address [0:0:0:0:0:0:0:1]}, :duration-ms 0.659917}
2026-03-20 09:07:13.553 [AUDIT] actor= resource= action= result= corr= tenant= - Session validation successful {:user-id #uuid "d5fa63dd-4d30-4f4f-9237-6df5ae005e6d"}
2026-03-20 09:07:13.555 [AUDIT] actor= resource= action= result= corr= tenant= - Database operation successful: find-user-by-id {:user-id #uuid "d5fa63dd-4d30-4f4f-9237-6df5ae005e6d", :duration-ms 1.853291}
2026-03-20 09:07:13.558 [AUDIT] actor= resource= action= result= corr= tenant= - Database operation successful: admin-list-entities {:entity products, :limit nil, :offset nil, :duration-ms 1.789583}
2026-03-20 09:07:15.351 [AUDIT] actor= resource= action= result= corr= tenant= - Processing authentication request {:uri /web/admin/orders, :method :get, :has-session true, :has-bearer false, :cookies (session-token Idea-2e373df0), :session-token-value aLxy1AJ7}
2026-03-20 09:07:15.352 [AUDIT] actor= resource= action= result= corr= tenant= - Attempting session authentication {:token-preview aLxy1AJ7}
2026-03-20 09:07:15.352 [AUDIT] actor= resource= action= result= corr= tenant= - Validating session token {:session-token aLxy1AJ7P4oN8nxlZx82bQ8ovUHHuO6Z2oUejYitrsI=, :uri /web/admin/orders}
2026-03-20 09:07:15.354 [AUDIT] actor= resource= action= result= corr= tenant= - Database operation successful: find-session-by-token {:session-token aLxy1AJ7P4oN8nxlZx82bQ8ovUHHuO6Z2oUejYitrsI=, :duration-ms 2.045459}
2026-03-20 09:07:15.356 [AUDIT] actor= resource= action= result= corr= tenant= - Database operation successful: update-session {:session-entity {:expires-at #object[java.time.Instant 0x7436ab7a 2026-03-21T05:53:14.560559Z], :user-agent Mozilla/5.0 (Macintosh; Intel Mac OS X 10_15_7) AppleWebKit/605.1.15 (KHTML, like Gecko) Version/26.3.1 Safari/605.1.15, :session-token aLxy1AJ7P4oN8nxlZx82bQ8ovUHHuO6Z2oUejYitrsI=, :user-id #uuid "d5fa63dd-4d30-4f4f-9237-6df5ae005e6d", :last-accessed-at #object[java.time.Instant 0x1685f92c 2026-03-20T08:07:15.355002Z], :id #uuid "36c4e937-b108-4009-8812-b60e65bbe528", :revoked-at nil, :created-at #object[java.time.Instant 0x61a9460c 2026-03-20T05:53:14.772936Z], :ip-address [0:0:0:0:0:0:0:1]}, :duration-ms 0.975625}
2026-03-20 09:07:15.356 [AUDIT] actor= resource= action= result= corr= tenant= - Session validation successful {:user-id #uuid "d5fa63dd-4d30-4f4f-9237-6df5ae005e6d"}
2026-03-20 09:07:15.358 [AUDIT] actor= resource= action= result= corr= tenant= - Database operation successful: find-user-by-id {:user-id #uuid "d5fa63dd-4d30-4f4f-9237-6df5ae005e6d", :duration-ms 1.316833}
2026-03-20 09:07:15.362 [AUDIT] actor= resource= action= result= corr= tenant= - Database operation successful: admin-list-entities {:entity orders, :limit nil, :offset nil, :duration-ms 1.584}
2026-03-20 09:07:17.278 [AUDIT] actor= resource= action= result= corr= tenant= - Processing authentication request {:uri /web/admin/orders/4e9f13d4-ba12-4110-8648-1b82d7df63d9, :method :get, :has-session true, :has-bearer false, :cookies (session-token Idea-2e373df0), :session-token-value aLxy1AJ7}
2026-03-20 09:07:17.279 [AUDIT] actor= resource= action= result= corr= tenant= - Attempting session authentication {:token-preview aLxy1AJ7}
2026-03-20 09:07:17.279 [AUDIT] actor= resource= action= result= corr= tenant= - Validating session token {:session-token aLxy1AJ7P4oN8nxlZx82bQ8ovUHHuO6Z2oUejYitrsI=, :uri /web/admin/orders/4e9f13d4-ba12-4110-8648-1b82d7df63d9}
2026-03-20 09:07:17.282 [AUDIT] actor= resource= action= result= corr= tenant= - Database operation successful: find-session-by-token {:session-token aLxy1AJ7P4oN8nxlZx82bQ8ovUHHuO6Z2oUejYitrsI=, :duration-ms 2.896792}
2026-03-20 09:07:17.284 [AUDIT] actor= resource= action= result= corr= tenant= - Database operation successful: update-session {:session-entity {:expires-at #object[java.time.Instant 0x3bb2afbf 2026-03-21T05:53:14.560559Z], :user-agent Mozilla/5.0 (Macintosh; Intel Mac OS X 10_15_7) AppleWebKit/605.1.15 (KHTML, like Gecko) Version/26.3.1 Safari/605.1.15, :session-token aLxy1AJ7P4oN8nxlZx82bQ8ovUHHuO6Z2oUejYitrsI=, :user-id #uuid "d5fa63dd-4d30-4f4f-9237-6df5ae005e6d", :last-accessed-at #object[java.time.Instant 0x3bb9b4d1 2026-03-20T08:07:17.282746Z], :id #uuid "36c4e937-b108-4009-8812-b60e65bbe528", :revoked-at nil, :created-at #object[java.time.Instant 0xf62e785 2026-03-20T05:53:14.772936Z], :ip-address [0:0:0:0:0:0:0:1]}, :duration-ms 1.126334}
2026-03-20 09:07:17.284 [AUDIT] actor= resource= action= result= corr= tenant= - Session validation successful {:user-id #uuid "d5fa63dd-4d30-4f4f-9237-6df5ae005e6d"}
2026-03-20 09:07:17.286 [AUDIT] actor= resource= action= result= corr= tenant= - Database operation successful: find-user-by-id {:user-id #uuid "d5fa63dd-4d30-4f4f-9237-6df5ae005e6d", :duration-ms 1.896792}
2026-03-20 09:07:17.289 [AUDIT] actor= resource= action= result= corr= tenant= - Database operation successful: admin-get-entity {:entity orders, :id #uuid "4e9f13d4-ba12-4110-8648-1b82d7df63d9", :duration-ms 1.357125}
2026-03-20 09:07:17.291 [AUDIT] actor= resource= action= result= corr= tenant= - Database operation successful: admin-list-related-entities {:parent-id 4e9f13d4-ba12-4110-8648-1b82d7df63d9, :entity order-items, :duration-ms 0.313417}
2026-03-20 09:09:29.811 [AUDIT] actor= resource= action= result= corr= tenant= - Processing authentication request {:uri /web/admin/orders, :method :get, :has-session true, :has-bearer false, :cookies (session-token Idea-2e373df0), :session-token-value aLxy1AJ7}
2026-03-20 09:09:29.812 [AUDIT] actor= resource= action= result= corr= tenant= - Attempting session authentication {:token-preview aLxy1AJ7}
2026-03-20 09:09:29.812 [AUDIT] actor= resource= action= result= corr= tenant= - Validating session token {:session-token aLxy1AJ7P4oN8nxlZx82bQ8ovUHHuO6Z2oUejYitrsI=, :uri /web/admin/orders}
2026-03-20 09:09:29.814 [AUDIT] actor= resource= action= result= corr= tenant= - Database operation successful: find-session-by-token {:session-token aLxy1AJ7P4oN8nxlZx82bQ8ovUHHuO6Z2oUejYitrsI=, :duration-ms 1.811292}
2026-03-20 09:09:29.816 [AUDIT] actor= resource= action= result= corr= tenant= - Database operation successful: update-session {:session-entity {:expires-at #object[java.time.Instant 0x4361c0f6 2026-03-21T05:53:14.560559Z], :user-agent Mozilla/5.0 (Macintosh; Intel Mac OS X 10_15_7) AppleWebKit/605.1.15 (KHTML, like Gecko) Version/26.3.1 Safari/605.1.15, :session-token aLxy1AJ7P4oN8nxlZx82bQ8ovUHHuO6Z2oUejYitrsI=, :user-id #uuid "d5fa63dd-4d30-4f4f-9237-6df5ae005e6d", :last-accessed-at #object[java.time.Instant 0x5d69ae93 2026-03-20T08:09:29.815070Z], :id #uuid "36c4e937-b108-4009-8812-b60e65bbe528", :revoked-at nil, :created-at #object[java.time.Instant 0x17b30553 2026-03-20T05:53:14.772936Z], :ip-address [0:0:0:0:0:0:0:1]}, :duration-ms 0.733958}
2026-03-20 09:09:29.816 [AUDIT] actor= resource= action= result= corr= tenant= - Session validation successful {:user-id #uuid "d5fa63dd-4d30-4f4f-9237-6df5ae005e6d"}
2026-03-20 09:09:29.818 [AUDIT] actor= resource= action= result= corr= tenant= - Database operation successful: find-user-by-id {:user-id #uuid "d5fa63dd-4d30-4f4f-9237-6df5ae005e6d", :duration-ms 1.604041}
2026-03-20 09:09:29.822 [AUDIT] actor= resource= action= result= corr= tenant= - Database operation successful: admin-list-entities {:entity orders, :limit nil, :offset nil, :duration-ms 2.160375}
2026-03-20 09:09:31.447 [AUDIT] actor= resource= action= result= corr= tenant= - Processing authentication request {:uri /web/admin/products, :method :get, :has-session true, :has-bearer false, :cookies (session-token Idea-2e373df0), :session-token-value aLxy1AJ7}
2026-03-20 09:09:31.448 [AUDIT] actor= resource= action= result= corr= tenant= - Attempting session authentication {:token-preview aLxy1AJ7}
2026-03-20 09:09:31.448 [AUDIT] actor= resource= action= result= corr= tenant= - Validating session token {:session-token aLxy1AJ7P4oN8nxlZx82bQ8ovUHHuO6Z2oUejYitrsI=, :uri /web/admin/products}
2026-03-20 09:09:31.450 [AUDIT] actor= resource= action= result= corr= tenant= - Database operation successful: find-session-by-token {:session-token aLxy1AJ7P4oN8nxlZx82bQ8ovUHHuO6Z2oUejYitrsI=, :duration-ms 1.684458}
2026-03-20 09:09:31.451 [AUDIT] actor= resource= action= result= corr= tenant= - Database operation successful: update-session {:session-entity {:expires-at #object[java.time.Instant 0x1bad7cb1 2026-03-21T05:53:14.560559Z], :user-agent Mozilla/5.0 (Macintosh; Intel Mac OS X 10_15_7) AppleWebKit/605.1.15 (KHTML, like Gecko) Version/26.3.1 Safari/605.1.15, :session-token aLxy1AJ7P4oN8nxlZx82bQ8ovUHHuO6Z2oUejYitrsI=, :user-id #uuid "d5fa63dd-4d30-4f4f-9237-6df5ae005e6d", :last-accessed-at #object[java.time.Instant 0x724c3503 2026-03-20T08:09:31.450306Z], :id #uuid "36c4e937-b108-4009-8812-b60e65bbe528", :revoked-at nil, :created-at #object[java.time.Instant 0x4e647d44 2026-03-20T05:53:14.772936Z], :ip-address [0:0:0:0:0:0:0:1]}, :duration-ms 0.629959}
2026-03-20 09:09:31.451 [AUDIT] actor= resource= action= result= corr= tenant= - Session validation successful {:user-id #uuid "d5fa63dd-4d30-4f4f-9237-6df5ae005e6d"}
2026-03-20 09:09:31.452 [AUDIT] actor= resource= action= result= corr= tenant= - Database operation successful: find-user-by-id {:user-id #uuid "d5fa63dd-4d30-4f4f-9237-6df5ae005e6d", :duration-ms 1.262292}
2026-03-20 09:09:31.457 [AUDIT] actor= resource= action= result= corr= tenant= - Database operation successful: admin-list-entities {:entity products, :limit nil, :offset nil, :duration-ms 1.61225}
2026-03-20 09:09:34.229 [AUDIT] actor= resource= action= result= corr= tenant= - Processing authentication request {:uri /web/admin/products/11111111-1111-1111-1111-111111111111, :method :get, :has-session true, :has-bearer false, :cookies (session-token Idea-2e373df0), :session-token-value aLxy1AJ7}
2026-03-20 09:09:34.229 [AUDIT] actor= resource= action= result= corr= tenant= - Attempting session authentication {:token-preview aLxy1AJ7}
2026-03-20 09:09:34.229 [AUDIT] actor= resource= action= result= corr= tenant= - Validating session token {:session-token aLxy1AJ7P4oN8nxlZx82bQ8ovUHHuO6Z2oUejYitrsI=, :uri /web/admin/products/11111111-1111-1111-1111-111111111111}
2026-03-20 09:09:34.231 [AUDIT] actor= resource= action= result= corr= tenant= - Database operation successful: find-session-by-token {:session-token aLxy1AJ7P4oN8nxlZx82bQ8ovUHHuO6Z2oUejYitrsI=, :duration-ms 1.715834}
2026-03-20 09:09:34.232 [AUDIT] actor= resource= action= result= corr= tenant= - Database operation successful: update-session {:session-entity {:expires-at #object[java.time.Instant 0x3d4c6416 2026-03-21T05:53:14.560559Z], :user-agent Mozilla/5.0 (Macintosh; Intel Mac OS X 10_15_7) AppleWebKit/605.1.15 (KHTML, like Gecko) Version/26.3.1 Safari/605.1.15, :session-token aLxy1AJ7P4oN8nxlZx82bQ8ovUHHuO6Z2oUejYitrsI=, :user-id #uuid "d5fa63dd-4d30-4f4f-9237-6df5ae005e6d", :last-accessed-at #object[java.time.Instant 0x70676539 2026-03-20T08:09:34.231852Z], :id #uuid "36c4e937-b108-4009-8812-b60e65bbe528", :revoked-at nil, :created-at #object[java.time.Instant 0x606a5090 2026-03-20T05:53:14.772936Z], :ip-address [0:0:0:0:0:0:0:1]}, :duration-ms 0.588375}
2026-03-20 09:09:34.232 [AUDIT] actor= resource= action= result= corr= tenant= - Session validation successful {:user-id #uuid "d5fa63dd-4d30-4f4f-9237-6df5ae005e6d"}
2026-03-20 09:09:34.234 [AUDIT] actor= resource= action= result= corr= tenant= - Database operation successful: find-user-by-id {:user-id #uuid "d5fa63dd-4d30-4f4f-9237-6df5ae005e6d", :duration-ms 1.251375}
2026-03-20 09:09:34.237 [AUDIT] actor= resource= action= result= corr= tenant= - Database operation successful: admin-get-entity {:entity products, :id #uuid "11111111-1111-1111-1111-111111111111", :duration-ms 1.455833}
2026-03-20 09:09:41.893 [AUDIT] actor= resource= action= result= corr= tenant= - Processing authentication request {:uri /web/admin/products, :method :get, :has-session true, :has-bearer false, :cookies (session-token Idea-2e373df0), :session-token-value aLxy1AJ7}
2026-03-20 09:09:41.893 [AUDIT] actor= resource= action= result= corr= tenant= - Attempting session authentication {:token-preview aLxy1AJ7}
2026-03-20 09:09:41.893 [AUDIT] actor= resource= action= result= corr= tenant= - Validating session token {:session-token aLxy1AJ7P4oN8nxlZx82bQ8ovUHHuO6Z2oUejYitrsI=, :uri /web/admin/products}
2026-03-20 09:09:41.894 [AUDIT] actor= resource= action= result= corr= tenant= - Database operation successful: find-session-by-token {:session-token aLxy1AJ7P4oN8nxlZx82bQ8ovUHHuO6Z2oUejYitrsI=, :duration-ms 0.723625}
2026-03-20 09:09:41.895 [AUDIT] actor= resource= action= result= corr= tenant= - Database operation successful: update-session {:session-entity {:expires-at #object[java.time.Instant 0x45f946a7 2026-03-21T05:53:14.560559Z], :user-agent Mozilla/5.0 (Macintosh; Intel Mac OS X 10_15_7) AppleWebKit/605.1.15 (KHTML, like Gecko) Version/26.3.1 Safari/605.1.15, :session-token aLxy1AJ7P4oN8nxlZx82bQ8ovUHHuO6Z2oUejYitrsI=, :user-id #uuid "d5fa63dd-4d30-4f4f-9237-6df5ae005e6d", :last-accessed-at #object[java.time.Instant 0x35c1e25d 2026-03-20T08:09:41.894941Z], :id #uuid "36c4e937-b108-4009-8812-b60e65bbe528", :revoked-at nil, :created-at #object[java.time.Instant 0x26363dcb 2026-03-20T05:53:14.772936Z], :ip-address [0:0:0:0:0:0:0:1]}, :duration-ms 0.224291}
2026-03-20 09:09:41.895 [AUDIT] actor= resource= action= result= corr= tenant= - Session validation successful {:user-id #uuid "d5fa63dd-4d30-4f4f-9237-6df5ae005e6d"}
2026-03-20 09:09:41.896 [AUDIT] actor= resource= action= result= corr= tenant= - Database operation successful: find-user-by-id {:user-id #uuid "d5fa63dd-4d30-4f4f-9237-6df5ae005e6d", :duration-ms 0.623708}
2026-03-20 09:09:41.896 [AUDIT] actor= resource= action= result= corr= tenant= - Database operation successful: admin-list-entities {:entity products, :limit nil, :offset nil, :duration-ms 0.608042}
2026-03-20 09:09:49.706 [AUDIT] actor= resource= action= result= corr= tenant= - Processing authentication request {:uri /web/admin/products/22222222-2222-2222-2222-222222222222, :method :get, :has-session true, :has-bearer false, :cookies (session-token Idea-2e373df0), :session-token-value aLxy1AJ7}
2026-03-20 09:09:49.706 [AUDIT] actor= resource= action= result= corr= tenant= - Attempting session authentication {:token-preview aLxy1AJ7}
2026-03-20 09:09:49.706 [AUDIT] actor= resource= action= result= corr= tenant= - Validating session token {:session-token aLxy1AJ7P4oN8nxlZx82bQ8ovUHHuO6Z2oUejYitrsI=, :uri /web/admin/products/22222222-2222-2222-2222-222222222222}
2026-03-20 09:09:49.709 [AUDIT] actor= resource= action= result= corr= tenant= - Database operation successful: find-session-by-token {:session-token aLxy1AJ7P4oN8nxlZx82bQ8ovUHHuO6Z2oUejYitrsI=, :duration-ms 2.170917}
2026-03-20 09:09:49.710 [AUDIT] actor= resource= action= result= corr= tenant= - Database operation successful: update-session {:session-entity {:expires-at #object[java.time.Instant 0x6ffc4853 2026-03-21T05:53:14.560559Z], :user-agent Mozilla/5.0 (Macintosh; Intel Mac OS X 10_15_7) AppleWebKit/605.1.15 (KHTML, like Gecko) Version/26.3.1 Safari/605.1.15, :session-token aLxy1AJ7P4oN8nxlZx82bQ8ovUHHuO6Z2oUejYitrsI=, :user-id #uuid "d5fa63dd-4d30-4f4f-9237-6df5ae005e6d", :last-accessed-at #object[java.time.Instant 0x314eed6e 2026-03-20T08:09:49.709555Z], :id #uuid "36c4e937-b108-4009-8812-b60e65bbe528", :revoked-at nil, :created-at #object[java.time.Instant 0x7acb08d3 2026-03-20T05:53:14.772936Z], :ip-address [0:0:0:0:0:0:0:1]}, :duration-ms 0.566916}
2026-03-20 09:09:49.710 [AUDIT] actor= resource= action= result= corr= tenant= - Session validation successful {:user-id #uuid "d5fa63dd-4d30-4f4f-9237-6df5ae005e6d"}
2026-03-20 09:09:49.712 [AUDIT] actor= resource= action= result= corr= tenant= - Database operation successful: find-user-by-id {:user-id #uuid "d5fa63dd-4d30-4f4f-9237-6df5ae005e6d", :duration-ms 1.457917}
2026-03-20 09:09:49.713 [AUDIT] actor= resource= action= result= corr= tenant= - Database operation successful: admin-get-entity {:entity products, :id #uuid "22222222-2222-2222-2222-222222222222", :duration-ms 0.918167}
2026-03-20 09:09:54.622 [AUDIT] actor= resource= action= result= corr= tenant= - Processing authentication request {:uri /web/admin/products, :method :get, :has-session true, :has-bearer false, :cookies (session-token Idea-2e373df0), :session-token-value aLxy1AJ7}
2026-03-20 09:09:54.623 [AUDIT] actor= resource= action= result= corr= tenant= - Attempting session authentication {:token-preview aLxy1AJ7}
2026-03-20 09:09:54.623 [AUDIT] actor= resource= action= result= corr= tenant= - Validating session token {:session-token aLxy1AJ7P4oN8nxlZx82bQ8ovUHHuO6Z2oUejYitrsI=, :uri /web/admin/products}
2026-03-20 09:09:54.625 [AUDIT] actor= resource= action= result= corr= tenant= - Database operation successful: find-session-by-token {:session-token aLxy1AJ7P4oN8nxlZx82bQ8ovUHHuO6Z2oUejYitrsI=, :duration-ms 1.877125}
2026-03-20 09:09:54.627 [AUDIT] actor= resource= action= result= corr= tenant= - Database operation successful: update-session {:session-entity {:expires-at #object[java.time.Instant 0x4b55fa14 2026-03-21T05:53:14.560559Z], :user-agent Mozilla/5.0 (Macintosh; Intel Mac OS X 10_15_7) AppleWebKit/605.1.15 (KHTML, like Gecko) Version/26.3.1 Safari/605.1.15, :session-token aLxy1AJ7P4oN8nxlZx82bQ8ovUHHuO6Z2oUejYitrsI=, :user-id #uuid "d5fa63dd-4d30-4f4f-9237-6df5ae005e6d", :last-accessed-at #object[java.time.Instant 0x449641a7 2026-03-20T08:09:54.625694Z], :id #uuid "36c4e937-b108-4009-8812-b60e65bbe528", :revoked-at nil, :created-at #object[java.time.Instant 0x7eff9062 2026-03-20T05:53:14.772936Z], :ip-address [0:0:0:0:0:0:0:1]}, :duration-ms 1.2115}
2026-03-20 09:09:54.627 [AUDIT] actor= resource= action= result= corr= tenant= - Session validation successful {:user-id #uuid "d5fa63dd-4d30-4f4f-9237-6df5ae005e6d"}
2026-03-20 09:09:54.629 [AUDIT] actor= resource= action= result= corr= tenant= - Database operation successful: find-user-by-id {:user-id #uuid "d5fa63dd-4d30-4f4f-9237-6df5ae005e6d", :duration-ms 1.405833}
2026-03-20 09:09:54.632 [AUDIT] actor= resource= action= result= corr= tenant= - Database operation successful: admin-list-entities {:entity products, :limit nil, :offset nil, :duration-ms 2.081625}
2026-03-20 09:10:00.575 [AUDIT] actor= resource= action= result= corr= tenant= - Processing authentication request {:uri /web/admin/users, :method :get, :has-session true, :has-bearer false, :cookies (session-token Idea-2e373df0), :session-token-value aLxy1AJ7}
2026-03-20 09:10:00.575 [AUDIT] actor= resource= action= result= corr= tenant= - Attempting session authentication {:token-preview aLxy1AJ7}
2026-03-20 09:10:00.575 [AUDIT] actor= resource= action= result= corr= tenant= - Validating session token {:session-token aLxy1AJ7P4oN8nxlZx82bQ8ovUHHuO6Z2oUejYitrsI=, :uri /web/admin/users}
2026-03-20 09:10:00.577 [AUDIT] actor= resource= action= result= corr= tenant= - Database operation successful: find-session-by-token {:session-token aLxy1AJ7P4oN8nxlZx82bQ8ovUHHuO6Z2oUejYitrsI=, :duration-ms 1.592708}
2026-03-20 09:10:00.578 [AUDIT] actor= resource= action= result= corr= tenant= - Database operation successful: update-session {:session-entity {:expires-at #object[java.time.Instant 0x489729ca 2026-03-21T05:53:14.560559Z], :user-agent Mozilla/5.0 (Macintosh; Intel Mac OS X 10_15_7) AppleWebKit/605.1.15 (KHTML, like Gecko) Version/26.3.1 Safari/605.1.15, :session-token aLxy1AJ7P4oN8nxlZx82bQ8ovUHHuO6Z2oUejYitrsI=, :user-id #uuid "d5fa63dd-4d30-4f4f-9237-6df5ae005e6d", :last-accessed-at #object[java.time.Instant 0x45244e5b 2026-03-20T08:10:00.577854Z], :id #uuid "36c4e937-b108-4009-8812-b60e65bbe528", :revoked-at nil, :created-at #object[java.time.Instant 0x347fe0c 2026-03-20T05:53:14.772936Z], :ip-address [0:0:0:0:0:0:0:1]}, :duration-ms 0.450166}
2026-03-20 09:10:00.578 [AUDIT] actor= resource= action= result= corr= tenant= - Session validation successful {:user-id #uuid "d5fa63dd-4d30-4f4f-9237-6df5ae005e6d"}
2026-03-20 09:10:00.580 [AUDIT] actor= resource= action= result= corr= tenant= - Database operation successful: find-user-by-id {:user-id #uuid "d5fa63dd-4d30-4f4f-9237-6df5ae005e6d", :duration-ms 1.432958}
2026-03-20 09:10:00.583 [AUDIT] actor= resource= action= result= corr= tenant= - Database operation successful: admin-list-entities {:entity users, :limit nil, :offset nil, :duration-ms 1.717209}
2026-03-20 09:10:04.748 [AUDIT] actor= resource= action= result= corr= tenant= - Processing authentication request {:uri /web/admin/orders, :method :get, :has-session true, :has-bearer false, :cookies (session-token Idea-2e373df0), :session-token-value aLxy1AJ7}
2026-03-20 09:10:04.748 [AUDIT] actor= resource= action= result= corr= tenant= - Attempting session authentication {:token-preview aLxy1AJ7}
2026-03-20 09:10:04.749 [AUDIT] actor= resource= action= result= corr= tenant= - Validating session token {:session-token aLxy1AJ7P4oN8nxlZx82bQ8ovUHHuO6Z2oUejYitrsI=, :uri /web/admin/orders}
2026-03-20 09:10:04.750 [AUDIT] actor= resource= action= result= corr= tenant= - Database operation successful: find-session-by-token {:session-token aLxy1AJ7P4oN8nxlZx82bQ8ovUHHuO6Z2oUejYitrsI=, :duration-ms 1.655209}
2026-03-20 09:10:04.752 [AUDIT] actor= resource= action= result= corr= tenant= - Database operation successful: update-session {:session-entity {:expires-at #object[java.time.Instant 0x69303213 2026-03-21T05:53:14.560559Z], :user-agent Mozilla/5.0 (Macintosh; Intel Mac OS X 10_15_7) AppleWebKit/605.1.15 (KHTML, like Gecko) Version/26.3.1 Safari/605.1.15, :session-token aLxy1AJ7P4oN8nxlZx82bQ8ovUHHuO6Z2oUejYitrsI=, :user-id #uuid "d5fa63dd-4d30-4f4f-9237-6df5ae005e6d", :last-accessed-at #object[java.time.Instant 0xd51f07b 2026-03-20T08:10:04.751110Z], :id #uuid "36c4e937-b108-4009-8812-b60e65bbe528", :revoked-at nil, :created-at #object[java.time.Instant 0x7b3c130f 2026-03-20T05:53:14.772936Z], :ip-address [0:0:0:0:0:0:0:1]}, :duration-ms 0.589958}
2026-03-20 09:10:04.752 [AUDIT] actor= resource= action= result= corr= tenant= - Session validation successful {:user-id #uuid "d5fa63dd-4d30-4f4f-9237-6df5ae005e6d"}
2026-03-20 09:10:04.753 [AUDIT] actor= resource= action= result= corr= tenant= - Database operation successful: find-user-by-id {:user-id #uuid "d5fa63dd-4d30-4f4f-9237-6df5ae005e6d", :duration-ms 1.24225}
2026-03-20 09:10:04.756 [AUDIT] actor= resource= action= result= corr= tenant= - Database operation successful: admin-list-entities {:entity orders, :limit nil, :offset nil, :duration-ms 0.996}
2026-03-20 09:10:24.432 [AUDIT] actor= resource= action= result= corr= tenant= - Processing authentication request {:uri /web/admin/orders/4e9f13d4-ba12-4110-8648-1b82d7df63d9, :method :get, :has-session true, :has-bearer false, :cookies (session-token Idea-2e373df0), :session-token-value aLxy1AJ7}
2026-03-20 09:10:24.433 [AUDIT] actor= resource= action= result= corr= tenant= - Attempting session authentication {:token-preview aLxy1AJ7}
2026-03-20 09:10:24.433 [AUDIT] actor= resource= action= result= corr= tenant= - Validating session token {:session-token aLxy1AJ7P4oN8nxlZx82bQ8ovUHHuO6Z2oUejYitrsI=, :uri /web/admin/orders/4e9f13d4-ba12-4110-8648-1b82d7df63d9}
2026-03-20 09:10:24.435 [AUDIT] actor= resource= action= result= corr= tenant= - Database operation successful: find-session-by-token {:session-token aLxy1AJ7P4oN8nxlZx82bQ8ovUHHuO6Z2oUejYitrsI=, :duration-ms 1.5685}
2026-03-20 09:10:24.436 [AUDIT] actor= resource= action= result= corr= tenant= - Database operation successful: update-session {:session-entity {:expires-at #object[java.time.Instant 0x2168e327 2026-03-21T05:53:14.560559Z], :user-agent Mozilla/5.0 (Macintosh; Intel Mac OS X 10_15_7) AppleWebKit/605.1.15 (KHTML, like Gecko) Version/26.3.1 Safari/605.1.15, :session-token aLxy1AJ7P4oN8nxlZx82bQ8ovUHHuO6Z2oUejYitrsI=, :user-id #uuid "d5fa63dd-4d30-4f4f-9237-6df5ae005e6d", :last-accessed-at #object[java.time.Instant 0x504057b9 2026-03-20T08:10:24.435209Z], :id #uuid "36c4e937-b108-4009-8812-b60e65bbe528", :revoked-at nil, :created-at #object[java.time.Instant 0x37719d7c 2026-03-20T05:53:14.772936Z], :ip-address [0:0:0:0:0:0:0:1]}, :duration-ms 0.617125}
2026-03-20 09:10:24.436 [AUDIT] actor= resource= action= result= corr= tenant= - Session validation successful {:user-id #uuid "d5fa63dd-4d30-4f4f-9237-6df5ae005e6d"}
2026-03-20 09:10:24.437 [AUDIT] actor= resource= action= result= corr= tenant= - Database operation successful: find-user-by-id {:user-id #uuid "d5fa63dd-4d30-4f4f-9237-6df5ae005e6d", :duration-ms 0.84825}
2026-03-20 09:10:24.438 [AUDIT] actor= resource= action= result= corr= tenant= - Database operation successful: admin-get-entity {:entity orders, :id #uuid "4e9f13d4-ba12-4110-8648-1b82d7df63d9", :duration-ms 0.877916}
2026-03-20 09:10:24.454 [AUDIT] actor= resource= action= result= corr= tenant= - Database operation successful: admin-list-related-entities {:parent-id 4e9f13d4-ba12-4110-8648-1b82d7df63d9, :entity order-items, :duration-ms 0.527625}
2026-03-20 09:11:30.082 [AUDIT] actor= resource= action= result= corr= tenant= - Processing authentication request {:uri /web/admin/orders/4e9f13d4-ba12-4110-8648-1b82d7df63d9, :method :get, :has-session true, :has-bearer false, :cookies (session-token Idea-2e373df0), :session-token-value aLxy1AJ7}
2026-03-20 09:11:30.083 [AUDIT] actor= resource= action= result= corr= tenant= - Attempting session authentication {:token-preview aLxy1AJ7}
2026-03-20 09:11:30.083 [AUDIT] actor= resource= action= result= corr= tenant= - Validating session token {:session-token aLxy1AJ7P4oN8nxlZx82bQ8ovUHHuO6Z2oUejYitrsI=, :uri /web/admin/orders/4e9f13d4-ba12-4110-8648-1b82d7df63d9}
2026-03-20 09:11:30.086 [AUDIT] actor= resource= action= result= corr= tenant= - Database operation successful: find-session-by-token {:session-token aLxy1AJ7P4oN8nxlZx82bQ8ovUHHuO6Z2oUejYitrsI=, :duration-ms 2.453083}
2026-03-20 09:11:30.088 [AUDIT] actor= resource= action= result= corr= tenant= - Database operation successful: update-session {:session-entity {:expires-at #object[java.time.Instant 0x59f43463 2026-03-21T05:53:14.560559Z], :user-agent Mozilla/5.0 (Macintosh; Intel Mac OS X 10_15_7) AppleWebKit/605.1.15 (KHTML, like Gecko) Version/26.3.1 Safari/605.1.15, :session-token aLxy1AJ7P4oN8nxlZx82bQ8ovUHHuO6Z2oUejYitrsI=, :user-id #uuid "d5fa63dd-4d30-4f4f-9237-6df5ae005e6d", :last-accessed-at #object[java.time.Instant 0x5dcbbb85 2026-03-20T08:11:30.086874Z], :id #uuid "36c4e937-b108-4009-8812-b60e65bbe528", :revoked-at nil, :created-at #object[java.time.Instant 0x18c93e58 2026-03-20T05:53:14.772936Z], :ip-address [0:0:0:0:0:0:0:1]}, :duration-ms 1.354416}
2026-03-20 09:11:30.088 [AUDIT] actor= resource= action= result= corr= tenant= - Session validation successful {:user-id #uuid "d5fa63dd-4d30-4f4f-9237-6df5ae005e6d"}
2026-03-20 09:11:30.090 [AUDIT] actor= resource= action= result= corr= tenant= - Database operation successful: find-user-by-id {:user-id #uuid "d5fa63dd-4d30-4f4f-9237-6df5ae005e6d", :duration-ms 1.552083}
2026-03-20 09:11:30.092 [AUDIT] actor= resource= action= result= corr= tenant= - Database operation successful: admin-get-entity {:entity orders, :id #uuid "4e9f13d4-ba12-4110-8648-1b82d7df63d9", :duration-ms 1.137875}
2026-03-20 09:11:30.094 [AUDIT] actor= resource= action= result= corr= tenant= - Database operation successful: admin-list-related-entities {:parent-id 4e9f13d4-ba12-4110-8648-1b82d7df63d9, :entity order-items, :duration-ms 0.324875}
2026-03-20 09:11:36.527 [AUDIT] actor= resource= action= result= corr= tenant= - Processing authentication request {:uri /web/admin/orders/4e9f13d4-ba12-4110-8648-1b82d7df63d9, :method :get, :has-session true, :has-bearer false, :cookies (session-token Idea-2e373df0), :session-token-value aLxy1AJ7}
2026-03-20 09:11:36.527 [AUDIT] actor= resource= action= result= corr= tenant= - Attempting session authentication {:token-preview aLxy1AJ7}
2026-03-20 09:11:36.527 [AUDIT] actor= resource= action= result= corr= tenant= - Validating session token {:session-token aLxy1AJ7P4oN8nxlZx82bQ8ovUHHuO6Z2oUejYitrsI=, :uri /web/admin/orders/4e9f13d4-ba12-4110-8648-1b82d7df63d9}
2026-03-20 09:11:36.530 [AUDIT] actor= resource= action= result= corr= tenant= - Database operation successful: find-session-by-token {:session-token aLxy1AJ7P4oN8nxlZx82bQ8ovUHHuO6Z2oUejYitrsI=, :duration-ms 1.716833}
2026-03-20 09:11:36.531 [AUDIT] actor= resource= action= result= corr= tenant= - Database operation successful: update-session {:session-entity {:expires-at #object[java.time.Instant 0x63f2209d 2026-03-21T05:53:14.560559Z], :user-agent Mozilla/5.0 (Macintosh; Intel Mac OS X 10_15_7) AppleWebKit/605.1.15 (KHTML, like Gecko) Version/26.3.1 Safari/605.1.15, :session-token aLxy1AJ7P4oN8nxlZx82bQ8ovUHHuO6Z2oUejYitrsI=, :user-id #uuid "d5fa63dd-4d30-4f4f-9237-6df5ae005e6d", :last-accessed-at #object[java.time.Instant 0x19f871f0 2026-03-20T08:11:36.530259Z], :id #uuid "36c4e937-b108-4009-8812-b60e65bbe528", :revoked-at nil, :created-at #object[java.time.Instant 0x42ff93ce 2026-03-20T05:53:14.772936Z], :ip-address [0:0:0:0:0:0:0:1]}, :duration-ms 0.622917}
2026-03-20 09:11:36.531 [AUDIT] actor= resource= action= result= corr= tenant= - Session validation successful {:user-id #uuid "d5fa63dd-4d30-4f4f-9237-6df5ae005e6d"}
2026-03-20 09:11:36.532 [AUDIT] actor= resource= action= result= corr= tenant= - Database operation successful: find-user-by-id {:user-id #uuid "d5fa63dd-4d30-4f4f-9237-6df5ae005e6d", :duration-ms 1.013625}
2026-03-20 09:11:36.534 [AUDIT] actor= resource= action= result= corr= tenant= - Database operation successful: admin-get-entity {:entity orders, :id #uuid "4e9f13d4-ba12-4110-8648-1b82d7df63d9", :duration-ms 0.853834}
2026-03-20 09:11:36.536 [AUDIT] actor= resource= action= result= corr= tenant= - Database operation successful: admin-list-related-entities {:parent-id 4e9f13d4-ba12-4110-8648-1b82d7df63d9, :entity order-items, :duration-ms 0.455125}
2026-03-20 09:11:45.246 [AUDIT] actor= resource= action= result= corr= tenant= - Processing authentication request {:uri /web/admin/orders/4e9f13d4-ba12-4110-8648-1b82d7df63d9, :method :get, :has-session true, :has-bearer false, :cookies (session-token Idea-2e373df0), :session-token-value aLxy1AJ7}
2026-03-20 09:11:45.246 [AUDIT] actor= resource= action= result= corr= tenant= - Attempting session authentication {:token-preview aLxy1AJ7}
2026-03-20 09:11:45.246 [AUDIT] actor= resource= action= result= corr= tenant= - Validating session token {:session-token aLxy1AJ7P4oN8nxlZx82bQ8ovUHHuO6Z2oUejYitrsI=, :uri /web/admin/orders/4e9f13d4-ba12-4110-8648-1b82d7df63d9}
2026-03-20 09:11:45.248 [AUDIT] actor= resource= action= result= corr= tenant= - Database operation successful: find-session-by-token {:session-token aLxy1AJ7P4oN8nxlZx82bQ8ovUHHuO6Z2oUejYitrsI=, :duration-ms 1.79375}
2026-03-20 09:11:45.249 [AUDIT] actor= resource= action= result= corr= tenant= - Database operation successful: update-session {:session-entity {:expires-at #object[java.time.Instant 0x7942f08a 2026-03-21T05:53:14.560559Z], :user-agent Mozilla/5.0 (Macintosh; Intel Mac OS X 10_15_7) AppleWebKit/605.1.15 (KHTML, like Gecko) Version/26.3.1 Safari/605.1.15, :session-token aLxy1AJ7P4oN8nxlZx82bQ8ovUHHuO6Z2oUejYitrsI=, :user-id #uuid "d5fa63dd-4d30-4f4f-9237-6df5ae005e6d", :last-accessed-at #object[java.time.Instant 0x118ae51b 2026-03-20T08:11:45.248749Z], :id #uuid "36c4e937-b108-4009-8812-b60e65bbe528", :revoked-at nil, :created-at #object[java.time.Instant 0x13da0d79 2026-03-20T05:53:14.772936Z], :ip-address [0:0:0:0:0:0:0:1]}, :duration-ms 0.821167}
2026-03-20 09:11:45.249 [AUDIT] actor= resource= action= result= corr= tenant= - Session validation successful {:user-id #uuid "d5fa63dd-4d30-4f4f-9237-6df5ae005e6d"}
2026-03-20 09:11:45.251 [AUDIT] actor= resource= action= result= corr= tenant= - Database operation successful: find-user-by-id {:user-id #uuid "d5fa63dd-4d30-4f4f-9237-6df5ae005e6d", :duration-ms 1.023791}
2026-03-20 09:11:45.252 [AUDIT] actor= resource= action= result= corr= tenant= - Database operation successful: admin-get-entity {:entity orders, :id #uuid "4e9f13d4-ba12-4110-8648-1b82d7df63d9", :duration-ms 0.823417}
2026-03-20 09:11:45.254 [AUDIT] actor= resource= action= result= corr= tenant= - Database operation successful: admin-list-related-entities {:parent-id 4e9f13d4-ba12-4110-8648-1b82d7df63d9, :entity order-items, :duration-ms 0.330666}
2026-03-20 09:12:22.674 [AUDIT] actor= resource= action= result= corr= tenant= - Processing authentication request {:uri /web/admin/users, :method :get, :has-session false, :has-bearer false, :cookies (Idea-2e373df0), :session-token-value nil}
2026-03-20 09:12:22.675 [AUDIT] actor= resource= action= result= corr= tenant= - No authentication credentials provided {:headers-keys (sec-fetch-site sec-ch-ua-mobile host user-agent cookie sec-fetch-user sec-ch-ua sec-ch-ua-platform connection upgrade-insecure-requests accept accept-language sec-fetch-dest accept-encoding sec-fetch-mode), :cookie-header Idea-2e373df0=d6f841dd-d762-4fde-bee3-8976cb20a67b}
2026-03-20 09:12:36.918 [AUDIT] actor= resource= action= result= corr= tenant= - Authentication attempt {:email ff@ex.nl, :ip [0:0:0:0:0:0:0:1]}
2026-03-20 09:12:36.921 [AUDIT] actor= resource= action= result= corr= tenant= - Database operation successful: find-user-by-email {:email ff@ex.nl, :duration-ms 1.591916}
2026-03-20 09:12:37.164 [AUDIT] actor= resource= action= result= corr= tenant= - Database operation successful: find-sessions-by-user {:user-id #uuid "d5fa63dd-4d30-4f4f-9237-6df5ae005e6d", :duration-ms 0.8665}
2026-03-20 09:12:37.169 [AUDIT] actor= resource= action= result= corr= tenant= - Database operation successful: update-user {:user-entity {:role :admin, :updated-at nil, :email ff@ex.nl, :timezone nil, :notifications-sms false, :name Admin, :mfa-enabled-at nil, :avatar-url nil, :password-hash bcrypt+sha512$f156bffee13eda51163d4cfd3d2f8768$12$9403d44363e5899d396da8f96f76ce00ff141484abbbb11e, :mfa-backup-codes-used nil, :time-format nil, :last-login #object[java.time.Instant 0x2c0f4023 2026-03-20T08:12:36.918820Z], :lockout-until nil, :deleted-at nil, :notifications-push false, :date-format nil, :theme nil, :login-count 2, :language nil, :mfa-secret nil, :active true, :id #uuid "d5fa63dd-4d30-4f4f-9237-6df5ae005e6d", :failed-login-count 0, :notifications-email false, :mfa-backup-codes nil, :mfa-enabled nil, :created-at #object[java.time.Instant 0x28c1c671 2026-03-20T05:53:14.552596Z], :tenant-id nil}, :duration-ms 4.155458}
2026-03-20 09:12:37.173 [AUDIT] actor= resource= action= result= corr= tenant= - Database operation successful: create-session {:session-entity {:user-id #uuid "d5fa63dd-4d30-4f4f-9237-6df5ae005e6d", :session-token TsufiUnRNie6pbkuf3RDrVm0c812EzXtFGm5Kac/3l8=, :expires-at #object[java.time.Instant 0x1f95fa2d 2026-03-20T16:12:36.918820Z], :user-agent Mozilla/5.0 (Macintosh; Intel Mac OS X 10_15_7) AppleWebKit/537.36 (KHTML, like Gecko) Chrome/145.0.0.0 Safari/537.36, :ip-address [0:0:0:0:0:0:0:1]}, :duration-ms 0.95}
2026-03-20 09:12:37.173 [AUDIT] actor= resource= action= result= corr= tenant= - Authentication successful {:email ff@ex.nl, :risk-score 45, :mfa-used nil, :session-duration 8}
2026-03-20 09:12:37.174 [AUDIT] actor= resource= action= result= corr= tenant= - Database operation successful: create-audit-log {:audit-entity {:actor-email ff@ex.nl, :user-agent Mozilla/5.0 (Macintosh; Intel Mac OS X 10_15_7) AppleWebKit/537.36 (KHTML, like Gecko) Chrome/145.0.0.0 Safari/537.36, :target-user-id #uuid "d5fa63dd-4d30-4f4f-9237-6df5ae005e6d", :actor-id #uuid "d5fa63dd-4d30-4f4f-9237-6df5ae005e6d", :result :success, :target-user-email ff@ex.nl, :action :login, :error-message nil, :ip-address [0:0:0:0:0:0:0:1]}, :duration-ms 0.281834}
2026-03-20 09:12:37.174 [AUDIT] actor= resource= action= result= corr= tenant= - Login attempt {:email ff@ex.nl, :authenticated true, :result-keys (:authenticated :user :session :session-token :jwt-token), :ip-address [0:0:0:0:0:0:0:1], :user-agent Mozilla/5.0 (Macintosh; Intel Mac OS X 10_15_7) AppleWebKit/537.36 (KHTML, like Gecko) Chrome/145.0.0.0 Safari/537.36}
2026-03-20 09:12:37.174 [AUDIT] actor= resource= action= result= corr= tenant= - Login successful, setting cookie and redirecting {:session-token TsufiUnRNie6pbkuf3RDrVm0c812EzXtFGm5Kac/3l8=, :session-token-type java.lang.String, :remember? false, :cookie-max-age nil, :return-to /web/admin/users, :user-role :admin}
2026-03-20 09:12:37.178 [AUDIT] actor= resource= action= result= corr= tenant= - Processing authentication request {:uri /web/admin/users, :method :get, :has-session true, :has-bearer false, :cookies (Idea-2e373df0 session-token), :session-token-value TsufiUnR}
2026-03-20 09:12:37.178 [AUDIT] actor= resource= action= result= corr= tenant= - Attempting session authentication {:token-preview TsufiUnR}
2026-03-20 09:12:37.178 [AUDIT] actor= resource= action= result= corr= tenant= - Validating session token {:session-token TsufiUnRNie6pbkuf3RDrVm0c812EzXtFGm5Kac/3l8=, :uri /web/admin/users}
2026-03-20 09:12:37.179 [AUDIT] actor= resource= action= result= corr= tenant= - Database operation successful: find-session-by-token {:session-token TsufiUnRNie6pbkuf3RDrVm0c812EzXtFGm5Kac/3l8=, :duration-ms 0.380459}
2026-03-20 09:12:37.179 [AUDIT] actor= resource= action= result= corr= tenant= - Database operation successful: update-session {:session-entity {:expires-at #object[java.time.Instant 0x202924af 2026-03-20T16:12:36.918820Z], :user-agent Mozilla/5.0 (Macintosh; Intel Mac OS X 10_15_7) AppleWebKit/537.36 (KHTML, like Gecko) Chrome/145.0.0.0 Safari/537.36, :session-token TsufiUnRNie6pbkuf3RDrVm0c812EzXtFGm5Kac/3l8=, :user-id #uuid "d5fa63dd-4d30-4f4f-9237-6df5ae005e6d", :last-accessed-at #object[java.time.Instant 0x635b5416 2026-03-20T08:12:37.179318Z], :id #uuid "101f983c-b5ec-40f8-a2ed-0cea371ac222", :revoked-at nil, :created-at #object[java.time.Instant 0x451bdeeb 2026-03-20T08:12:37.172935Z], :ip-address [0:0:0:0:0:0:0:1]}, :duration-ms 0.15775}
2026-03-20 09:12:37.179 [AUDIT] actor= resource= action= result= corr= tenant= - Session validation successful {:user-id #uuid "d5fa63dd-4d30-4f4f-9237-6df5ae005e6d"}
2026-03-20 09:12:37.179 [AUDIT] actor= resource= action= result= corr= tenant= - Database operation successful: find-user-by-id {:user-id #uuid "d5fa63dd-4d30-4f4f-9237-6df5ae005e6d", :duration-ms 0.251042}
2026-03-20 09:12:37.180 [AUDIT] actor= resource= action= result= corr= tenant= - Database operation successful: admin-list-entities {:entity users, :limit nil, :offset nil, :duration-ms 0.398833}
2026-03-20 09:12:47.204 [AUDIT] actor= resource= action= result= corr= tenant= - Processing authentication request {:uri /web/admin/orders, :method :get, :has-session true, :has-bearer false, :cookies (Idea-2e373df0 session-token), :session-token-value TsufiUnR}
2026-03-20 09:12:47.204 [AUDIT] actor= resource= action= result= corr= tenant= - Attempting session authentication {:token-preview TsufiUnR}
2026-03-20 09:12:47.204 [AUDIT] actor= resource= action= result= corr= tenant= - Validating session token {:session-token TsufiUnRNie6pbkuf3RDrVm0c812EzXtFGm5Kac/3l8=, :uri /web/admin/orders}
2026-03-20 09:12:47.206 [AUDIT] actor= resource= action= result= corr= tenant= - Database operation successful: find-session-by-token {:session-token TsufiUnRNie6pbkuf3RDrVm0c812EzXtFGm5Kac/3l8=, :duration-ms 1.947583}
2026-03-20 09:12:47.207 [AUDIT] actor= resource= action= result= corr= tenant= - Database operation successful: update-session {:session-entity {:expires-at #object[java.time.Instant 0x5e5e4ac0 2026-03-20T16:12:36.918820Z], :user-agent Mozilla/5.0 (Macintosh; Intel Mac OS X 10_15_7) AppleWebKit/537.36 (KHTML, like Gecko) Chrome/145.0.0.0 Safari/537.36, :session-token TsufiUnRNie6pbkuf3RDrVm0c812EzXtFGm5Kac/3l8=, :user-id #uuid "d5fa63dd-4d30-4f4f-9237-6df5ae005e6d", :last-accessed-at #object[java.time.Instant 0x7351da17 2026-03-20T08:12:47.206902Z], :id #uuid "101f983c-b5ec-40f8-a2ed-0cea371ac222", :revoked-at nil, :created-at #object[java.time.Instant 0x894852 2026-03-20T08:12:37.172935Z], :ip-address [0:0:0:0:0:0:0:1]}, :duration-ms 0.681292}
2026-03-20 09:12:47.208 [AUDIT] actor= resource= action= result= corr= tenant= - Session validation successful {:user-id #uuid "d5fa63dd-4d30-4f4f-9237-6df5ae005e6d"}
2026-03-20 09:12:47.210 [AUDIT] actor= resource= action= result= corr= tenant= - Database operation successful: find-user-by-id {:user-id #uuid "d5fa63dd-4d30-4f4f-9237-6df5ae005e6d", :duration-ms 1.683125}
2026-03-20 09:12:47.214 [AUDIT] actor= resource= action= result= corr= tenant= - Database operation successful: admin-list-entities {:entity orders, :limit nil, :offset nil, :duration-ms 2.629875}
2026-03-20 09:12:50.993 [AUDIT] actor= resource= action= result= corr= tenant= - Processing authentication request {:uri /web/admin/orders/4e9f13d4-ba12-4110-8648-1b82d7df63d9, :method :get, :has-session true, :has-bearer false, :cookies (Idea-2e373df0 session-token), :session-token-value TsufiUnR}
2026-03-20 09:12:50.993 [AUDIT] actor= resource= action= result= corr= tenant= - Attempting session authentication {:token-preview TsufiUnR}
2026-03-20 09:12:50.993 [AUDIT] actor= resource= action= result= corr= tenant= - Validating session token {:session-token TsufiUnRNie6pbkuf3RDrVm0c812EzXtFGm5Kac/3l8=, :uri /web/admin/orders/4e9f13d4-ba12-4110-8648-1b82d7df63d9}
2026-03-20 09:12:50.996 [AUDIT] actor= resource= action= result= corr= tenant= - Database operation successful: find-session-by-token {:session-token TsufiUnRNie6pbkuf3RDrVm0c812EzXtFGm5Kac/3l8=, :duration-ms 2.533625}
2026-03-20 09:12:50.998 [AUDIT] actor= resource= action= result= corr= tenant= - Database operation successful: update-session {:session-entity {:expires-at #object[java.time.Instant 0x7c423f5d 2026-03-20T16:12:36.918820Z], :user-agent Mozilla/5.0 (Macintosh; Intel Mac OS X 10_15_7) AppleWebKit/537.36 (KHTML, like Gecko) Chrome/145.0.0.0 Safari/537.36, :session-token TsufiUnRNie6pbkuf3RDrVm0c812EzXtFGm5Kac/3l8=, :user-id #uuid "d5fa63dd-4d30-4f4f-9237-6df5ae005e6d", :last-accessed-at #object[java.time.Instant 0x266fb6d4 2026-03-20T08:12:50.996853Z], :id #uuid "101f983c-b5ec-40f8-a2ed-0cea371ac222", :revoked-at nil, :created-at #object[java.time.Instant 0x18b03034 2026-03-20T08:12:37.172935Z], :ip-address [0:0:0:0:0:0:0:1]}, :duration-ms 1.062458}
2026-03-20 09:12:50.998 [AUDIT] actor= resource= action= result= corr= tenant= - Session validation successful {:user-id #uuid "d5fa63dd-4d30-4f4f-9237-6df5ae005e6d"}
2026-03-20 09:12:51.001 [AUDIT] actor= resource= action= result= corr= tenant= - Database operation successful: find-user-by-id {:user-id #uuid "d5fa63dd-4d30-4f4f-9237-6df5ae005e6d", :duration-ms 2.144625}
2026-03-20 09:12:51.005 [AUDIT] actor= resource= action= result= corr= tenant= - Database operation successful: admin-get-entity {:entity orders, :id #uuid "4e9f13d4-ba12-4110-8648-1b82d7df63d9", :duration-ms 1.980458}
2026-03-20 09:12:51.006 [AUDIT] actor= resource= action= result= corr= tenant= - Database operation successful: admin-list-related-entities {:parent-id 4e9f13d4-ba12-4110-8648-1b82d7df63d9, :entity order-items, :duration-ms 0.382833}
2026-03-20 09:12:55.370 [AUDIT] actor= resource= action= result= corr= tenant= - Processing authentication request {:uri /web/admin/orders/4e9f13d4-ba12-4110-8648-1b82d7df63d9, :method :get, :has-session true, :has-bearer false, :cookies (Idea-2e373df0 session-token), :session-token-value TsufiUnR}
2026-03-20 09:12:55.370 [AUDIT] actor= resource= action= result= corr= tenant= - Attempting session authentication {:token-preview TsufiUnR}
2026-03-20 09:12:55.370 [AUDIT] actor= resource= action= result= corr= tenant= - Validating session token {:session-token TsufiUnRNie6pbkuf3RDrVm0c812EzXtFGm5Kac/3l8=, :uri /web/admin/orders/4e9f13d4-ba12-4110-8648-1b82d7df63d9}
2026-03-20 09:12:55.374 [AUDIT] actor= resource= action= result= corr= tenant= - Database operation successful: find-session-by-token {:session-token TsufiUnRNie6pbkuf3RDrVm0c812EzXtFGm5Kac/3l8=, :duration-ms 2.5605}
2026-03-20 09:12:55.375 [AUDIT] actor= resource= action= result= corr= tenant= - Database operation successful: update-session {:session-entity {:expires-at #object[java.time.Instant 0x5785b986 2026-03-20T16:12:36.918820Z], :user-agent Mozilla/5.0 (Macintosh; Intel Mac OS X 10_15_7) AppleWebKit/537.36 (KHTML, like Gecko) Chrome/145.0.0.0 Safari/537.36, :session-token TsufiUnRNie6pbkuf3RDrVm0c812EzXtFGm5Kac/3l8=, :user-id #uuid "d5fa63dd-4d30-4f4f-9237-6df5ae005e6d", :last-accessed-at #object[java.time.Instant 0x35d0724d 2026-03-20T08:12:55.374408Z], :id #uuid "101f983c-b5ec-40f8-a2ed-0cea371ac222", :revoked-at nil, :created-at #object[java.time.Instant 0x605696ec 2026-03-20T08:12:37.172935Z], :ip-address [0:0:0:0:0:0:0:1]}, :duration-ms 0.916292}
2026-03-20 09:12:55.375 [AUDIT] actor= resource= action= result= corr= tenant= - Session validation successful {:user-id #uuid "d5fa63dd-4d30-4f4f-9237-6df5ae005e6d"}
2026-03-20 09:12:55.377 [AUDIT] actor= resource= action= result= corr= tenant= - Database operation successful: find-user-by-id {:user-id #uuid "d5fa63dd-4d30-4f4f-9237-6df5ae005e6d", :duration-ms 1.449917}
2026-03-20 09:12:55.379 [AUDIT] actor= resource= action= result= corr= tenant= - Database operation successful: admin-get-entity {:entity orders, :id #uuid "4e9f13d4-ba12-4110-8648-1b82d7df63d9", :duration-ms 1.278875}
2026-03-20 09:12:55.381 [AUDIT] actor= resource= action= result= corr= tenant= - Database operation successful: admin-list-related-entities {:parent-id 4e9f13d4-ba12-4110-8648-1b82d7df63d9, :entity order-items, :duration-ms 0.350792}
2026-03-20 09:14:46.208 [AUDIT] actor= resource= action= result= corr= tenant= - Processing authentication request {:uri /web/admin/orders/4e9f13d4-ba12-4110-8648-1b82d7df63d9, :method :get, :has-session true, :has-bearer false, :cookies (Idea-2e373df0 session-token), :session-token-value TsufiUnR}
2026-03-20 09:14:46.208 [AUDIT] actor= resource= action= result= corr= tenant= - Attempting session authentication {:token-preview TsufiUnR}
2026-03-20 09:14:46.208 [AUDIT] actor= resource= action= result= corr= tenant= - Validating session token {:session-token TsufiUnRNie6pbkuf3RDrVm0c812EzXtFGm5Kac/3l8=, :uri /web/admin/orders/4e9f13d4-ba12-4110-8648-1b82d7df63d9}
2026-03-20 09:14:46.212 [AUDIT] actor= resource= action= result= corr= tenant= - Database operation successful: find-session-by-token {:session-token TsufiUnRNie6pbkuf3RDrVm0c812EzXtFGm5Kac/3l8=, :duration-ms 2.751041}
2026-03-20 09:14:46.213 [AUDIT] actor= resource= action= result= corr= tenant= - Database operation successful: update-session {:session-entity {:expires-at #object[java.time.Instant 0x7b2759ce 2026-03-20T16:12:36.918820Z], :user-agent Mozilla/5.0 (Macintosh; Intel Mac OS X 10_15_7) AppleWebKit/537.36 (KHTML, like Gecko) Chrome/145.0.0.0 Safari/537.36, :session-token TsufiUnRNie6pbkuf3RDrVm0c812EzXtFGm5Kac/3l8=, :user-id #uuid "d5fa63dd-4d30-4f4f-9237-6df5ae005e6d", :last-accessed-at #object[java.time.Instant 0x79e8bf38 2026-03-20T08:14:46.212365Z], :id #uuid "101f983c-b5ec-40f8-a2ed-0cea371ac222", :revoked-at nil, :created-at #object[java.time.Instant 0x2415107 2026-03-20T08:12:37.172935Z], :ip-address [0:0:0:0:0:0:0:1]}, :duration-ms 1.198125}
2026-03-20 09:14:46.214 [AUDIT] actor= resource= action= result= corr= tenant= - Session validation successful {:user-id #uuid "d5fa63dd-4d30-4f4f-9237-6df5ae005e6d"}
2026-03-20 09:14:46.215 [AUDIT] actor= resource= action= result= corr= tenant= - Database operation successful: find-user-by-id {:user-id #uuid "d5fa63dd-4d30-4f4f-9237-6df5ae005e6d", :duration-ms 1.112625}
2026-03-20 09:14:46.218 [AUDIT] actor= resource= action= result= corr= tenant= - Database operation successful: admin-get-entity {:entity orders, :id #uuid "4e9f13d4-ba12-4110-8648-1b82d7df63d9", :duration-ms 0.9675}
2026-03-20 09:14:46.220 [AUDIT] actor= resource= action= result= corr= tenant= - Database operation successful: admin-list-related-entities {:parent-id 4e9f13d4-ba12-4110-8648-1b82d7df63d9, :entity order-items, :duration-ms 0.623708}
2026-03-20 09:15:35.171 [AUDIT] actor= resource= action= result= corr= tenant= - User module routes halted (no cleanup needed)
2026-03-20 09:15:35.172 [AUDIT] actor= resource= action= result= corr= tenant= - User module database schema component halted
2026-03-20 09:15:35.172 [AUDIT] actor= resource= action= result= corr= tenant= - User service halted (no cleanup needed)
2026-03-20 09:15:35.172 [AUDIT] actor= resource= action= result= corr= tenant= - Authentication service halted (no cleanup needed)
2026-03-20 09:15:35.172 [AUDIT] actor= resource= action= result= corr= tenant= - Session repository halted (no cleanup needed)
2026-03-20 09:15:35.172 [AUDIT] actor= resource= action= result= corr= tenant= - MFA service halted (no cleanup needed)
2026-03-20 09:15:35.172 [AUDIT] actor= resource= action= result= corr= tenant= - User repository halted (no cleanup needed)
2026-03-20 09:15:35.173 [AUDIT] actor= resource= action= result= corr= tenant= - Audit repository halted (no cleanup needed)
2026-03-20 09:15:35.173 [AUDIT] actor= resource= action= result= corr= tenant= - Closing database context {:adapter nil}
2026-03-20 09:15:35.173 [AUDIT] actor= resource= action= result= corr= tenant= - Closing database connection pool {:pool-name default-Pool}
2026-03-20 09:15:35.173 [AUDIT] actor= resource= action= result= corr= tenant= - Database connection pool closed {:pool-name default-Pool}
2026-03-20 09:15:39.727 [AUDIT] actor= resource= action= result= corr= tenant= - Creating database connection pool {:adapter nil, :pool-size 5, :pool-name default-Pool}
2026-03-20 09:15:40.031 [AUDIT] actor= resource= action= result= corr= tenant= - SQLite PRAGMA initialization completed {:successful-pragmas 7, :failed-pragmas 0, :total-pragmas 7}
2026-03-20 09:15:40.031 [AUDIT] actor= resource= action= result= corr= tenant= - Database connection pool created successfully {:adapter nil, :pool-name default-Pool}
2026-03-20 09:15:40.032 [AUDIT] actor= resource= action= result= corr= tenant= - Created database context {:adapter nil}
2026-03-20 09:15:40.034 [AUDIT] actor= resource= action= result= corr= tenant= - Initializing audit repository
2026-03-20 09:15:40.034 [AUDIT] actor= resource= action= result= corr= tenant= - Audit repository initialized
2026-03-20 09:15:40.034 [AUDIT] actor= resource= action= result= corr= tenant= - Initializing user repository
2026-03-20 09:15:40.038 [AUDIT] actor= resource= action= result= corr= tenant= - User repository initialized
2026-03-20 09:15:40.039 [AUDIT] actor= resource= action= result= corr= tenant= - Initializing MFA service
2026-03-20 09:15:40.039 [AUDIT] actor= resource= action= result= corr= tenant= - MFA service initialized
2026-03-20 09:15:40.039 [AUDIT] actor= resource= action= result= corr= tenant= - Initializing session repository
2026-03-20 09:15:40.039 [AUDIT] actor= resource= action= result= corr= tenant= - Session repository initialized
2026-03-20 09:15:40.039 [AUDIT] actor= resource= action= result= corr= tenant= - Initializing authentication service
2026-03-20 09:15:40.039 [AUDIT] actor= resource= action= result= corr= tenant= - Authentication service initialized
2026-03-20 09:15:40.040 [AUDIT] actor= resource= action= result= corr= tenant= - Initializing user service {:cache-enabled? false}
2026-03-20 09:15:40.040 [AUDIT] actor= resource= action= result= corr= tenant= - User service initialized
2026-03-20 09:15:40.042 [AUDIT] actor= resource= action= result= corr= tenant= - Initializing user module database schema
2026-03-20 09:15:40.043 [AUDIT] actor= resource= action= result= corr= tenant= - Initializing user schema from Malli definitions (split-table architecture)
2026-03-20 09:15:40.044 [AUDIT] actor= resource= action= result= corr= tenant= - Initializing database schema from Malli definitions {:dialect nil, :tables (auth_users users user_sessions user_audit_log)}
2026-03-20 09:15:40.045 [AUDIT] actor= resource= action= result= corr= tenant= - DDL statement executed successfully {:adapter nil, :statement-preview CREATE TABLE IF NOT EXISTS auth_users (
  id UUID NOT NULL PRIMARY KEY,
  email VARCHAR(255) NOT NULL,
  password_hash VARCHAR(255) NOT NULL,
  active BOOLEAN NOT NULL DEFAULT true,
  mfa_enabled BOOLEAN,
  mfa_secret VARCHAR(255),
  mfa_backup_codes VARCHAR(255),
  mfa_backup_codes_used VARCHAR(255),
  mfa_enabled_at VARCHAR(255),
  failed_login_count INTEGER,
  lockout_until VARCHAR(255),
  created_at VARCHAR(255) NOT NULL,
  updated_at VARCHAR(255),
  deleted_at VARCHAR(255),
  CONSTRAINT uk_auth_users_email UNIQUE(email)
);}
2026-03-20 09:15:40.045 [AUDIT] actor= resource= action= result= corr= tenant= - DDL statement executed successfully {:adapter nil, :statement-preview CREATE TABLE IF NOT EXISTS users (
  id UUID NOT NULL PRIMARY KEY,
  tenant_id UUID,
  name VARCHAR(255) NOT NULL,
  role VARCHAR(50) NOT NULL CHECK(role IN ('admin', 'user', 'viewer')),
  avatar_url VARCHAR(255),
  login_count INTEGER,
  last_login VARCHAR(255),
  notifications_email BOOLEAN,
  notifications_push BOOLEAN,
  notifications_sms BOOLEAN,
  theme VARCHAR(50) CHECK(theme IN ('light', 'dark', 'auto')),
  language VARCHAR(255),
  timezone VARCHAR(255),
  date_format VARCHAR(50) CHECK(date_format IN ('iso', 'us', 'eu')),
  time_format VARCHAR(50) CHECK(time_format IN ('12h', '24h')),
  created_at VARCHAR(255) NOT NULL,
  updated_at VARCHAR(255),
  deleted_at VARCHAR(255)
);}
2026-03-20 09:15:40.046 [AUDIT] actor= resource= action= result= corr= tenant= - DDL statement executed successfully {:adapter nil, :statement-preview CREATE TABLE IF NOT EXISTS user_sessions (
  id UUID NOT NULL PRIMARY KEY,
  user_id UUID NOT NULL,
  session_token VARCHAR(255) NOT NULL,
  expires_at VARCHAR(255) NOT NULL,
  created_at VARCHAR(255) NOT NULL,
  last_accessed_at VARCHAR(255),
  revoked_at VARCHAR(255),
  user_agent VARCHAR(255),
  ip_address VARCHAR(255),
  CONSTRAINT uk_user_sessions_token UNIQUE(session_token)
);}
2026-03-20 09:15:40.046 [AUDIT] actor= resource= action= result= corr= tenant= - DDL statement executed successfully {:adapter nil, :statement-preview CREATE TABLE IF NOT EXISTS user_audit_log (
  id UUID NOT NULL PRIMARY KEY,
  action VARCHAR(50) NOT NULL CHECK(action IN ('create', 'update', 'delete', 'activate', 'deactivate', 'role-change', 'bulk-action', 'login', 'logout')),
  actor_id UUID,
  actor_email VARCHAR(255),
  target_user_id UUID NOT NULL,
  target_user_email VARCHAR(255) NOT NULL,
  changes JSONB,
  metadata JSONB,
  ip_address VARCHAR(255),
  user_agent VARCHAR(255),
  result VARCHAR(50) NOT NULL CHECK(result IN ('success', 'failure')),
  error_message VARCHAR(255),
  created_at VARCHAR(255) NOT NULL
);}
2026-03-20 09:15:40.046 [AUDIT] actor= resource= action= result= corr= tenant= - DDL statement executed successfully {:adapter nil, :statement-preview CREATE INDEX IF NOT EXISTS idx_auth_users_mfa_enabled_at ON auth_users (mfa_enabled_at)}
2026-03-20 09:15:40.047 [AUDIT] actor= resource= action= result= corr= tenant= - DDL statement executed successfully {:adapter nil, :statement-preview CREATE INDEX IF NOT EXISTS idx_auth_users_created_at ON auth_users (created_at)}
2026-03-20 09:15:40.047 [AUDIT] actor= resource= action= result= corr= tenant= - DDL statement executed successfully {:adapter nil, :statement-preview CREATE INDEX IF NOT EXISTS idx_auth_users_updated_at ON auth_users (updated_at)}
2026-03-20 09:15:40.047 [AUDIT] actor= resource= action= result= corr= tenant= - DDL statement executed successfully {:adapter nil, :statement-preview CREATE INDEX IF NOT EXISTS idx_auth_users_deleted_at ON auth_users (deleted_at)}
2026-03-20 09:15:40.047 [AUDIT] actor= resource= action= result= corr= tenant= - DDL statement executed successfully {:adapter nil, :statement-preview CREATE INDEX IF NOT EXISTS idx_auth_users_email ON auth_users (email)}
2026-03-20 09:15:40.047 [AUDIT] actor= resource= action= result= corr= tenant= - DDL statement executed successfully {:adapter nil, :statement-preview CREATE INDEX IF NOT EXISTS idx_auth_users_active ON auth_users (active)}
2026-03-20 09:15:40.047 [AUDIT] actor= resource= action= result= corr= tenant= - DDL statement executed successfully {:adapter nil, :statement-preview CREATE INDEX IF NOT EXISTS idx_users_tenant_id ON users (tenant_id)}
2026-03-20 09:15:40.047 [AUDIT] actor= resource= action= result= corr= tenant= - DDL statement executed successfully {:adapter nil, :statement-preview CREATE INDEX IF NOT EXISTS idx_users_role ON users (role)}
2026-03-20 09:15:40.047 [AUDIT] actor= resource= action= result= corr= tenant= - DDL statement executed successfully {:adapter nil, :statement-preview CREATE INDEX IF NOT EXISTS idx_users_theme ON users (theme)}
2026-03-20 09:15:40.048 [AUDIT] actor= resource= action= result= corr= tenant= - DDL statement executed successfully {:adapter nil, :statement-preview CREATE INDEX IF NOT EXISTS idx_users_date_format ON users (date_format)}
2026-03-20 09:15:40.048 [AUDIT] actor= resource= action= result= corr= tenant= - DDL statement executed successfully {:adapter nil, :statement-preview CREATE INDEX IF NOT EXISTS idx_users_time_format ON users (time_format)}
2026-03-20 09:15:40.048 [AUDIT] actor= resource= action= result= corr= tenant= - DDL statement executed successfully {:adapter nil, :statement-preview CREATE INDEX IF NOT EXISTS idx_users_created_at ON users (created_at)}
2026-03-20 09:15:40.048 [AUDIT] actor= resource= action= result= corr= tenant= - DDL statement executed successfully {:adapter nil, :statement-preview CREATE INDEX IF NOT EXISTS idx_users_updated_at ON users (updated_at)}
2026-03-20 09:15:40.048 [AUDIT] actor= resource= action= result= corr= tenant= - DDL statement executed successfully {:adapter nil, :statement-preview CREATE INDEX IF NOT EXISTS idx_users_deleted_at ON users (deleted_at)}
2026-03-20 09:15:40.048 [AUDIT] actor= resource= action= result= corr= tenant= - DDL statement executed successfully {:adapter nil, :statement-preview CREATE INDEX IF NOT EXISTS idx_users_role ON users (role)}
2026-03-20 09:15:40.048 [AUDIT] actor= resource= action= result= corr= tenant= - DDL statement executed successfully {:adapter nil, :statement-preview CREATE INDEX IF NOT EXISTS idx_user_sessions_user_id ON user_sessions (user_id)}
2026-03-20 09:15:40.048 [AUDIT] actor= resource= action= result= corr= tenant= - DDL statement executed successfully {:adapter nil, :statement-preview CREATE INDEX IF NOT EXISTS idx_user_sessions_expires_at ON user_sessions (expires_at)}
2026-03-20 09:15:40.048 [AUDIT] actor= resource= action= result= corr= tenant= - DDL statement executed successfully {:adapter nil, :statement-preview CREATE INDEX IF NOT EXISTS idx_user_sessions_created_at ON user_sessions (created_at)}
2026-03-20 09:15:40.048 [AUDIT] actor= resource= action= result= corr= tenant= - DDL statement executed successfully {:adapter nil, :statement-preview CREATE INDEX IF NOT EXISTS idx_user_sessions_last_accessed_at ON user_sessions (last_accessed_at)}
2026-03-20 09:15:40.048 [AUDIT] actor= resource= action= result= corr= tenant= - DDL statement executed successfully {:adapter nil, :statement-preview CREATE INDEX IF NOT EXISTS idx_user_sessions_revoked_at ON user_sessions (revoked_at)}
2026-03-20 09:15:40.048 [AUDIT] actor= resource= action= result= corr= tenant= - DDL statement executed successfully {:adapter nil, :statement-preview CREATE INDEX IF NOT EXISTS idx_sessions_token ON user_sessions (session_token)}
2026-03-20 09:15:40.049 [AUDIT] actor= resource= action= result= corr= tenant= - DDL statement executed successfully {:adapter nil, :statement-preview CREATE INDEX IF NOT EXISTS idx_sessions_expires_at ON user_sessions (expires_at)}
2026-03-20 09:15:40.049 [AUDIT] actor= resource= action= result= corr= tenant= - DDL statement executed successfully {:adapter nil, :statement-preview CREATE INDEX IF NOT EXISTS idx_user_audit_log_actor_id ON user_audit_log (actor_id)}
2026-03-20 09:15:40.049 [AUDIT] actor= resource= action= result= corr= tenant= - DDL statement executed successfully {:adapter nil, :statement-preview CREATE INDEX IF NOT EXISTS idx_user_audit_log_target_user_id ON user_audit_log (target_user_id)}
2026-03-20 09:15:40.049 [AUDIT] actor= resource= action= result= corr= tenant= - DDL statement executed successfully {:adapter nil, :statement-preview CREATE INDEX IF NOT EXISTS idx_user_audit_log_action ON user_audit_log (action)}
2026-03-20 09:15:40.049 [AUDIT] actor= resource= action= result= corr= tenant= - DDL statement executed successfully {:adapter nil, :statement-preview CREATE INDEX IF NOT EXISTS idx_user_audit_log_result ON user_audit_log (result)}
2026-03-20 09:15:40.049 [AUDIT] actor= resource= action= result= corr= tenant= - DDL statement executed successfully {:adapter nil, :statement-preview CREATE INDEX IF NOT EXISTS idx_user_audit_log_created_at ON user_audit_log (created_at)}
2026-03-20 09:15:40.049 [AUDIT] actor= resource= action= result= corr= tenant= - Database schema initialization completed successfully {:dialect nil, :tables (auth_users users user_sessions user_audit_log)}
2026-03-20 09:15:40.050 [AUDIT] actor= resource= action= result= corr= tenant= - User module database schema initialized
2026-03-20 09:15:40.051 [AUDIT] actor= resource= action= result= corr= tenant= - Initializing user module routes (normalized format)
2026-03-20 09:15:40.148 [AUDIT] actor= resource= action= result= corr= tenant= - User module routes initialized successfully {:route-keys (:api :web :static), :api-count 9, :web-count 22}
2026-03-20 09:15:46.139 [AUDIT] actor= resource= action= result= corr= tenant= - Processing authentication request {:uri /web/admin/orders/4e9f13d4-ba12-4110-8648-1b82d7df63d9, :method :get, :has-session true, :has-bearer false, :cookies (Idea-2e373df0 session-token), :session-token-value TsufiUnR}
2026-03-20 09:15:46.140 [AUDIT] actor= resource= action= result= corr= tenant= - Attempting session authentication {:token-preview TsufiUnR}
2026-03-20 09:15:46.140 [AUDIT] actor= resource= action= result= corr= tenant= - Validating session token {:session-token TsufiUnRNie6pbkuf3RDrVm0c812EzXtFGm5Kac/3l8=, :uri /web/admin/orders/4e9f13d4-ba12-4110-8648-1b82d7df63d9}
2026-03-20 09:15:46.145 [AUDIT] actor= resource= action= result= corr= tenant= - Database operation successful: find-session-by-token {:session-token TsufiUnRNie6pbkuf3RDrVm0c812EzXtFGm5Kac/3l8=, :duration-ms 3.69675}
2026-03-20 09:15:46.147 [AUDIT] actor= resource= action= result= corr= tenant= - Database operation successful: update-session {:session-entity {:expires-at #object[java.time.Instant 0x2885793a 2026-03-20T16:12:36.918820Z], :user-agent Mozilla/5.0 (Macintosh; Intel Mac OS X 10_15_7) AppleWebKit/537.36 (KHTML, like Gecko) Chrome/145.0.0.0 Safari/537.36, :session-token TsufiUnRNie6pbkuf3RDrVm0c812EzXtFGm5Kac/3l8=, :user-id #uuid "d5fa63dd-4d30-4f4f-9237-6df5ae005e6d", :last-accessed-at #object[java.time.Instant 0x65b6c6aa 2026-03-20T08:15:46.146179Z], :id #uuid "101f983c-b5ec-40f8-a2ed-0cea371ac222", :revoked-at nil, :created-at #object[java.time.Instant 0x7e4e6a10 2026-03-20T08:12:37.172935Z], :ip-address [0:0:0:0:0:0:0:1]}, :duration-ms 0.861792}
2026-03-20 09:15:46.148 [AUDIT] actor= resource= action= result= corr= tenant= - Session validation successful {:user-id #uuid "d5fa63dd-4d30-4f4f-9237-6df5ae005e6d"}
2026-03-20 09:15:46.150 [AUDIT] actor= resource= action= result= corr= tenant= - Database operation successful: find-user-by-id {:user-id #uuid "d5fa63dd-4d30-4f4f-9237-6df5ae005e6d", :duration-ms 2.187666}
2026-03-20 09:15:46.154 [AUDIT] actor= resource= action= result= corr= tenant= - Database operation successful: admin-get-entity {:entity orders, :id #uuid "4e9f13d4-ba12-4110-8648-1b82d7df63d9", :duration-ms 0.920167}
2026-03-20 09:15:46.155 [AUDIT] actor= resource= action= result= corr= tenant= - Database operation successful: admin-list-related-entities {:parent-id 4e9f13d4-ba12-4110-8648-1b82d7df63d9, :entity order-items, :duration-ms 0.215167}
2026-03-20 09:16:09.135 [AUDIT] actor= resource= action= result= corr= tenant= - Processing authentication request {:uri /web/admin/products, :method :get, :has-session true, :has-bearer false, :cookies (Idea-2e373df0 session-token), :session-token-value TsufiUnR}
2026-03-20 09:16:09.135 [AUDIT] actor= resource= action= result= corr= tenant= - Attempting session authentication {:token-preview TsufiUnR}
2026-03-20 09:16:09.135 [AUDIT] actor= resource= action= result= corr= tenant= - Validating session token {:session-token TsufiUnRNie6pbkuf3RDrVm0c812EzXtFGm5Kac/3l8=, :uri /web/admin/products}
2026-03-20 09:16:09.139 [AUDIT] actor= resource= action= result= corr= tenant= - Database operation successful: find-session-by-token {:session-token TsufiUnRNie6pbkuf3RDrVm0c812EzXtFGm5Kac/3l8=, :duration-ms 3.361583}
2026-03-20 09:16:09.143 [AUDIT] actor= resource= action= result= corr= tenant= - Database operation successful: update-session {:session-entity {:expires-at #object[java.time.Instant 0x6139bf13 2026-03-20T16:12:36.918820Z], :user-agent Mozilla/5.0 (Macintosh; Intel Mac OS X 10_15_7) AppleWebKit/537.36 (KHTML, like Gecko) Chrome/145.0.0.0 Safari/537.36, :session-token TsufiUnRNie6pbkuf3RDrVm0c812EzXtFGm5Kac/3l8=, :user-id #uuid "d5fa63dd-4d30-4f4f-9237-6df5ae005e6d", :last-accessed-at #object[java.time.Instant 0x34db9f17 2026-03-20T08:16:09.140865Z], :id #uuid "101f983c-b5ec-40f8-a2ed-0cea371ac222", :revoked-at nil, :created-at #object[java.time.Instant 0x4e0da62e 2026-03-20T08:12:37.172935Z], :ip-address [0:0:0:0:0:0:0:1]}, :duration-ms 1.608417}
2026-03-20 09:16:09.143 [AUDIT] actor= resource= action= result= corr= tenant= - Session validation successful {:user-id #uuid "d5fa63dd-4d30-4f4f-9237-6df5ae005e6d"}
2026-03-20 09:16:09.146 [AUDIT] actor= resource= action= result= corr= tenant= - Database operation successful: find-user-by-id {:user-id #uuid "d5fa63dd-4d30-4f4f-9237-6df5ae005e6d", :duration-ms 2.498834}
2026-03-20 09:16:09.154 [AUDIT] actor= resource= action= result= corr= tenant= - Database operation successful: admin-list-entities {:entity products, :limit nil, :offset nil, :duration-ms 3.885834}
2026-03-20 09:16:12.159 [AUDIT] actor= resource= action= result= corr= tenant= - Processing authentication request {:uri /web/admin/orders, :method :get, :has-session true, :has-bearer false, :cookies (Idea-2e373df0 session-token), :session-token-value TsufiUnR}
2026-03-20 09:16:12.159 [AUDIT] actor= resource= action= result= corr= tenant= - Attempting session authentication {:token-preview TsufiUnR}
2026-03-20 09:16:12.159 [AUDIT] actor= resource= action= result= corr= tenant= - Validating session token {:session-token TsufiUnRNie6pbkuf3RDrVm0c812EzXtFGm5Kac/3l8=, :uri /web/admin/orders}
2026-03-20 09:16:12.163 [AUDIT] actor= resource= action= result= corr= tenant= - Database operation successful: find-session-by-token {:session-token TsufiUnRNie6pbkuf3RDrVm0c812EzXtFGm5Kac/3l8=, :duration-ms 3.189125}
2026-03-20 09:16:12.167 [AUDIT] actor= resource= action= result= corr= tenant= - Database operation successful: update-session {:session-entity {:expires-at #object[java.time.Instant 0x3895bbc0 2026-03-20T16:12:36.918820Z], :user-agent Mozilla/5.0 (Macintosh; Intel Mac OS X 10_15_7) AppleWebKit/537.36 (KHTML, like Gecko) Chrome/145.0.0.0 Safari/537.36, :session-token TsufiUnRNie6pbkuf3RDrVm0c812EzXtFGm5Kac/3l8=, :user-id #uuid "d5fa63dd-4d30-4f4f-9237-6df5ae005e6d", :last-accessed-at #object[java.time.Instant 0x6391389 2026-03-20T08:16:12.164530Z], :id #uuid "101f983c-b5ec-40f8-a2ed-0cea371ac222", :revoked-at nil, :created-at #object[java.time.Instant 0x4082f1b0 2026-03-20T08:12:37.172935Z], :ip-address [0:0:0:0:0:0:0:1]}, :duration-ms 1.841375}
2026-03-20 09:16:12.168 [AUDIT] actor= resource= action= result= corr= tenant= - Session validation successful {:user-id #uuid "d5fa63dd-4d30-4f4f-9237-6df5ae005e6d"}
2026-03-20 09:16:12.170 [AUDIT] actor= resource= action= result= corr= tenant= - Database operation successful: find-user-by-id {:user-id #uuid "d5fa63dd-4d30-4f4f-9237-6df5ae005e6d", :duration-ms 2.287458}
2026-03-20 09:16:12.175 [AUDIT] actor= resource= action= result= corr= tenant= - Database operation successful: admin-list-entities {:entity orders, :limit nil, :offset nil, :duration-ms 2.55925}
2026-03-20 09:16:15.082 [AUDIT] actor= resource= action= result= corr= tenant= - Processing authentication request {:uri /web/admin/users, :method :get, :has-session true, :has-bearer false, :cookies (Idea-2e373df0 session-token), :session-token-value TsufiUnR}
2026-03-20 09:16:15.082 [AUDIT] actor= resource= action= result= corr= tenant= - Attempting session authentication {:token-preview TsufiUnR}
2026-03-20 09:16:15.082 [AUDIT] actor= resource= action= result= corr= tenant= - Validating session token {:session-token TsufiUnRNie6pbkuf3RDrVm0c812EzXtFGm5Kac/3l8=, :uri /web/admin/users}
2026-03-20 09:16:15.086 [AUDIT] actor= resource= action= result= corr= tenant= - Database operation successful: find-session-by-token {:session-token TsufiUnRNie6pbkuf3RDrVm0c812EzXtFGm5Kac/3l8=, :duration-ms 2.844541}
2026-03-20 09:16:15.087 [AUDIT] actor= resource= action= result= corr= tenant= - Database operation successful: update-session {:session-entity {:expires-at #object[java.time.Instant 0x9f470b7 2026-03-20T16:12:36.918820Z], :user-agent Mozilla/5.0 (Macintosh; Intel Mac OS X 10_15_7) AppleWebKit/537.36 (KHTML, like Gecko) Chrome/145.0.0.0 Safari/537.36, :session-token TsufiUnRNie6pbkuf3RDrVm0c812EzXtFGm5Kac/3l8=, :user-id #uuid "d5fa63dd-4d30-4f4f-9237-6df5ae005e6d", :last-accessed-at #object[java.time.Instant 0x7338ff9 2026-03-20T08:16:15.086586Z], :id #uuid "101f983c-b5ec-40f8-a2ed-0cea371ac222", :revoked-at nil, :created-at #object[java.time.Instant 0x30c1bc7 2026-03-20T08:12:37.172935Z], :ip-address [0:0:0:0:0:0:0:1]}, :duration-ms 0.800875}
2026-03-20 09:16:15.087 [AUDIT] actor= resource= action= result= corr= tenant= - Session validation successful {:user-id #uuid "d5fa63dd-4d30-4f4f-9237-6df5ae005e6d"}
2026-03-20 09:16:15.089 [AUDIT] actor= resource= action= result= corr= tenant= - Database operation successful: find-user-by-id {:user-id #uuid "d5fa63dd-4d30-4f4f-9237-6df5ae005e6d", :duration-ms 1.546958}
2026-03-20 09:16:15.095 [AUDIT] actor= resource= action= result= corr= tenant= - Database operation successful: admin-list-entities {:entity users, :limit nil, :offset nil, :duration-ms 3.386292}
2026-03-20 09:16:23.888 [AUDIT] actor= resource= action= result= corr= tenant= - Processing authentication request {:uri /web/admin/orders, :method :get, :has-session true, :has-bearer false, :cookies (Idea-2e373df0 session-token), :session-token-value TsufiUnR}
2026-03-20 09:16:23.888 [AUDIT] actor= resource= action= result= corr= tenant= - Attempting session authentication {:token-preview TsufiUnR}
2026-03-20 09:16:23.889 [AUDIT] actor= resource= action= result= corr= tenant= - Validating session token {:session-token TsufiUnRNie6pbkuf3RDrVm0c812EzXtFGm5Kac/3l8=, :uri /web/admin/orders}
2026-03-20 09:16:23.892 [AUDIT] actor= resource= action= result= corr= tenant= - Database operation successful: find-session-by-token {:session-token TsufiUnRNie6pbkuf3RDrVm0c812EzXtFGm5Kac/3l8=, :duration-ms 3.40575}
2026-03-20 09:16:23.895 [AUDIT] actor= resource= action= result= corr= tenant= - Database operation successful: update-session {:session-entity {:expires-at #object[java.time.Instant 0xf759091 2026-03-20T16:12:36.918820Z], :user-agent Mozilla/5.0 (Macintosh; Intel Mac OS X 10_15_7) AppleWebKit/537.36 (KHTML, like Gecko) Chrome/145.0.0.0 Safari/537.36, :session-token TsufiUnRNie6pbkuf3RDrVm0c812EzXtFGm5Kac/3l8=, :user-id #uuid "d5fa63dd-4d30-4f4f-9237-6df5ae005e6d", :last-accessed-at #object[java.time.Instant 0xbf5f98c 2026-03-20T08:16:23.893370Z], :id #uuid "101f983c-b5ec-40f8-a2ed-0cea371ac222", :revoked-at nil, :created-at #object[java.time.Instant 0x292398de 2026-03-20T08:12:37.172935Z], :ip-address [0:0:0:0:0:0:0:1]}, :duration-ms 1.220625}
2026-03-20 09:16:23.895 [AUDIT] actor= resource= action= result= corr= tenant= - Session validation successful {:user-id #uuid "d5fa63dd-4d30-4f4f-9237-6df5ae005e6d"}
2026-03-20 09:16:23.898 [AUDIT] actor= resource= action= result= corr= tenant= - Database operation successful: find-user-by-id {:user-id #uuid "d5fa63dd-4d30-4f4f-9237-6df5ae005e6d", :duration-ms 2.0325}
2026-03-20 09:16:23.902 [AUDIT] actor= resource= action= result= corr= tenant= - Database operation successful: admin-list-entities {:entity orders, :limit nil, :offset nil, :duration-ms 2.198833}
2026-03-20 09:16:28.596 [AUDIT] actor= resource= action= result= corr= tenant= - Processing authentication request {:uri /web/admin/orders/4e9f13d4-ba12-4110-8648-1b82d7df63d9, :method :get, :has-session true, :has-bearer false, :cookies (Idea-2e373df0 session-token), :session-token-value TsufiUnR}
2026-03-20 09:16:28.596 [AUDIT] actor= resource= action= result= corr= tenant= - Attempting session authentication {:token-preview TsufiUnR}
2026-03-20 09:16:28.597 [AUDIT] actor= resource= action= result= corr= tenant= - Validating session token {:session-token TsufiUnRNie6pbkuf3RDrVm0c812EzXtFGm5Kac/3l8=, :uri /web/admin/orders/4e9f13d4-ba12-4110-8648-1b82d7df63d9}
2026-03-20 09:16:28.600 [AUDIT] actor= resource= action= result= corr= tenant= - Database operation successful: find-session-by-token {:session-token TsufiUnRNie6pbkuf3RDrVm0c812EzXtFGm5Kac/3l8=, :duration-ms 2.711166}
2026-03-20 09:16:28.603 [AUDIT] actor= resource= action= result= corr= tenant= - Database operation successful: update-session {:session-entity {:expires-at #object[java.time.Instant 0x57ebf812 2026-03-20T16:12:36.918820Z], :user-agent Mozilla/5.0 (Macintosh; Intel Mac OS X 10_15_7) AppleWebKit/537.36 (KHTML, like Gecko) Chrome/145.0.0.0 Safari/537.36, :session-token TsufiUnRNie6pbkuf3RDrVm0c812EzXtFGm5Kac/3l8=, :user-id #uuid "d5fa63dd-4d30-4f4f-9237-6df5ae005e6d", :last-accessed-at #object[java.time.Instant 0x42350294 2026-03-20T08:16:28.600862Z], :id #uuid "101f983c-b5ec-40f8-a2ed-0cea371ac222", :revoked-at nil, :created-at #object[java.time.Instant 0xc5ee400 2026-03-20T08:12:37.172935Z], :ip-address [0:0:0:0:0:0:0:1]}, :duration-ms 1.783167}
2026-03-20 09:16:28.603 [AUDIT] actor= resource= action= result= corr= tenant= - Session validation successful {:user-id #uuid "d5fa63dd-4d30-4f4f-9237-6df5ae005e6d"}
2026-03-20 09:16:28.606 [AUDIT] actor= resource= action= result= corr= tenant= - Database operation successful: find-user-by-id {:user-id #uuid "d5fa63dd-4d30-4f4f-9237-6df5ae005e6d", :duration-ms 2.577625}
2026-03-20 09:16:28.610 [AUDIT] actor= resource= action= result= corr= tenant= - Database operation successful: admin-get-entity {:entity orders, :id #uuid "4e9f13d4-ba12-4110-8648-1b82d7df63d9", :duration-ms 1.931042}
2026-03-20 09:16:28.614 [AUDIT] actor= resource= action= result= corr= tenant= - Database operation successful: admin-list-related-entities {:parent-id 4e9f13d4-ba12-4110-8648-1b82d7df63d9, :entity order-items, :duration-ms 1.335333}
2026-03-20 09:17:53.486 [AUDIT] actor= resource= action= result= corr= tenant= - Processing authentication request {:uri /web/admin/orders/4e9f13d4-ba12-4110-8648-1b82d7df63d9, :method :get, :has-session true, :has-bearer false, :cookies (session-token Idea-2e373df0), :session-token-value aLxy1AJ7}
2026-03-20 09:17:53.487 [AUDIT] actor= resource= action= result= corr= tenant= - Attempting session authentication {:token-preview aLxy1AJ7}
2026-03-20 09:17:53.487 [AUDIT] actor= resource= action= result= corr= tenant= - Validating session token {:session-token aLxy1AJ7P4oN8nxlZx82bQ8ovUHHuO6Z2oUejYitrsI=, :uri /web/admin/orders/4e9f13d4-ba12-4110-8648-1b82d7df63d9}
2026-03-20 09:17:53.490 [AUDIT] actor= resource= action= result= corr= tenant= - Database operation successful: find-session-by-token {:session-token aLxy1AJ7P4oN8nxlZx82bQ8ovUHHuO6Z2oUejYitrsI=, :duration-ms 2.425334}
2026-03-20 09:17:53.491 [AUDIT] actor= resource= action= result= corr= tenant= - Database operation successful: update-session {:session-entity {:expires-at #object[java.time.Instant 0x9a5abc0 2026-03-21T05:53:14.560559Z], :user-agent Mozilla/5.0 (Macintosh; Intel Mac OS X 10_15_7) AppleWebKit/605.1.15 (KHTML, like Gecko) Version/26.3.1 Safari/605.1.15, :session-token aLxy1AJ7P4oN8nxlZx82bQ8ovUHHuO6Z2oUejYitrsI=, :user-id #uuid "d5fa63dd-4d30-4f4f-9237-6df5ae005e6d", :last-accessed-at #object[java.time.Instant 0x5ba2d45d 2026-03-20T08:17:53.490430Z], :id #uuid "36c4e937-b108-4009-8812-b60e65bbe528", :revoked-at nil, :created-at #object[java.time.Instant 0x5ffe43b0 2026-03-20T05:53:14.772936Z], :ip-address [0:0:0:0:0:0:0:1]}, :duration-ms 1.075584}
2026-03-20 09:17:53.492 [AUDIT] actor= resource= action= result= corr= tenant= - Session validation successful {:user-id #uuid "d5fa63dd-4d30-4f4f-9237-6df5ae005e6d"}
2026-03-20 09:17:53.494 [AUDIT] actor= resource= action= result= corr= tenant= - Database operation successful: find-user-by-id {:user-id #uuid "d5fa63dd-4d30-4f4f-9237-6df5ae005e6d", :duration-ms 1.988084}
2026-03-20 09:17:53.496 [AUDIT] actor= resource= action= result= corr= tenant= - Database operation successful: admin-get-entity {:entity orders, :id #uuid "4e9f13d4-ba12-4110-8648-1b82d7df63d9", :duration-ms 1.349125}
2026-03-20 09:17:53.499 [AUDIT] actor= resource= action= result= corr= tenant= - Database operation successful: admin-list-related-entities {:parent-id 4e9f13d4-ba12-4110-8648-1b82d7df63d9, :entity order-items, :duration-ms 0.353}
2026-03-20 09:17:57.576 [AUDIT] actor= resource= action= result= corr= tenant= - Processing authentication request {:uri /web/admin/orders, :method :get, :has-session true, :has-bearer false, :cookies (session-token Idea-2e373df0), :session-token-value aLxy1AJ7}
2026-03-20 09:17:57.576 [AUDIT] actor= resource= action= result= corr= tenant= - Attempting session authentication {:token-preview aLxy1AJ7}
2026-03-20 09:17:57.576 [AUDIT] actor= resource= action= result= corr= tenant= - Validating session token {:session-token aLxy1AJ7P4oN8nxlZx82bQ8ovUHHuO6Z2oUejYitrsI=, :uri /web/admin/orders}
2026-03-20 09:17:57.581 [AUDIT] actor= resource= action= result= corr= tenant= - Database operation successful: find-session-by-token {:session-token aLxy1AJ7P4oN8nxlZx82bQ8ovUHHuO6Z2oUejYitrsI=, :duration-ms 4.01275}
2026-03-20 09:17:57.582 [AUDIT] actor= resource= action= result= corr= tenant= - Database operation successful: update-session {:session-entity {:expires-at #object[java.time.Instant 0x36fe93c7 2026-03-21T05:53:14.560559Z], :user-agent Mozilla/5.0 (Macintosh; Intel Mac OS X 10_15_7) AppleWebKit/605.1.15 (KHTML, like Gecko) Version/26.3.1 Safari/605.1.15, :session-token aLxy1AJ7P4oN8nxlZx82bQ8ovUHHuO6Z2oUejYitrsI=, :user-id #uuid "d5fa63dd-4d30-4f4f-9237-6df5ae005e6d", :last-accessed-at #object[java.time.Instant 0x12a1c573 2026-03-20T08:17:57.581510Z], :id #uuid "36c4e937-b108-4009-8812-b60e65bbe528", :revoked-at nil, :created-at #object[java.time.Instant 0x5feceb46 2026-03-20T05:53:14.772936Z], :ip-address [0:0:0:0:0:0:0:1]}, :duration-ms 1.023834}
2026-03-20 09:17:57.583 [AUDIT] actor= resource= action= result= corr= tenant= - Session validation successful {:user-id #uuid "d5fa63dd-4d30-4f4f-9237-6df5ae005e6d"}
2026-03-20 09:17:57.584 [AUDIT] actor= resource= action= result= corr= tenant= - Database operation successful: find-user-by-id {:user-id #uuid "d5fa63dd-4d30-4f4f-9237-6df5ae005e6d", :duration-ms 1.554541}
2026-03-20 09:17:57.590 [AUDIT] actor= resource= action= result= corr= tenant= - Database operation successful: admin-list-entities {:entity orders, :limit nil, :offset nil, :duration-ms 2.791541}
2026-03-20 09:18:00.388 [AUDIT] actor= resource= action= result= corr= tenant= - Processing authentication request {:uri /web/admin/orders/4e9f13d4-ba12-4110-8648-1b82d7df63d9, :method :get, :has-session true, :has-bearer false, :cookies (session-token Idea-2e373df0), :session-token-value aLxy1AJ7}
2026-03-20 09:18:00.388 [AUDIT] actor= resource= action= result= corr= tenant= - Attempting session authentication {:token-preview aLxy1AJ7}
2026-03-20 09:18:00.388 [AUDIT] actor= resource= action= result= corr= tenant= - Validating session token {:session-token aLxy1AJ7P4oN8nxlZx82bQ8ovUHHuO6Z2oUejYitrsI=, :uri /web/admin/orders/4e9f13d4-ba12-4110-8648-1b82d7df63d9}
2026-03-20 09:18:00.391 [AUDIT] actor= resource= action= result= corr= tenant= - Database operation successful: find-session-by-token {:session-token aLxy1AJ7P4oN8nxlZx82bQ8ovUHHuO6Z2oUejYitrsI=, :duration-ms 2.041209}
2026-03-20 09:18:00.392 [AUDIT] actor= resource= action= result= corr= tenant= - Database operation successful: update-session {:session-entity {:expires-at #object[java.time.Instant 0x5b869b4a 2026-03-21T05:53:14.560559Z], :user-agent Mozilla/5.0 (Macintosh; Intel Mac OS X 10_15_7) AppleWebKit/605.1.15 (KHTML, like Gecko) Version/26.3.1 Safari/605.1.15, :session-token aLxy1AJ7P4oN8nxlZx82bQ8ovUHHuO6Z2oUejYitrsI=, :user-id #uuid "d5fa63dd-4d30-4f4f-9237-6df5ae005e6d", :last-accessed-at #object[java.time.Instant 0x53a5c340 2026-03-20T08:18:00.391580Z], :id #uuid "36c4e937-b108-4009-8812-b60e65bbe528", :revoked-at nil, :created-at #object[java.time.Instant 0x39ee5a02 2026-03-20T05:53:14.772936Z], :ip-address [0:0:0:0:0:0:0:1]}, :duration-ms 0.674334}
2026-03-20 09:18:00.392 [AUDIT] actor= resource= action= result= corr= tenant= - Session validation successful {:user-id #uuid "d5fa63dd-4d30-4f4f-9237-6df5ae005e6d"}
2026-03-20 09:18:00.393 [AUDIT] actor= resource= action= result= corr= tenant= - Database operation successful: find-user-by-id {:user-id #uuid "d5fa63dd-4d30-4f4f-9237-6df5ae005e6d", :duration-ms 1.060875}
2026-03-20 09:18:00.396 [AUDIT] actor= resource= action= result= corr= tenant= - Database operation successful: admin-get-entity {:entity orders, :id #uuid "4e9f13d4-ba12-4110-8648-1b82d7df63d9", :duration-ms 1.195792}
2026-03-20 09:18:00.398 [AUDIT] actor= resource= action= result= corr= tenant= - Database operation successful: admin-list-related-entities {:parent-id 4e9f13d4-ba12-4110-8648-1b82d7df63d9, :entity order-items, :duration-ms 0.497667}
2026-03-20 09:18:46.983 [AUDIT] actor= resource= action= result= corr= tenant= - Processing authentication request {:uri /web/admin/orders, :method :get, :has-session true, :has-bearer false, :cookies (session-token Idea-2e373df0), :session-token-value aLxy1AJ7}
2026-03-20 09:18:46.984 [AUDIT] actor= resource= action= result= corr= tenant= - Attempting session authentication {:token-preview aLxy1AJ7}
2026-03-20 09:18:46.984 [AUDIT] actor= resource= action= result= corr= tenant= - Validating session token {:session-token aLxy1AJ7P4oN8nxlZx82bQ8ovUHHuO6Z2oUejYitrsI=, :uri /web/admin/orders}
2026-03-20 09:18:46.986 [AUDIT] actor= resource= action= result= corr= tenant= - Database operation successful: find-session-by-token {:session-token aLxy1AJ7P4oN8nxlZx82bQ8ovUHHuO6Z2oUejYitrsI=, :duration-ms 2.012333}
2026-03-20 09:18:46.988 [AUDIT] actor= resource= action= result= corr= tenant= - Database operation successful: update-session {:session-entity {:expires-at #object[java.time.Instant 0x6cd5247c 2026-03-21T05:53:14.560559Z], :user-agent Mozilla/5.0 (Macintosh; Intel Mac OS X 10_15_7) AppleWebKit/605.1.15 (KHTML, like Gecko) Version/26.3.1 Safari/605.1.15, :session-token aLxy1AJ7P4oN8nxlZx82bQ8ovUHHuO6Z2oUejYitrsI=, :user-id #uuid "d5fa63dd-4d30-4f4f-9237-6df5ae005e6d", :last-accessed-at #object[java.time.Instant 0x77822258 2026-03-20T08:18:46.987225Z], :id #uuid "36c4e937-b108-4009-8812-b60e65bbe528", :revoked-at nil, :created-at #object[java.time.Instant 0x14b3dd4c 2026-03-20T05:53:14.772936Z], :ip-address [0:0:0:0:0:0:0:1]}, :duration-ms 0.742}
2026-03-20 09:18:46.988 [AUDIT] actor= resource= action= result= corr= tenant= - Session validation successful {:user-id #uuid "d5fa63dd-4d30-4f4f-9237-6df5ae005e6d"}
2026-03-20 09:18:46.990 [AUDIT] actor= resource= action= result= corr= tenant= - Database operation successful: find-user-by-id {:user-id #uuid "d5fa63dd-4d30-4f4f-9237-6df5ae005e6d", :duration-ms 1.733958}
2026-03-20 09:18:46.993 [AUDIT] actor= resource= action= result= corr= tenant= - Database operation successful: admin-list-entities {:entity orders, :limit nil, :offset nil, :duration-ms 2.025084}
2026-03-20 09:18:56.392 [AUDIT] actor= resource= action= result= corr= tenant= - Processing authentication request {:uri /web/admin/orders/table, :method :get, :has-session true, :has-bearer false, :cookies (session-token Idea-2e373df0), :session-token-value aLxy1AJ7}
2026-03-20 09:18:56.392 [AUDIT] actor= resource= action= result= corr= tenant= - Attempting session authentication {:token-preview aLxy1AJ7}
2026-03-20 09:18:56.392 [AUDIT] actor= resource= action= result= corr= tenant= - Validating session token {:session-token aLxy1AJ7P4oN8nxlZx82bQ8ovUHHuO6Z2oUejYitrsI=, :uri /web/admin/orders/table}
2026-03-20 09:18:56.396 [AUDIT] actor= resource= action= result= corr= tenant= - Database operation successful: find-session-by-token {:session-token aLxy1AJ7P4oN8nxlZx82bQ8ovUHHuO6Z2oUejYitrsI=, :duration-ms 2.986}
2026-03-20 09:18:56.397 [AUDIT] actor= resource= action= result= corr= tenant= - Database operation successful: update-session {:session-entity {:expires-at #object[java.time.Instant 0x26217a8d 2026-03-21T05:53:14.560559Z], :user-agent Mozilla/5.0 (Macintosh; Intel Mac OS X 10_15_7) AppleWebKit/605.1.15 (KHTML, like Gecko) Version/26.3.1 Safari/605.1.15, :session-token aLxy1AJ7P4oN8nxlZx82bQ8ovUHHuO6Z2oUejYitrsI=, :user-id #uuid "d5fa63dd-4d30-4f4f-9237-6df5ae005e6d", :last-accessed-at #object[java.time.Instant 0x63124cf1 2026-03-20T08:18:56.396413Z], :id #uuid "36c4e937-b108-4009-8812-b60e65bbe528", :revoked-at nil, :created-at #object[java.time.Instant 0x5e42229 2026-03-20T05:53:14.772936Z], :ip-address [0:0:0:0:0:0:0:1]}, :duration-ms 0.770459}
2026-03-20 09:18:56.397 [AUDIT] actor= resource= action= result= corr= tenant= - Session validation successful {:user-id #uuid "d5fa63dd-4d30-4f4f-9237-6df5ae005e6d"}
2026-03-20 09:18:56.399 [AUDIT] actor= resource= action= result= corr= tenant= - Database operation successful: find-user-by-id {:user-id #uuid "d5fa63dd-4d30-4f4f-9237-6df5ae005e6d", :duration-ms 1.12725}
2026-03-20 09:18:56.401 [AUDIT] actor= resource= action= result= corr= tenant= - Database operation successful: admin-list-entities {:entity orders, :limit nil, :offset nil, :duration-ms 1.666333}
2026-03-20 09:20:30.298 [AUDIT] actor= resource= action= result= corr= tenant= - User module routes halted (no cleanup needed)
2026-03-20 09:20:30.298 [AUDIT] actor= resource= action= result= corr= tenant= - User module database schema component halted
2026-03-20 09:20:30.298 [AUDIT] actor= resource= action= result= corr= tenant= - User service halted (no cleanup needed)
2026-03-20 09:20:30.298 [AUDIT] actor= resource= action= result= corr= tenant= - Authentication service halted (no cleanup needed)
2026-03-20 09:20:30.299 [AUDIT] actor= resource= action= result= corr= tenant= - Session repository halted (no cleanup needed)
2026-03-20 09:20:30.299 [AUDIT] actor= resource= action= result= corr= tenant= - MFA service halted (no cleanup needed)
2026-03-20 09:20:30.299 [AUDIT] actor= resource= action= result= corr= tenant= - User repository halted (no cleanup needed)
2026-03-20 09:20:30.299 [AUDIT] actor= resource= action= result= corr= tenant= - Audit repository halted (no cleanup needed)
2026-03-20 09:20:30.299 [AUDIT] actor= resource= action= result= corr= tenant= - Closing database context {:adapter nil}
2026-03-20 09:20:30.299 [AUDIT] actor= resource= action= result= corr= tenant= - Closing database connection pool {:pool-name default-Pool}
2026-03-20 09:20:30.299 [AUDIT] actor= resource= action= result= corr= tenant= - Database connection pool closed {:pool-name default-Pool}
2026-03-20 09:20:35.231 [AUDIT] actor= resource= action= result= corr= tenant= - Creating database connection pool {:adapter nil, :pool-size 5, :pool-name default-Pool}
2026-03-20 09:20:35.472 [AUDIT] actor= resource= action= result= corr= tenant= - SQLite PRAGMA initialization completed {:successful-pragmas 7, :failed-pragmas 0, :total-pragmas 7}
2026-03-20 09:20:35.472 [AUDIT] actor= resource= action= result= corr= tenant= - Database connection pool created successfully {:adapter nil, :pool-name default-Pool}
2026-03-20 09:20:35.472 [AUDIT] actor= resource= action= result= corr= tenant= - Created database context {:adapter nil}
2026-03-20 09:20:35.474 [AUDIT] actor= resource= action= result= corr= tenant= - Initializing audit repository
2026-03-20 09:20:35.474 [AUDIT] actor= resource= action= result= corr= tenant= - Audit repository initialized
2026-03-20 09:20:35.474 [AUDIT] actor= resource= action= result= corr= tenant= - Initializing user repository
2026-03-20 09:20:35.478 [AUDIT] actor= resource= action= result= corr= tenant= - User repository initialized
2026-03-20 09:20:35.478 [AUDIT] actor= resource= action= result= corr= tenant= - Initializing MFA service
2026-03-20 09:20:35.478 [AUDIT] actor= resource= action= result= corr= tenant= - MFA service initialized
2026-03-20 09:20:35.478 [AUDIT] actor= resource= action= result= corr= tenant= - Initializing session repository
2026-03-20 09:20:35.478 [AUDIT] actor= resource= action= result= corr= tenant= - Session repository initialized
2026-03-20 09:20:35.478 [AUDIT] actor= resource= action= result= corr= tenant= - Initializing authentication service
2026-03-20 09:20:35.479 [AUDIT] actor= resource= action= result= corr= tenant= - Authentication service initialized
2026-03-20 09:20:35.479 [AUDIT] actor= resource= action= result= corr= tenant= - Initializing user service {:cache-enabled? false}
2026-03-20 09:20:35.479 [AUDIT] actor= resource= action= result= corr= tenant= - User service initialized
2026-03-20 09:20:35.481 [AUDIT] actor= resource= action= result= corr= tenant= - Initializing user module database schema
2026-03-20 09:20:35.482 [AUDIT] actor= resource= action= result= corr= tenant= - Initializing user schema from Malli definitions (split-table architecture)
2026-03-20 09:20:35.483 [AUDIT] actor= resource= action= result= corr= tenant= - Initializing database schema from Malli definitions {:dialect nil, :tables (auth_users users user_sessions user_audit_log)}
2026-03-20 09:20:35.484 [AUDIT] actor= resource= action= result= corr= tenant= - DDL statement executed successfully {:adapter nil, :statement-preview CREATE TABLE IF NOT EXISTS auth_users (
  id UUID NOT NULL PRIMARY KEY,
  email VARCHAR(255) NOT NULL,
  password_hash VARCHAR(255) NOT NULL,
  active BOOLEAN NOT NULL DEFAULT true,
  mfa_enabled BOOLEAN,
  mfa_secret VARCHAR(255),
  mfa_backup_codes VARCHAR(255),
  mfa_backup_codes_used VARCHAR(255),
  mfa_enabled_at VARCHAR(255),
  failed_login_count INTEGER,
  lockout_until VARCHAR(255),
  created_at VARCHAR(255) NOT NULL,
  updated_at VARCHAR(255),
  deleted_at VARCHAR(255),
  CONSTRAINT uk_auth_users_email UNIQUE(email)
);}
2026-03-20 09:20:35.484 [AUDIT] actor= resource= action= result= corr= tenant= - DDL statement executed successfully {:adapter nil, :statement-preview CREATE TABLE IF NOT EXISTS users (
  id UUID NOT NULL PRIMARY KEY,
  tenant_id UUID,
  name VARCHAR(255) NOT NULL,
  role VARCHAR(50) NOT NULL CHECK(role IN ('admin', 'user', 'viewer')),
  avatar_url VARCHAR(255),
  login_count INTEGER,
  last_login VARCHAR(255),
  notifications_email BOOLEAN,
  notifications_push BOOLEAN,
  notifications_sms BOOLEAN,
  theme VARCHAR(50) CHECK(theme IN ('light', 'dark', 'auto')),
  language VARCHAR(255),
  timezone VARCHAR(255),
  date_format VARCHAR(50) CHECK(date_format IN ('iso', 'us', 'eu')),
  time_format VARCHAR(50) CHECK(time_format IN ('12h', '24h')),
  created_at VARCHAR(255) NOT NULL,
  updated_at VARCHAR(255),
  deleted_at VARCHAR(255)
);}
2026-03-20 09:20:35.484 [AUDIT] actor= resource= action= result= corr= tenant= - DDL statement executed successfully {:adapter nil, :statement-preview CREATE TABLE IF NOT EXISTS user_sessions (
  id UUID NOT NULL PRIMARY KEY,
  user_id UUID NOT NULL,
  session_token VARCHAR(255) NOT NULL,
  expires_at VARCHAR(255) NOT NULL,
  created_at VARCHAR(255) NOT NULL,
  last_accessed_at VARCHAR(255),
  revoked_at VARCHAR(255),
  user_agent VARCHAR(255),
  ip_address VARCHAR(255),
  CONSTRAINT uk_user_sessions_token UNIQUE(session_token)
);}
2026-03-20 09:20:35.484 [AUDIT] actor= resource= action= result= corr= tenant= - DDL statement executed successfully {:adapter nil, :statement-preview CREATE TABLE IF NOT EXISTS user_audit_log (
  id UUID NOT NULL PRIMARY KEY,
  action VARCHAR(50) NOT NULL CHECK(action IN ('create', 'update', 'delete', 'activate', 'deactivate', 'role-change', 'bulk-action', 'login', 'logout')),
  actor_id UUID,
  actor_email VARCHAR(255),
  target_user_id UUID NOT NULL,
  target_user_email VARCHAR(255) NOT NULL,
  changes JSONB,
  metadata JSONB,
  ip_address VARCHAR(255),
  user_agent VARCHAR(255),
  result VARCHAR(50) NOT NULL CHECK(result IN ('success', 'failure')),
  error_message VARCHAR(255),
  created_at VARCHAR(255) NOT NULL
);}
2026-03-20 09:20:35.485 [AUDIT] actor= resource= action= result= corr= tenant= - DDL statement executed successfully {:adapter nil, :statement-preview CREATE INDEX IF NOT EXISTS idx_auth_users_mfa_enabled_at ON auth_users (mfa_enabled_at)}
2026-03-20 09:20:35.485 [AUDIT] actor= resource= action= result= corr= tenant= - DDL statement executed successfully {:adapter nil, :statement-preview CREATE INDEX IF NOT EXISTS idx_auth_users_created_at ON auth_users (created_at)}
2026-03-20 09:20:35.485 [AUDIT] actor= resource= action= result= corr= tenant= - DDL statement executed successfully {:adapter nil, :statement-preview CREATE INDEX IF NOT EXISTS idx_auth_users_updated_at ON auth_users (updated_at)}
2026-03-20 09:20:35.485 [AUDIT] actor= resource= action= result= corr= tenant= - DDL statement executed successfully {:adapter nil, :statement-preview CREATE INDEX IF NOT EXISTS idx_auth_users_deleted_at ON auth_users (deleted_at)}
2026-03-20 09:20:35.486 [AUDIT] actor= resource= action= result= corr= tenant= - DDL statement executed successfully {:adapter nil, :statement-preview CREATE INDEX IF NOT EXISTS idx_auth_users_email ON auth_users (email)}
2026-03-20 09:20:35.486 [AUDIT] actor= resource= action= result= corr= tenant= - DDL statement executed successfully {:adapter nil, :statement-preview CREATE INDEX IF NOT EXISTS idx_auth_users_active ON auth_users (active)}
2026-03-20 09:20:35.486 [AUDIT] actor= resource= action= result= corr= tenant= - DDL statement executed successfully {:adapter nil, :statement-preview CREATE INDEX IF NOT EXISTS idx_users_tenant_id ON users (tenant_id)}
2026-03-20 09:20:35.486 [AUDIT] actor= resource= action= result= corr= tenant= - DDL statement executed successfully {:adapter nil, :statement-preview CREATE INDEX IF NOT EXISTS idx_users_role ON users (role)}
2026-03-20 09:20:35.486 [AUDIT] actor= resource= action= result= corr= tenant= - DDL statement executed successfully {:adapter nil, :statement-preview CREATE INDEX IF NOT EXISTS idx_users_theme ON users (theme)}
2026-03-20 09:20:35.486 [AUDIT] actor= resource= action= result= corr= tenant= - DDL statement executed successfully {:adapter nil, :statement-preview CREATE INDEX IF NOT EXISTS idx_users_date_format ON users (date_format)}
2026-03-20 09:20:35.486 [AUDIT] actor= resource= action= result= corr= tenant= - DDL statement executed successfully {:adapter nil, :statement-preview CREATE INDEX IF NOT EXISTS idx_users_time_format ON users (time_format)}
2026-03-20 09:20:35.486 [AUDIT] actor= resource= action= result= corr= tenant= - DDL statement executed successfully {:adapter nil, :statement-preview CREATE INDEX IF NOT EXISTS idx_users_created_at ON users (created_at)}
2026-03-20 09:20:35.486 [AUDIT] actor= resource= action= result= corr= tenant= - DDL statement executed successfully {:adapter nil, :statement-preview CREATE INDEX IF NOT EXISTS idx_users_updated_at ON users (updated_at)}
2026-03-20 09:20:35.487 [AUDIT] actor= resource= action= result= corr= tenant= - DDL statement executed successfully {:adapter nil, :statement-preview CREATE INDEX IF NOT EXISTS idx_users_deleted_at ON users (deleted_at)}
2026-03-20 09:20:35.487 [AUDIT] actor= resource= action= result= corr= tenant= - DDL statement executed successfully {:adapter nil, :statement-preview CREATE INDEX IF NOT EXISTS idx_users_role ON users (role)}
2026-03-20 09:20:35.487 [AUDIT] actor= resource= action= result= corr= tenant= - DDL statement executed successfully {:adapter nil, :statement-preview CREATE INDEX IF NOT EXISTS idx_user_sessions_user_id ON user_sessions (user_id)}
2026-03-20 09:20:35.487 [AUDIT] actor= resource= action= result= corr= tenant= - DDL statement executed successfully {:adapter nil, :statement-preview CREATE INDEX IF NOT EXISTS idx_user_sessions_expires_at ON user_sessions (expires_at)}
2026-03-20 09:20:35.487 [AUDIT] actor= resource= action= result= corr= tenant= - DDL statement executed successfully {:adapter nil, :statement-preview CREATE INDEX IF NOT EXISTS idx_user_sessions_created_at ON user_sessions (created_at)}
2026-03-20 09:20:35.487 [AUDIT] actor= resource= action= result= corr= tenant= - DDL statement executed successfully {:adapter nil, :statement-preview CREATE INDEX IF NOT EXISTS idx_user_sessions_last_accessed_at ON user_sessions (last_accessed_at)}
2026-03-20 09:20:35.487 [AUDIT] actor= resource= action= result= corr= tenant= - DDL statement executed successfully {:adapter nil, :statement-preview CREATE INDEX IF NOT EXISTS idx_user_sessions_revoked_at ON user_sessions (revoked_at)}
2026-03-20 09:20:35.487 [AUDIT] actor= resource= action= result= corr= tenant= - DDL statement executed successfully {:adapter nil, :statement-preview CREATE INDEX IF NOT EXISTS idx_sessions_token ON user_sessions (session_token)}
2026-03-20 09:20:35.487 [AUDIT] actor= resource= action= result= corr= tenant= - DDL statement executed successfully {:adapter nil, :statement-preview CREATE INDEX IF NOT EXISTS idx_sessions_expires_at ON user_sessions (expires_at)}
2026-03-20 09:20:35.487 [AUDIT] actor= resource= action= result= corr= tenant= - DDL statement executed successfully {:adapter nil, :statement-preview CREATE INDEX IF NOT EXISTS idx_user_audit_log_actor_id ON user_audit_log (actor_id)}
2026-03-20 09:20:35.488 [AUDIT] actor= resource= action= result= corr= tenant= - DDL statement executed successfully {:adapter nil, :statement-preview CREATE INDEX IF NOT EXISTS idx_user_audit_log_target_user_id ON user_audit_log (target_user_id)}
2026-03-20 09:20:35.488 [AUDIT] actor= resource= action= result= corr= tenant= - DDL statement executed successfully {:adapter nil, :statement-preview CREATE INDEX IF NOT EXISTS idx_user_audit_log_action ON user_audit_log (action)}
2026-03-20 09:20:35.488 [AUDIT] actor= resource= action= result= corr= tenant= - DDL statement executed successfully {:adapter nil, :statement-preview CREATE INDEX IF NOT EXISTS idx_user_audit_log_result ON user_audit_log (result)}
2026-03-20 09:20:35.488 [AUDIT] actor= resource= action= result= corr= tenant= - DDL statement executed successfully {:adapter nil, :statement-preview CREATE INDEX IF NOT EXISTS idx_user_audit_log_created_at ON user_audit_log (created_at)}
2026-03-20 09:20:35.488 [AUDIT] actor= resource= action= result= corr= tenant= - Database schema initialization completed successfully {:dialect nil, :tables (auth_users users user_sessions user_audit_log)}
2026-03-20 09:20:35.489 [AUDIT] actor= resource= action= result= corr= tenant= - User module database schema initialized
2026-03-20 09:20:35.489 [AUDIT] actor= resource= action= result= corr= tenant= - Initializing user module routes (normalized format)
2026-03-20 09:20:35.587 [AUDIT] actor= resource= action= result= corr= tenant= - User module routes initialized successfully {:route-keys (:api :web :static), :api-count 9, :web-count 22}
2026-03-20 09:20:38.522 [AUDIT] actor= resource= action= result= corr= tenant= - Processing authentication request {:uri /web/admin/orders/table, :method :get, :has-session true, :has-bearer false, :cookies (session-token Idea-2e373df0), :session-token-value aLxy1AJ7}
2026-03-20 09:20:38.522 [AUDIT] actor= resource= action= result= corr= tenant= - Attempting session authentication {:token-preview aLxy1AJ7}
2026-03-20 09:20:38.523 [AUDIT] actor= resource= action= result= corr= tenant= - Validating session token {:session-token aLxy1AJ7P4oN8nxlZx82bQ8ovUHHuO6Z2oUejYitrsI=, :uri /web/admin/orders/table}
2026-03-20 09:20:38.528 [AUDIT] actor= resource= action= result= corr= tenant= - Database operation successful: find-session-by-token {:session-token aLxy1AJ7P4oN8nxlZx82bQ8ovUHHuO6Z2oUejYitrsI=, :duration-ms 3.666}
2026-03-20 09:20:38.529 [AUDIT] actor= resource= action= result= corr= tenant= - Database operation successful: update-session {:session-entity {:expires-at #object[java.time.Instant 0x41598d29 2026-03-21T05:53:14.560559Z], :user-agent Mozilla/5.0 (Macintosh; Intel Mac OS X 10_15_7) AppleWebKit/605.1.15 (KHTML, like Gecko) Version/26.3.1 Safari/605.1.15, :session-token aLxy1AJ7P4oN8nxlZx82bQ8ovUHHuO6Z2oUejYitrsI=, :user-id #uuid "d5fa63dd-4d30-4f4f-9237-6df5ae005e6d", :last-accessed-at #object[java.time.Instant 0x10d0538b 2026-03-20T08:20:38.528272Z], :id #uuid "36c4e937-b108-4009-8812-b60e65bbe528", :revoked-at nil, :created-at #object[java.time.Instant 0xa1f0da 2026-03-20T05:53:14.772936Z], :ip-address [0:0:0:0:0:0:0:1]}, :duration-ms 0.541208}
2026-03-20 09:20:38.529 [AUDIT] actor= resource= action= result= corr= tenant= - Session validation successful {:user-id #uuid "d5fa63dd-4d30-4f4f-9237-6df5ae005e6d"}
2026-03-20 09:20:38.531 [AUDIT] actor= resource= action= result= corr= tenant= - Database operation successful: find-user-by-id {:user-id #uuid "d5fa63dd-4d30-4f4f-9237-6df5ae005e6d", :duration-ms 1.92725}
2026-03-20 09:20:38.532 [AUDIT] actor= resource= action= result= corr= tenant= - Session validation failed {:session-token clojure.lang.LazySeq@7875f0aa...}
clojure.lang.ExceptionInfo: Redirect to full page {:type :redirect, :location "/web/admin/orders", :status 303}
	at boundary.admin.shell.http$entity_table_fragment_handler$fn__26705.invoke(http.clj:543)
	at boundary.user.shell.middleware$session_authentication_middleware$fn__26545.invoke(middleware.clj:181)
	at boundary.user.shell.middleware$flexible_authentication_middleware$fn__26561.invoke(middleware.clj:249)
	at reitit.ring$ring_handler$fn__7042.invoke(ring.cljc:388)
	at clojure.lang.AFn.applyToHelper(AFn.java:154)
	at clojure.lang.AFn.applyTo(AFn.java:144)
	at clojure.lang.AFunction$1.doInvoke(AFunction.java:33)
	at clojure.lang.RestFn.invoke(RestFn.java:411)
	at boundary.admin.shell.http$wrap_method_override$fn__26582.invoke(http.clj:57)
	at ring.middleware.params$wrap_params$fn__4637.invoke(params.clj:75)
	at ring.middleware.cookies$wrap_cookies$fn__4558.invoke(cookies.clj:198)
	at ecommerce.shared.http.middleware$wrap_json_body$fn__14039.invoke(middleware.clj:31)
	at ecommerce.shared.http.middleware$wrap_session_id$fn__14043.invoke(middleware.clj:44)
	at ecommerce.shared.http.middleware$wrap_cors$fn__14050.invoke(middleware.clj:82)
	at ring.middleware.resource$wrap_resource_prefer_resources$fn__4823.invoke(resource.clj:25)
	at ecommerce.shared.http.middleware$wrap_exception_handler$fn__14047.invoke(middleware.clj:57)
	at ecommerce.shared.http.middleware$wrap_request_logging$fn__14053.invoke(middleware.clj:94)
	at ring.adapter.jetty$proxy_handler$fn__4203.invoke(jetty.clj:115)
	at ring.adapter.jetty.proxy$org.eclipse.jetty.ee9.servlet.ServletHandler$ff19274a.doHandle(Unknown Source)
	at org.eclipse.jetty.ee9.nested.ScopedHandler.nextHandle(ScopedHandler.java:193)
	at org.eclipse.jetty.ee9.nested.ContextHandler.doHandle(ContextHandler.java:1041)
	at org.eclipse.jetty.ee9.nested.ScopedHandler.nextScope(ScopedHandler.java:162)
	at org.eclipse.jetty.ee9.servlet.ServletHandler.doScope(ServletHandler.java:483)
	at ring.adapter.jetty.proxy$org.eclipse.jetty.ee9.servlet.ServletHandler$ff19274a.doScope(Unknown Source)
	at org.eclipse.jetty.ee9.nested.ScopedHandler.nextScope(ScopedHandler.java:160)
	at org.eclipse.jetty.ee9.nested.ContextHandler.doScope(ContextHandler.java:962)
	at org.eclipse.jetty.ee9.nested.ScopedHandler.handle(ScopedHandler.java:123)
	at org.eclipse.jetty.ee9.nested.ContextHandler.handle(ContextHandler.java:1723)
	at org.eclipse.jetty.ee9.nested.HttpChannel$RequestDispatchable.dispatch(HttpChannel.java:1581)
	at org.eclipse.jetty.ee9.nested.HttpChannel.dispatch(HttpChannel.java:733)
	at org.eclipse.jetty.ee9.nested.HttpChannel.handle(HttpChannel.java:520)
	at org.eclipse.jetty.ee9.nested.ContextHandler$CoreContextHandler$CoreToNestedHandler.handle(ContextHandler.java:3048)
	at org.eclipse.jetty.server.handler.ContextHandler.handle(ContextHandler.java:1174)
	at org.eclipse.jetty.server.Server.handle(Server.java:182)
	at org.eclipse.jetty.server.internal.HttpChannelState$HandlerInvoker.run(HttpChannelState.java:682)
	at org.eclipse.jetty.server.internal.HttpConnection.onFillable(HttpConnection.java:411)
	at org.eclipse.jetty.server.internal.HttpConnection$FillableCallback.succeeded(HttpConnection.java:1819)
	at org.eclipse.jetty.io.FillInterest.fillable(FillInterest.java:99)
	at org.eclipse.jetty.io.SelectableChannelEndPoint$1.run(SelectableChannelEndPoint.java:54)
	at org.eclipse.jetty.util.thread.QueuedThreadPool.runJob(QueuedThreadPool.java:999)
	at org.eclipse.jetty.util.thread.QueuedThreadPool$Runner.doRunJob(QueuedThreadPool.java:1229)
	at org.eclipse.jetty.util.thread.QueuedThreadPool$Runner.run(QueuedThreadPool.java:1184)
	at java.base/java.lang.Thread.run(Thread.java:1474)
2026-03-20 09:20:51.780 [AUDIT] actor= resource= action= result= corr= tenant= - Authentication attempt {:email ff@ex.nl, :ip [0:0:0:0:0:0:0:1]}
2026-03-20 09:20:51.786 [AUDIT] actor= resource= action= result= corr= tenant= - Database operation successful: find-user-by-email {:email ff@ex.nl, :duration-ms 3.438541}
2026-03-20 09:20:52.048 [AUDIT] actor= resource= action= result= corr= tenant= - Database operation successful: find-sessions-by-user {:user-id #uuid "d5fa63dd-4d30-4f4f-9237-6df5ae005e6d", :duration-ms 1.131334}
2026-03-20 09:20:52.051 [AUDIT] actor= resource= action= result= corr= tenant= - Database operation successful: update-user {:user-entity {:role :admin, :updated-at nil, :email ff@ex.nl, :timezone nil, :notifications-sms false, :name Admin, :mfa-enabled-at nil, :avatar-url nil, :password-hash bcrypt+sha512$f156bffee13eda51163d4cfd3d2f8768$12$9403d44363e5899d396da8f96f76ce00ff141484abbbb11e, :mfa-backup-codes-used nil, :time-format nil, :last-login #object[java.time.Instant 0x3464c4ce 2026-03-20T08:20:51.781320Z], :lockout-until nil, :deleted-at nil, :notifications-push false, :date-format nil, :theme nil, :login-count 3, :language nil, :mfa-secret nil, :active true, :id #uuid "d5fa63dd-4d30-4f4f-9237-6df5ae005e6d", :failed-login-count 0, :notifications-email false, :mfa-backup-codes nil, :mfa-enabled nil, :created-at #object[java.time.Instant 0x39621e55 2026-03-20T05:53:14.552596Z], :tenant-id nil}, :duration-ms 2.44525}
2026-03-20 09:20:52.055 [AUDIT] actor= resource= action= result= corr= tenant= - Database operation successful: create-session {:session-entity {:user-id #uuid "d5fa63dd-4d30-4f4f-9237-6df5ae005e6d", :session-token ymDLwZV0ecICKXkGsAksmDkSFHuUZ42QqC3OLyQyrVU=, :expires-at #object[java.time.Instant 0x77e10554 2026-03-20T16:20:51.781320Z], :user-agent Mozilla/5.0 (Macintosh; Intel Mac OS X 10_15_7) AppleWebKit/605.1.15 (KHTML, like Gecko) Version/26.3.1 Safari/605.1.15, :ip-address [0:0:0:0:0:0:0:1]}, :duration-ms 1.3335}
2026-03-20 09:20:52.055 [AUDIT] actor= resource= action= result= corr= tenant= - Authentication successful {:email ff@ex.nl, :risk-score 25, :mfa-used nil, :session-duration 8}
2026-03-20 09:20:52.056 [AUDIT] actor= resource= action= result= corr= tenant= - Database operation successful: create-audit-log {:audit-entity {:actor-email ff@ex.nl, :user-agent Mozilla/5.0 (Macintosh; Intel Mac OS X 10_15_7) AppleWebKit/605.1.15 (KHTML, like Gecko) Version/26.3.1 Safari/605.1.15, :target-user-id #uuid "d5fa63dd-4d30-4f4f-9237-6df5ae005e6d", :actor-id #uuid "d5fa63dd-4d30-4f4f-9237-6df5ae005e6d", :result :success, :target-user-email ff@ex.nl, :action :login, :error-message nil, :ip-address [0:0:0:0:0:0:0:1]}, :duration-ms 0.715125}
2026-03-20 09:20:52.057 [AUDIT] actor= resource= action= result= corr= tenant= - Login attempt {:email ff@ex.nl, :authenticated true, :result-keys (:authenticated :user :session :session-token :jwt-token), :ip-address [0:0:0:0:0:0:0:1], :user-agent Mozilla/5.0 (Macintosh; Intel Mac OS X 10_15_7) AppleWebKit/605.1.15 (KHTML, like Gecko) Version/26.3.1 Safari/605.1.15}
2026-03-20 09:20:52.057 [AUDIT] actor= resource= action= result= corr= tenant= - Login successful, setting cookie and redirecting {:session-token ymDLwZV0ecICKXkGsAksmDkSFHuUZ42QqC3OLyQyrVU=, :session-token-type java.lang.String, :remember? false, :cookie-max-age nil, :return-to /web/admin/orders/table, :user-role :admin}
2026-03-20 09:20:52.061 [AUDIT] actor= resource= action= result= corr= tenant= - Processing authentication request {:uri /web/admin/orders/table, :method :get, :has-session true, :has-bearer false, :cookies (session-token Idea-2e373df0), :session-token-value ymDLwZV0}
2026-03-20 09:20:52.061 [AUDIT] actor= resource= action= result= corr= tenant= - Attempting session authentication {:token-preview ymDLwZV0}
2026-03-20 09:20:52.061 [AUDIT] actor= resource= action= result= corr= tenant= - Validating session token {:session-token ymDLwZV0ecICKXkGsAksmDkSFHuUZ42QqC3OLyQyrVU=, :uri /web/admin/orders/table}
2026-03-20 09:20:52.062 [AUDIT] actor= resource= action= result= corr= tenant= - Database operation successful: find-session-by-token {:session-token ymDLwZV0ecICKXkGsAksmDkSFHuUZ42QqC3OLyQyrVU=, :duration-ms 0.726083}
2026-03-20 09:20:52.063 [AUDIT] actor= resource= action= result= corr= tenant= - Database operation successful: update-session {:session-entity {:expires-at #object[java.time.Instant 0x32660d49 2026-03-20T16:20:51.781320Z], :user-agent Mozilla/5.0 (Macintosh; Intel Mac OS X 10_15_7) AppleWebKit/605.1.15 (KHTML, like Gecko) Version/26.3.1 Safari/605.1.15, :session-token ymDLwZV0ecICKXkGsAksmDkSFHuUZ42QqC3OLyQyrVU=, :user-id #uuid "d5fa63dd-4d30-4f4f-9237-6df5ae005e6d", :last-accessed-at #object[java.time.Instant 0x3ca1f575 2026-03-20T08:20:52.062519Z], :id #uuid "e12f2e6f-7726-41df-87b1-900fba57e3a7", :revoked-at nil, :created-at #object[java.time.Instant 0x389e6639 2026-03-20T08:20:52.054410Z], :ip-address [0:0:0:0:0:0:0:1]}, :duration-ms 1.114458}
2026-03-20 09:20:52.063 [AUDIT] actor= resource= action= result= corr= tenant= - Session validation successful {:user-id #uuid "d5fa63dd-4d30-4f4f-9237-6df5ae005e6d"}
2026-03-20 09:20:52.064 [AUDIT] actor= resource= action= result= corr= tenant= - Database operation successful: find-user-by-id {:user-id #uuid "d5fa63dd-4d30-4f4f-9237-6df5ae005e6d", :duration-ms 0.8335}
2026-03-20 09:20:52.065 [AUDIT] actor= resource= action= result= corr= tenant= - Session validation failed {:session-token clojure.lang.LazySeq@ac29d83a...}
clojure.lang.ExceptionInfo: Redirect to full page {:type :redirect, :location "/web/admin/orders", :status 303}
	at boundary.admin.shell.http$entity_table_fragment_handler$fn__26705.invoke(http.clj:543)
	at boundary.user.shell.middleware$session_authentication_middleware$fn__26545.invoke(middleware.clj:181)
	at boundary.user.shell.middleware$flexible_authentication_middleware$fn__26561.invoke(middleware.clj:249)
	at reitit.ring$ring_handler$fn__7042.invoke(ring.cljc:388)
	at clojure.lang.AFn.applyToHelper(AFn.java:154)
	at clojure.lang.AFn.applyTo(AFn.java:144)
	at clojure.lang.AFunction$1.doInvoke(AFunction.java:33)
	at clojure.lang.RestFn.invoke(RestFn.java:411)
	at boundary.admin.shell.http$wrap_method_override$fn__26582.invoke(http.clj:57)
	at ring.middleware.params$wrap_params$fn__4637.invoke(params.clj:75)
	at ring.middleware.cookies$wrap_cookies$fn__4558.invoke(cookies.clj:198)
	at ecommerce.shared.http.middleware$wrap_json_body$fn__14039.invoke(middleware.clj:31)
	at ecommerce.shared.http.middleware$wrap_session_id$fn__14043.invoke(middleware.clj:44)
	at ecommerce.shared.http.middleware$wrap_cors$fn__14050.invoke(middleware.clj:82)
	at ring.middleware.resource$wrap_resource_prefer_resources$fn__4823.invoke(resource.clj:25)
	at ecommerce.shared.http.middleware$wrap_exception_handler$fn__14047.invoke(middleware.clj:57)
	at ecommerce.shared.http.middleware$wrap_request_logging$fn__14053.invoke(middleware.clj:94)
	at ring.adapter.jetty$proxy_handler$fn__4203.invoke(jetty.clj:115)
	at ring.adapter.jetty.proxy$org.eclipse.jetty.ee9.servlet.ServletHandler$ff19274a.doHandle(Unknown Source)
	at org.eclipse.jetty.ee9.nested.ScopedHandler.nextHandle(ScopedHandler.java:193)
	at org.eclipse.jetty.ee9.nested.ContextHandler.doHandle(ContextHandler.java:1041)
	at org.eclipse.jetty.ee9.nested.ScopedHandler.nextScope(ScopedHandler.java:162)
	at org.eclipse.jetty.ee9.servlet.ServletHandler.doScope(ServletHandler.java:483)
	at ring.adapter.jetty.proxy$org.eclipse.jetty.ee9.servlet.ServletHandler$ff19274a.doScope(Unknown Source)
	at org.eclipse.jetty.ee9.nested.ScopedHandler.nextScope(ScopedHandler.java:160)
	at org.eclipse.jetty.ee9.nested.ContextHandler.doScope(ContextHandler.java:962)
	at org.eclipse.jetty.ee9.nested.ScopedHandler.handle(ScopedHandler.java:123)
	at org.eclipse.jetty.ee9.nested.ContextHandler.handle(ContextHandler.java:1723)
	at org.eclipse.jetty.ee9.nested.HttpChannel$RequestDispatchable.dispatch(HttpChannel.java:1581)
	at org.eclipse.jetty.ee9.nested.HttpChannel.dispatch(HttpChannel.java:733)
	at org.eclipse.jetty.ee9.nested.HttpChannel.handle(HttpChannel.java:520)
	at org.eclipse.jetty.ee9.nested.ContextHandler$CoreContextHandler$CoreToNestedHandler.handle(ContextHandler.java:3048)
	at org.eclipse.jetty.server.handler.ContextHandler.handle(ContextHandler.java:1174)
	at org.eclipse.jetty.server.Server.handle(Server.java:182)
	at org.eclipse.jetty.server.internal.HttpChannelState$HandlerInvoker.run(HttpChannelState.java:682)
	at org.eclipse.jetty.server.internal.HttpConnection.onFillable(HttpConnection.java:411)
	at org.eclipse.jetty.server.internal.HttpConnection$FillableCallback.succeeded(HttpConnection.java:1819)
	at org.eclipse.jetty.io.FillInterest.fillable(FillInterest.java:99)
	at org.eclipse.jetty.io.SelectableChannelEndPoint$1.run(SelectableChannelEndPoint.java:54)
	at org.eclipse.jetty.util.thread.strategy.AdaptiveExecutionStrategy.runTask(AdaptiveExecutionStrategy.java:521)
	at org.eclipse.jetty.util.thread.strategy.AdaptiveExecutionStrategy.epcRunTask(AdaptiveExecutionStrategy.java:492)
	at org.eclipse.jetty.util.thread.strategy.AdaptiveExecutionStrategy.consumeTask(AdaptiveExecutionStrategy.java:447)
	at org.eclipse.jetty.util.thread.strategy.AdaptiveExecutionStrategy.tryProduce(AdaptiveExecutionStrategy.java:297)
	at org.eclipse.jetty.util.thread.strategy.AdaptiveExecutionStrategy.run(AdaptiveExecutionStrategy.java:202)
	at org.eclipse.jetty.util.thread.ReservedThreadExecutor$ReservedThread.run(ReservedThreadExecutor.java:312)
	at org.eclipse.jetty.util.thread.QueuedThreadPool.runJob(QueuedThreadPool.java:999)
	at org.eclipse.jetty.util.thread.QueuedThreadPool$Runner.doRunJob(QueuedThreadPool.java:1229)
	at org.eclipse.jetty.util.thread.QueuedThreadPool$Runner.run(QueuedThreadPool.java:1184)
	at java.base/java.lang.Thread.run(Thread.java:1474)
2026-03-20 09:21:05.083 [AUDIT] actor= resource= action= result= corr= tenant= - Processing authentication request {:uri /web/admin/orders/4e9f13d4-ba12-4110-8648-1b82d7df63d9, :method :get, :has-session true, :has-bearer false, :cookies (session-token Idea-2e373df0), :session-token-value ymDLwZV0}
2026-03-20 09:21:05.087 [AUDIT] actor= resource= action= result= corr= tenant= - Attempting session authentication {:token-preview ymDLwZV0}
2026-03-20 09:21:05.087 [AUDIT] actor= resource= action= result= corr= tenant= - Validating session token {:session-token ymDLwZV0ecICKXkGsAksmDkSFHuUZ42QqC3OLyQyrVU=, :uri /web/admin/orders/4e9f13d4-ba12-4110-8648-1b82d7df63d9}
2026-03-20 09:21:05.091 [AUDIT] actor= resource= action= result= corr= tenant= - Database operation successful: find-session-by-token {:session-token ymDLwZV0ecICKXkGsAksmDkSFHuUZ42QqC3OLyQyrVU=, :duration-ms 3.651}
2026-03-20 09:21:05.093 [AUDIT] actor= resource= action= result= corr= tenant= - Database operation successful: update-session {:session-entity {:expires-at #object[java.time.Instant 0x7f92a9f1 2026-03-20T16:20:51.781320Z], :user-agent Mozilla/5.0 (Macintosh; Intel Mac OS X 10_15_7) AppleWebKit/605.1.15 (KHTML, like Gecko) Version/26.3.1 Safari/605.1.15, :session-token ymDLwZV0ecICKXkGsAksmDkSFHuUZ42QqC3OLyQyrVU=, :user-id #uuid "d5fa63dd-4d30-4f4f-9237-6df5ae005e6d", :last-accessed-at #object[java.time.Instant 0x4c2be12b 2026-03-20T08:21:05.092052Z], :id #uuid "e12f2e6f-7726-41df-87b1-900fba57e3a7", :revoked-at nil, :created-at #object[java.time.Instant 0x7cfe939 2026-03-20T08:20:52.054410Z], :ip-address [0:0:0:0:0:0:0:1]}, :duration-ms 0.923792}
2026-03-20 09:21:05.093 [AUDIT] actor= resource= action= result= corr= tenant= - Session validation successful {:user-id #uuid "d5fa63dd-4d30-4f4f-9237-6df5ae005e6d"}
2026-03-20 09:21:05.095 [AUDIT] actor= resource= action= result= corr= tenant= - Database operation successful: find-user-by-id {:user-id #uuid "d5fa63dd-4d30-4f4f-9237-6df5ae005e6d", :duration-ms 1.419458}
2026-03-20 09:21:05.105 [AUDIT] actor= resource= action= result= corr= tenant= - Database operation successful: admin-get-entity {:entity orders, :id #uuid "4e9f13d4-ba12-4110-8648-1b82d7df63d9", :duration-ms 2.629042}
2026-03-20 09:21:05.110 [AUDIT] actor= resource= action= result= corr= tenant= - Database operation successful: admin-list-related-entities {:parent-id 4e9f13d4-ba12-4110-8648-1b82d7df63d9, :entity order-items, :duration-ms 0.985834}
2026-03-20 09:21:10.027 [AUDIT] actor= resource= action= result= corr= tenant= - Processing authentication request {:uri /web/admin/order-items/11d3b951-f647-4c19-9633-02a3cc382711, :method :get, :has-session true, :has-bearer false, :cookies (session-token Idea-2e373df0), :session-token-value ymDLwZV0}
2026-03-20 09:21:10.028 [AUDIT] actor= resource= action= result= corr= tenant= - Attempting session authentication {:token-preview ymDLwZV0}
2026-03-20 09:21:10.028 [AUDIT] actor= resource= action= result= corr= tenant= - Validating session token {:session-token ymDLwZV0ecICKXkGsAksmDkSFHuUZ42QqC3OLyQyrVU=, :uri /web/admin/order-items/11d3b951-f647-4c19-9633-02a3cc382711}
2026-03-20 09:21:10.031 [AUDIT] actor= resource= action= result= corr= tenant= - Database operation successful: find-session-by-token {:session-token ymDLwZV0ecICKXkGsAksmDkSFHuUZ42QqC3OLyQyrVU=, :duration-ms 2.975}
2026-03-20 09:21:10.035 [AUDIT] actor= resource= action= result= corr= tenant= - Database operation successful: update-session {:session-entity {:expires-at #object[java.time.Instant 0x66861fe0 2026-03-20T16:20:51.781320Z], :user-agent Mozilla/5.0 (Macintosh; Intel Mac OS X 10_15_7) AppleWebKit/605.1.15 (KHTML, like Gecko) Version/26.3.1 Safari/605.1.15, :session-token ymDLwZV0ecICKXkGsAksmDkSFHuUZ42QqC3OLyQyrVU=, :user-id #uuid "d5fa63dd-4d30-4f4f-9237-6df5ae005e6d", :last-accessed-at #object[java.time.Instant 0x7519546 2026-03-20T08:21:10.032126Z], :id #uuid "e12f2e6f-7726-41df-87b1-900fba57e3a7", :revoked-at nil, :created-at #object[java.time.Instant 0x42585be0 2026-03-20T08:20:52.054410Z], :ip-address [0:0:0:0:0:0:0:1]}, :duration-ms 3.021959}
2026-03-20 09:21:10.036 [AUDIT] actor= resource= action= result= corr= tenant= - Session validation successful {:user-id #uuid "d5fa63dd-4d30-4f4f-9237-6df5ae005e6d"}
2026-03-20 09:21:10.038 [AUDIT] actor= resource= action= result= corr= tenant= - Database operation successful: find-user-by-id {:user-id #uuid "d5fa63dd-4d30-4f4f-9237-6df5ae005e6d", :duration-ms 1.7715}
2026-03-20 09:21:10.040 [AUDIT] actor= resource= action= result= corr= tenant= - Database operation successful: admin-get-entity {:entity order-items, :id #uuid "11d3b951-f647-4c19-9633-02a3cc382711", :duration-ms 1.19}
2026-03-20 09:21:13.349 [AUDIT] actor= resource= action= result= corr= tenant= - Processing authentication request {:uri /web/admin/order-items, :method :get, :has-session true, :has-bearer false, :cookies (session-token Idea-2e373df0), :session-token-value ymDLwZV0}
2026-03-20 09:21:13.351 [AUDIT] actor= resource= action= result= corr= tenant= - Attempting session authentication {:token-preview ymDLwZV0}
2026-03-20 09:21:13.351 [AUDIT] actor= resource= action= result= corr= tenant= - Validating session token {:session-token ymDLwZV0ecICKXkGsAksmDkSFHuUZ42QqC3OLyQyrVU=, :uri /web/admin/order-items}
2026-03-20 09:21:13.354 [AUDIT] actor= resource= action= result= corr= tenant= - Database operation successful: find-session-by-token {:session-token ymDLwZV0ecICKXkGsAksmDkSFHuUZ42QqC3OLyQyrVU=, :duration-ms 2.160416}
2026-03-20 09:21:13.355 [AUDIT] actor= resource= action= result= corr= tenant= - Database operation successful: update-session {:session-entity {:expires-at #object[java.time.Instant 0x5feceb46 2026-03-20T16:20:51.781320Z], :user-agent Mozilla/5.0 (Macintosh; Intel Mac OS X 10_15_7) AppleWebKit/605.1.15 (KHTML, like Gecko) Version/26.3.1 Safari/605.1.15, :session-token ymDLwZV0ecICKXkGsAksmDkSFHuUZ42QqC3OLyQyrVU=, :user-id #uuid "d5fa63dd-4d30-4f4f-9237-6df5ae005e6d", :last-accessed-at #object[java.time.Instant 0x7222d0c8 2026-03-20T08:21:13.354337Z], :id #uuid "e12f2e6f-7726-41df-87b1-900fba57e3a7", :revoked-at nil, :created-at #object[java.time.Instant 0x308005e0 2026-03-20T08:20:52.054410Z], :ip-address [0:0:0:0:0:0:0:1]}, :duration-ms 1.009416}
2026-03-20 09:21:13.355 [AUDIT] actor= resource= action= result= corr= tenant= - Session validation successful {:user-id #uuid "d5fa63dd-4d30-4f4f-9237-6df5ae005e6d"}
2026-03-20 09:21:13.357 [AUDIT] actor= resource= action= result= corr= tenant= - Database operation successful: find-user-by-id {:user-id #uuid "d5fa63dd-4d30-4f4f-9237-6df5ae005e6d", :duration-ms 1.212041}
2026-03-20 09:21:13.361 [AUDIT] actor= resource= action= result= corr= tenant= - Database operation successful: admin-list-entities {:entity order-items, :limit nil, :offset nil, :duration-ms 2.331084}
2026-03-20 09:21:17.322 [AUDIT] actor= resource= action= result= corr= tenant= - Processing authentication request {:uri /web/admin/order-items/11d3b951-f647-4c19-9633-02a3cc382711, :method :get, :has-session true, :has-bearer false, :cookies (session-token Idea-2e373df0), :session-token-value ymDLwZV0}
2026-03-20 09:21:17.323 [AUDIT] actor= resource= action= result= corr= tenant= - Attempting session authentication {:token-preview ymDLwZV0}
2026-03-20 09:21:17.323 [AUDIT] actor= resource= action= result= corr= tenant= - Validating session token {:session-token ymDLwZV0ecICKXkGsAksmDkSFHuUZ42QqC3OLyQyrVU=, :uri /web/admin/order-items/11d3b951-f647-4c19-9633-02a3cc382711}
2026-03-20 09:21:17.329 [AUDIT] actor= resource= action= result= corr= tenant= - Database operation successful: find-session-by-token {:session-token ymDLwZV0ecICKXkGsAksmDkSFHuUZ42QqC3OLyQyrVU=, :duration-ms 5.428042}
2026-03-20 09:21:17.331 [AUDIT] actor= resource= action= result= corr= tenant= - Database operation successful: update-session {:session-entity {:expires-at #object[java.time.Instant 0x7396c456 2026-03-20T16:20:51.781320Z], :user-agent Mozilla/5.0 (Macintosh; Intel Mac OS X 10_15_7) AppleWebKit/605.1.15 (KHTML, like Gecko) Version/26.3.1 Safari/605.1.15, :session-token ymDLwZV0ecICKXkGsAksmDkSFHuUZ42QqC3OLyQyrVU=, :user-id #uuid "d5fa63dd-4d30-4f4f-9237-6df5ae005e6d", :last-accessed-at #object[java.time.Instant 0x3ae64d04 2026-03-20T08:21:17.329505Z], :id #uuid "e12f2e6f-7726-41df-87b1-900fba57e3a7", :revoked-at nil, :created-at #object[java.time.Instant 0x7a297dae 2026-03-20T08:20:52.054410Z], :ip-address [0:0:0:0:0:0:0:1]}, :duration-ms 1.33125}
2026-03-20 09:21:17.331 [AUDIT] actor= resource= action= result= corr= tenant= - Session validation successful {:user-id #uuid "d5fa63dd-4d30-4f4f-9237-6df5ae005e6d"}
2026-03-20 09:21:17.333 [AUDIT] actor= resource= action= result= corr= tenant= - Database operation successful: find-user-by-id {:user-id #uuid "d5fa63dd-4d30-4f4f-9237-6df5ae005e6d", :duration-ms 1.459666}
2026-03-20 09:21:17.334 [AUDIT] actor= resource= action= result= corr= tenant= - Database operation successful: admin-get-entity {:entity order-items, :id #uuid "11d3b951-f647-4c19-9633-02a3cc382711", :duration-ms 0.998542}
2026-03-20 09:21:21.894 [AUDIT] actor= resource= action= result= corr= tenant= - Processing authentication request {:uri /web/admin/orders, :method :get, :has-session true, :has-bearer false, :cookies (session-token Idea-2e373df0), :session-token-value ymDLwZV0}
2026-03-20 09:21:21.894 [AUDIT] actor= resource= action= result= corr= tenant= - Attempting session authentication {:token-preview ymDLwZV0}
2026-03-20 09:21:21.894 [AUDIT] actor= resource= action= result= corr= tenant= - Validating session token {:session-token ymDLwZV0ecICKXkGsAksmDkSFHuUZ42QqC3OLyQyrVU=, :uri /web/admin/orders}
2026-03-20 09:21:21.897 [AUDIT] actor= resource= action= result= corr= tenant= - Database operation successful: find-session-by-token {:session-token ymDLwZV0ecICKXkGsAksmDkSFHuUZ42QqC3OLyQyrVU=, :duration-ms 1.655166}
2026-03-20 09:21:21.898 [AUDIT] actor= resource= action= result= corr= tenant= - Database operation successful: update-session {:session-entity {:expires-at #object[java.time.Instant 0x7f62bd07 2026-03-20T16:20:51.781320Z], :user-agent Mozilla/5.0 (Macintosh; Intel Mac OS X 10_15_7) AppleWebKit/605.1.15 (KHTML, like Gecko) Version/26.3.1 Safari/605.1.15, :session-token ymDLwZV0ecICKXkGsAksmDkSFHuUZ42QqC3OLyQyrVU=, :user-id #uuid "d5fa63dd-4d30-4f4f-9237-6df5ae005e6d", :last-accessed-at #object[java.time.Instant 0xf4c78e6 2026-03-20T08:21:21.897351Z], :id #uuid "e12f2e6f-7726-41df-87b1-900fba57e3a7", :revoked-at nil, :created-at #object[java.time.Instant 0x52f5bb98 2026-03-20T08:20:52.054410Z], :ip-address [0:0:0:0:0:0:0:1]}, :duration-ms 0.922833}
2026-03-20 09:21:21.898 [AUDIT] actor= resource= action= result= corr= tenant= - Session validation successful {:user-id #uuid "d5fa63dd-4d30-4f4f-9237-6df5ae005e6d"}
2026-03-20 09:21:21.901 [AUDIT] actor= resource= action= result= corr= tenant= - Database operation successful: find-user-by-id {:user-id #uuid "d5fa63dd-4d30-4f4f-9237-6df5ae005e6d", :duration-ms 2.008333}
2026-03-20 09:21:21.905 [AUDIT] actor= resource= action= result= corr= tenant= - Database operation successful: admin-list-entities {:entity orders, :limit nil, :offset nil, :duration-ms 2.833042}
2026-03-20 09:21:26.077 [AUDIT] actor= resource= action= result= corr= tenant= - Processing authentication request {:uri /web/admin/orders, :method :get, :has-session true, :has-bearer false, :cookies (session-token Idea-2e373df0), :session-token-value ymDLwZV0}
2026-03-20 09:21:26.083 [AUDIT] actor= resource= action= result= corr= tenant= - Attempting session authentication {:token-preview ymDLwZV0}
2026-03-20 09:21:26.083 [AUDIT] actor= resource= action= result= corr= tenant= - Validating session token {:session-token ymDLwZV0ecICKXkGsAksmDkSFHuUZ42QqC3OLyQyrVU=, :uri /web/admin/orders}
2026-03-20 09:21:26.085 [AUDIT] actor= resource= action= result= corr= tenant= - Database operation successful: find-session-by-token {:session-token ymDLwZV0ecICKXkGsAksmDkSFHuUZ42QqC3OLyQyrVU=, :duration-ms 2.268791}
2026-03-20 09:21:26.087 [AUDIT] actor= resource= action= result= corr= tenant= - Database operation successful: update-session {:session-entity {:expires-at #object[java.time.Instant 0x6b6c868 2026-03-20T16:20:51.781320Z], :user-agent Mozilla/5.0 (Macintosh; Intel Mac OS X 10_15_7) AppleWebKit/605.1.15 (KHTML, like Gecko) Version/26.3.1 Safari/605.1.15, :session-token ymDLwZV0ecICKXkGsAksmDkSFHuUZ42QqC3OLyQyrVU=, :user-id #uuid "d5fa63dd-4d30-4f4f-9237-6df5ae005e6d", :last-accessed-at #object[java.time.Instant 0x6c56c73c 2026-03-20T08:21:26.086102Z], :id #uuid "e12f2e6f-7726-41df-87b1-900fba57e3a7", :revoked-at nil, :created-at #object[java.time.Instant 0xb10918 2026-03-20T08:20:52.054410Z], :ip-address [0:0:0:0:0:0:0:1]}, :duration-ms 0.784208}
2026-03-20 09:21:26.087 [AUDIT] actor= resource= action= result= corr= tenant= - Session validation successful {:user-id #uuid "d5fa63dd-4d30-4f4f-9237-6df5ae005e6d"}
2026-03-20 09:21:26.089 [AUDIT] actor= resource= action= result= corr= tenant= - Database operation successful: find-user-by-id {:user-id #uuid "d5fa63dd-4d30-4f4f-9237-6df5ae005e6d", :duration-ms 1.712792}
2026-03-20 09:21:26.093 [AUDIT] actor= resource= action= result= corr= tenant= - Database operation successful: admin-list-entities {:entity orders, :limit nil, :offset nil, :duration-ms 2.429417}
2026-03-20 09:21:28.886 [AUDIT] actor= resource= action= result= corr= tenant= - Processing authentication request {:uri /web/admin/orders/4e9f13d4-ba12-4110-8648-1b82d7df63d9, :method :get, :has-session true, :has-bearer false, :cookies (session-token Idea-2e373df0), :session-token-value ymDLwZV0}
2026-03-20 09:21:28.886 [AUDIT] actor= resource= action= result= corr= tenant= - Attempting session authentication {:token-preview ymDLwZV0}
2026-03-20 09:21:28.886 [AUDIT] actor= resource= action= result= corr= tenant= - Validating session token {:session-token ymDLwZV0ecICKXkGsAksmDkSFHuUZ42QqC3OLyQyrVU=, :uri /web/admin/orders/4e9f13d4-ba12-4110-8648-1b82d7df63d9}
2026-03-20 09:21:28.889 [AUDIT] actor= resource= action= result= corr= tenant= - Database operation successful: find-session-by-token {:session-token ymDLwZV0ecICKXkGsAksmDkSFHuUZ42QqC3OLyQyrVU=, :duration-ms 2.037833}
2026-03-20 09:21:28.890 [AUDIT] actor= resource= action= result= corr= tenant= - Database operation successful: update-session {:session-entity {:expires-at #object[java.time.Instant 0x34f0d823 2026-03-20T16:20:51.781320Z], :user-agent Mozilla/5.0 (Macintosh; Intel Mac OS X 10_15_7) AppleWebKit/605.1.15 (KHTML, like Gecko) Version/26.3.1 Safari/605.1.15, :session-token ymDLwZV0ecICKXkGsAksmDkSFHuUZ42QqC3OLyQyrVU=, :user-id #uuid "d5fa63dd-4d30-4f4f-9237-6df5ae005e6d", :last-accessed-at #object[java.time.Instant 0x71811e9f 2026-03-20T08:21:28.889248Z], :id #uuid "e12f2e6f-7726-41df-87b1-900fba57e3a7", :revoked-at nil, :created-at #object[java.time.Instant 0x7987e3c6 2026-03-20T08:20:52.054410Z], :ip-address [0:0:0:0:0:0:0:1]}, :duration-ms 0.579083}
2026-03-20 09:21:28.890 [AUDIT] actor= resource= action= result= corr= tenant= - Session validation successful {:user-id #uuid "d5fa63dd-4d30-4f4f-9237-6df5ae005e6d"}
2026-03-20 09:21:28.891 [AUDIT] actor= resource= action= result= corr= tenant= - Database operation successful: find-user-by-id {:user-id #uuid "d5fa63dd-4d30-4f4f-9237-6df5ae005e6d", :duration-ms 1.596791}
2026-03-20 09:21:28.895 [AUDIT] actor= resource= action= result= corr= tenant= - Database operation successful: admin-get-entity {:entity orders, :id #uuid "4e9f13d4-ba12-4110-8648-1b82d7df63d9", :duration-ms 1.80125}
2026-03-20 09:21:28.898 [AUDIT] actor= resource= action= result= corr= tenant= - Database operation successful: admin-list-related-entities {:parent-id 4e9f13d4-ba12-4110-8648-1b82d7df63d9, :entity order-items, :duration-ms 0.469541}
2026-03-20 09:21:33.579 [AUDIT] actor= resource= action= result= corr= tenant= - Processing authentication request {:uri /web/admin/order-items/11d3b951-f647-4c19-9633-02a3cc382711, :method :get, :has-session true, :has-bearer false, :cookies (session-token Idea-2e373df0), :session-token-value ymDLwZV0}
2026-03-20 09:21:33.580 [AUDIT] actor= resource= action= result= corr= tenant= - Attempting session authentication {:token-preview ymDLwZV0}
2026-03-20 09:21:33.580 [AUDIT] actor= resource= action= result= corr= tenant= - Validating session token {:session-token ymDLwZV0ecICKXkGsAksmDkSFHuUZ42QqC3OLyQyrVU=, :uri /web/admin/order-items/11d3b951-f647-4c19-9633-02a3cc382711}
2026-03-20 09:21:33.582 [AUDIT] actor= resource= action= result= corr= tenant= - Database operation successful: find-session-by-token {:session-token ymDLwZV0ecICKXkGsAksmDkSFHuUZ42QqC3OLyQyrVU=, :duration-ms 1.731125}
2026-03-20 09:21:33.583 [AUDIT] actor= resource= action= result= corr= tenant= - Database operation successful: update-session {:session-entity {:expires-at #object[java.time.Instant 0x48722555 2026-03-20T16:20:51.781320Z], :user-agent Mozilla/5.0 (Macintosh; Intel Mac OS X 10_15_7) AppleWebKit/605.1.15 (KHTML, like Gecko) Version/26.3.1 Safari/605.1.15, :session-token ymDLwZV0ecICKXkGsAksmDkSFHuUZ42QqC3OLyQyrVU=, :user-id #uuid "d5fa63dd-4d30-4f4f-9237-6df5ae005e6d", :last-accessed-at #object[java.time.Instant 0x7af1ddb8 2026-03-20T08:21:33.582707Z], :id #uuid "e12f2e6f-7726-41df-87b1-900fba57e3a7", :revoked-at nil, :created-at #object[java.time.Instant 0x37d519f 2026-03-20T08:20:52.054410Z], :ip-address [0:0:0:0:0:0:0:1]}, :duration-ms 0.580167}
2026-03-20 09:21:33.583 [AUDIT] actor= resource= action= result= corr= tenant= - Session validation successful {:user-id #uuid "d5fa63dd-4d30-4f4f-9237-6df5ae005e6d"}
2026-03-20 09:21:33.585 [AUDIT] actor= resource= action= result= corr= tenant= - Database operation successful: find-user-by-id {:user-id #uuid "d5fa63dd-4d30-4f4f-9237-6df5ae005e6d", :duration-ms 1.384875}
2026-03-20 09:21:33.587 [AUDIT] actor= resource= action= result= corr= tenant= - Database operation successful: admin-get-entity {:entity order-items, :id #uuid "11d3b951-f647-4c19-9633-02a3cc382711", :duration-ms 1.097625}
2026-03-20 09:21:42.216 [AUDIT] actor= resource= action= result= corr= tenant= - Processing authentication request {:uri /web/admin/orders, :method :get, :has-session true, :has-bearer false, :cookies (session-token Idea-2e373df0), :session-token-value ymDLwZV0}
2026-03-20 09:21:42.217 [AUDIT] actor= resource= action= result= corr= tenant= - Attempting session authentication {:token-preview ymDLwZV0}
2026-03-20 09:21:42.217 [AUDIT] actor= resource= action= result= corr= tenant= - Validating session token {:session-token ymDLwZV0ecICKXkGsAksmDkSFHuUZ42QqC3OLyQyrVU=, :uri /web/admin/orders}
2026-03-20 09:21:42.219 [AUDIT] actor= resource= action= result= corr= tenant= - Database operation successful: find-session-by-token {:session-token ymDLwZV0ecICKXkGsAksmDkSFHuUZ42QqC3OLyQyrVU=, :duration-ms 2.123333}
2026-03-20 09:21:42.221 [AUDIT] actor= resource= action= result= corr= tenant= - Database operation successful: update-session {:session-entity {:expires-at #object[java.time.Instant 0x7fe75bed 2026-03-20T16:20:51.781320Z], :user-agent Mozilla/5.0 (Macintosh; Intel Mac OS X 10_15_7) AppleWebKit/605.1.15 (KHTML, like Gecko) Version/26.3.1 Safari/605.1.15, :session-token ymDLwZV0ecICKXkGsAksmDkSFHuUZ42QqC3OLyQyrVU=, :user-id #uuid "d5fa63dd-4d30-4f4f-9237-6df5ae005e6d", :last-accessed-at #object[java.time.Instant 0x4fa229f1 2026-03-20T08:21:42.220216Z], :id #uuid "e12f2e6f-7726-41df-87b1-900fba57e3a7", :revoked-at nil, :created-at #object[java.time.Instant 0x1517781e 2026-03-20T08:20:52.054410Z], :ip-address [0:0:0:0:0:0:0:1]}, :duration-ms 0.824667}
2026-03-20 09:21:42.221 [AUDIT] actor= resource= action= result= corr= tenant= - Session validation successful {:user-id #uuid "d5fa63dd-4d30-4f4f-9237-6df5ae005e6d"}
2026-03-20 09:21:42.222 [AUDIT] actor= resource= action= result= corr= tenant= - Database operation successful: find-user-by-id {:user-id #uuid "d5fa63dd-4d30-4f4f-9237-6df5ae005e6d", :duration-ms 1.083166}
2026-03-20 09:21:42.226 [AUDIT] actor= resource= action= result= corr= tenant= - Database operation successful: admin-list-entities {:entity orders, :limit nil, :offset nil, :duration-ms 1.5895}
2026-03-20 09:21:48.784 [AUDIT] actor= resource= action= result= corr= tenant= - Processing authentication request {:uri /web/admin/order-items, :method :get, :has-session true, :has-bearer false, :cookies (session-token Idea-2e373df0), :session-token-value ymDLwZV0}
2026-03-20 09:21:48.784 [AUDIT] actor= resource= action= result= corr= tenant= - Attempting session authentication {:token-preview ymDLwZV0}
2026-03-20 09:21:48.784 [AUDIT] actor= resource= action= result= corr= tenant= - Validating session token {:session-token ymDLwZV0ecICKXkGsAksmDkSFHuUZ42QqC3OLyQyrVU=, :uri /web/admin/order-items}
2026-03-20 09:21:48.786 [AUDIT] actor= resource= action= result= corr= tenant= - Database operation successful: find-session-by-token {:session-token ymDLwZV0ecICKXkGsAksmDkSFHuUZ42QqC3OLyQyrVU=, :duration-ms 2.096625}
2026-03-20 09:21:48.788 [AUDIT] actor= resource= action= result= corr= tenant= - Database operation successful: update-session {:session-entity {:expires-at #object[java.time.Instant 0x1d664a6d 2026-03-20T16:20:51.781320Z], :user-agent Mozilla/5.0 (Macintosh; Intel Mac OS X 10_15_7) AppleWebKit/605.1.15 (KHTML, like Gecko) Version/26.3.1 Safari/605.1.15, :session-token ymDLwZV0ecICKXkGsAksmDkSFHuUZ42QqC3OLyQyrVU=, :user-id #uuid "d5fa63dd-4d30-4f4f-9237-6df5ae005e6d", :last-accessed-at #object[java.time.Instant 0x581b521f 2026-03-20T08:21:48.787130Z], :id #uuid "e12f2e6f-7726-41df-87b1-900fba57e3a7", :revoked-at nil, :created-at #object[java.time.Instant 0x628054c 2026-03-20T08:20:52.054410Z], :ip-address [0:0:0:0:0:0:0:1]}, :duration-ms 0.771875}
2026-03-20 09:21:48.788 [AUDIT] actor= resource= action= result= corr= tenant= - Session validation successful {:user-id #uuid "d5fa63dd-4d30-4f4f-9237-6df5ae005e6d"}
2026-03-20 09:21:48.790 [AUDIT] actor= resource= action= result= corr= tenant= - Database operation successful: find-user-by-id {:user-id #uuid "d5fa63dd-4d30-4f4f-9237-6df5ae005e6d", :duration-ms 1.599875}
2026-03-20 09:21:48.793 [AUDIT] actor= resource= action= result= corr= tenant= - Database operation successful: admin-list-entities {:entity order-items, :limit nil, :offset nil, :duration-ms 1.58675}
2026-03-20 09:21:49.910 [AUDIT] actor= resource= action= result= corr= tenant= - Processing authentication request {:uri /web/admin/products, :method :get, :has-session true, :has-bearer false, :cookies (session-token Idea-2e373df0), :session-token-value ymDLwZV0}
2026-03-20 09:21:49.911 [AUDIT] actor= resource= action= result= corr= tenant= - Attempting session authentication {:token-preview ymDLwZV0}
2026-03-20 09:21:49.911 [AUDIT] actor= resource= action= result= corr= tenant= - Validating session token {:session-token ymDLwZV0ecICKXkGsAksmDkSFHuUZ42QqC3OLyQyrVU=, :uri /web/admin/products}
2026-03-20 09:21:49.913 [AUDIT] actor= resource= action= result= corr= tenant= - Database operation successful: find-session-by-token {:session-token ymDLwZV0ecICKXkGsAksmDkSFHuUZ42QqC3OLyQyrVU=, :duration-ms 1.630208}
2026-03-20 09:21:49.914 [AUDIT] actor= resource= action= result= corr= tenant= - Database operation successful: update-session {:session-entity {:expires-at #object[java.time.Instant 0x45a21be5 2026-03-20T16:20:51.781320Z], :user-agent Mozilla/5.0 (Macintosh; Intel Mac OS X 10_15_7) AppleWebKit/605.1.15 (KHTML, like Gecko) Version/26.3.1 Safari/605.1.15, :session-token ymDLwZV0ecICKXkGsAksmDkSFHuUZ42QqC3OLyQyrVU=, :user-id #uuid "d5fa63dd-4d30-4f4f-9237-6df5ae005e6d", :last-accessed-at #object[java.time.Instant 0x1c23c689 2026-03-20T08:21:49.913366Z], :id #uuid "e12f2e6f-7726-41df-87b1-900fba57e3a7", :revoked-at nil, :created-at #object[java.time.Instant 0x684bd4a8 2026-03-20T08:20:52.054410Z], :ip-address [0:0:0:0:0:0:0:1]}, :duration-ms 0.517209}
2026-03-20 09:21:49.914 [AUDIT] actor= resource= action= result= corr= tenant= - Session validation successful {:user-id #uuid "d5fa63dd-4d30-4f4f-9237-6df5ae005e6d"}
2026-03-20 09:21:49.916 [AUDIT] actor= resource= action= result= corr= tenant= - Database operation successful: find-user-by-id {:user-id #uuid "d5fa63dd-4d30-4f4f-9237-6df5ae005e6d", :duration-ms 1.758542}
2026-03-20 09:21:49.918 [AUDIT] actor= resource= action= result= corr= tenant= - Database operation successful: admin-list-entities {:entity products, :limit nil, :offset nil, :duration-ms 1.700167}
2026-03-20 09:21:51.101 [AUDIT] actor= resource= action= result= corr= tenant= - Processing authentication request {:uri /web/admin/order-items, :method :get, :has-session true, :has-bearer false, :cookies (session-token Idea-2e373df0), :session-token-value ymDLwZV0}
2026-03-20 09:21:51.102 [AUDIT] actor= resource= action= result= corr= tenant= - Attempting session authentication {:token-preview ymDLwZV0}
2026-03-20 09:21:51.102 [AUDIT] actor= resource= action= result= corr= tenant= - Validating session token {:session-token ymDLwZV0ecICKXkGsAksmDkSFHuUZ42QqC3OLyQyrVU=, :uri /web/admin/order-items}
2026-03-20 09:21:51.104 [AUDIT] actor= resource= action= result= corr= tenant= - Database operation successful: find-session-by-token {:session-token ymDLwZV0ecICKXkGsAksmDkSFHuUZ42QqC3OLyQyrVU=, :duration-ms 1.730291}
2026-03-20 09:21:51.106 [AUDIT] actor= resource= action= result= corr= tenant= - Database operation successful: update-session {:session-entity {:expires-at #object[java.time.Instant 0x28515a1f 2026-03-20T16:20:51.781320Z], :user-agent Mozilla/5.0 (Macintosh; Intel Mac OS X 10_15_7) AppleWebKit/605.1.15 (KHTML, like Gecko) Version/26.3.1 Safari/605.1.15, :session-token ymDLwZV0ecICKXkGsAksmDkSFHuUZ42QqC3OLyQyrVU=, :user-id #uuid "d5fa63dd-4d30-4f4f-9237-6df5ae005e6d", :last-accessed-at #object[java.time.Instant 0x7cb585a 2026-03-20T08:21:51.104611Z], :id #uuid "e12f2e6f-7726-41df-87b1-900fba57e3a7", :revoked-at nil, :created-at #object[java.time.Instant 0x5427916 2026-03-20T08:20:52.054410Z], :ip-address [0:0:0:0:0:0:0:1]}, :duration-ms 1.081417}
2026-03-20 09:21:51.106 [AUDIT] actor= resource= action= result= corr= tenant= - Session validation successful {:user-id #uuid "d5fa63dd-4d30-4f4f-9237-6df5ae005e6d"}
2026-03-20 09:21:51.108 [AUDIT] actor= resource= action= result= corr= tenant= - Database operation successful: find-user-by-id {:user-id #uuid "d5fa63dd-4d30-4f4f-9237-6df5ae005e6d", :duration-ms 1.406208}
2026-03-20 09:21:51.109 [AUDIT] actor= resource= action= result= corr= tenant= - Database operation successful: admin-list-entities {:entity order-items, :limit nil, :offset nil, :duration-ms 0.610042}
2026-03-20 09:21:52.816 [AUDIT] actor= resource= action= result= corr= tenant= - Processing authentication request {:uri /web/admin/orders, :method :get, :has-session true, :has-bearer false, :cookies (session-token Idea-2e373df0), :session-token-value ymDLwZV0}
2026-03-20 09:21:52.817 [AUDIT] actor= resource= action= result= corr= tenant= - Attempting session authentication {:token-preview ymDLwZV0}
2026-03-20 09:21:52.817 [AUDIT] actor= resource= action= result= corr= tenant= - Validating session token {:session-token ymDLwZV0ecICKXkGsAksmDkSFHuUZ42QqC3OLyQyrVU=, :uri /web/admin/orders}
2026-03-20 09:21:52.818 [AUDIT] actor= resource= action= result= corr= tenant= - Database operation successful: find-session-by-token {:session-token ymDLwZV0ecICKXkGsAksmDkSFHuUZ42QqC3OLyQyrVU=, :duration-ms 1.131292}
2026-03-20 09:21:52.819 [AUDIT] actor= resource= action= result= corr= tenant= - Database operation successful: update-session {:session-entity {:expires-at #object[java.time.Instant 0x1539197 2026-03-20T16:20:51.781320Z], :user-agent Mozilla/5.0 (Macintosh; Intel Mac OS X 10_15_7) AppleWebKit/605.1.15 (KHTML, like Gecko) Version/26.3.1 Safari/605.1.15, :session-token ymDLwZV0ecICKXkGsAksmDkSFHuUZ42QqC3OLyQyrVU=, :user-id #uuid "d5fa63dd-4d30-4f4f-9237-6df5ae005e6d", :last-accessed-at #object[java.time.Instant 0x547bdf6b 2026-03-20T08:21:52.818704Z], :id #uuid "e12f2e6f-7726-41df-87b1-900fba57e3a7", :revoked-at nil, :created-at #object[java.time.Instant 0x56ee4ce3 2026-03-20T08:20:52.054410Z], :ip-address [0:0:0:0:0:0:0:1]}, :duration-ms 0.496959}
2026-03-20 09:21:52.819 [AUDIT] actor= resource= action= result= corr= tenant= - Session validation successful {:user-id #uuid "d5fa63dd-4d30-4f4f-9237-6df5ae005e6d"}
2026-03-20 09:21:52.820 [AUDIT] actor= resource= action= result= corr= tenant= - Database operation successful: find-user-by-id {:user-id #uuid "d5fa63dd-4d30-4f4f-9237-6df5ae005e6d", :duration-ms 0.5395}
2026-03-20 09:21:52.821 [AUDIT] actor= resource= action= result= corr= tenant= - Database operation successful: admin-list-entities {:entity orders, :limit nil, :offset nil, :duration-ms 0.676125}
2026-03-20 09:22:00.944 [AUDIT] actor= resource= action= result= corr= tenant= - Processing authentication request {:uri /web/admin/orders/4e9f13d4-ba12-4110-8648-1b82d7df63d9, :method :get, :has-session true, :has-bearer false, :cookies (session-token Idea-2e373df0), :session-token-value ymDLwZV0}
2026-03-20 09:22:00.944 [AUDIT] actor= resource= action= result= corr= tenant= - Attempting session authentication {:token-preview ymDLwZV0}
2026-03-20 09:22:00.945 [AUDIT] actor= resource= action= result= corr= tenant= - Validating session token {:session-token ymDLwZV0ecICKXkGsAksmDkSFHuUZ42QqC3OLyQyrVU=, :uri /web/admin/orders/4e9f13d4-ba12-4110-8648-1b82d7df63d9}
2026-03-20 09:22:00.947 [AUDIT] actor= resource= action= result= corr= tenant= - Database operation successful: find-session-by-token {:session-token ymDLwZV0ecICKXkGsAksmDkSFHuUZ42QqC3OLyQyrVU=, :duration-ms 1.999334}
2026-03-20 09:22:00.948 [AUDIT] actor= resource= action= result= corr= tenant= - Database operation successful: update-session {:session-entity {:expires-at #object[java.time.Instant 0x60b62c02 2026-03-20T16:20:51.781320Z], :user-agent Mozilla/5.0 (Macintosh; Intel Mac OS X 10_15_7) AppleWebKit/605.1.15 (KHTML, like Gecko) Version/26.3.1 Safari/605.1.15, :session-token ymDLwZV0ecICKXkGsAksmDkSFHuUZ42QqC3OLyQyrVU=, :user-id #uuid "d5fa63dd-4d30-4f4f-9237-6df5ae005e6d", :last-accessed-at #object[java.time.Instant 0x7df4d6aa 2026-03-20T08:22:00.947752Z], :id #uuid "e12f2e6f-7726-41df-87b1-900fba57e3a7", :revoked-at nil, :created-at #object[java.time.Instant 0x77fecef8 2026-03-20T08:20:52.054410Z], :ip-address [0:0:0:0:0:0:0:1]}, :duration-ms 0.550833}
2026-03-20 09:22:00.948 [AUDIT] actor= resource= action= result= corr= tenant= - Session validation successful {:user-id #uuid "d5fa63dd-4d30-4f4f-9237-6df5ae005e6d"}
2026-03-20 09:22:00.950 [AUDIT] actor= resource= action= result= corr= tenant= - Database operation successful: find-user-by-id {:user-id #uuid "d5fa63dd-4d30-4f4f-9237-6df5ae005e6d", :duration-ms 1.01775}
2026-03-20 09:22:00.951 [AUDIT] actor= resource= action= result= corr= tenant= - Database operation successful: admin-get-entity {:entity orders, :id #uuid "4e9f13d4-ba12-4110-8648-1b82d7df63d9", :duration-ms 0.665334}
2026-03-20 09:22:00.952 [AUDIT] actor= resource= action= result= corr= tenant= - Database operation successful: admin-list-related-entities {:parent-id 4e9f13d4-ba12-4110-8648-1b82d7df63d9, :entity order-items, :duration-ms 0.248417}
2026-03-20 09:23:26.225 [AUDIT] actor= resource= action= result= corr= tenant= - Processing authentication request {:uri /web/admin/order-items/11d3b951-f647-4c19-9633-02a3cc382711, :method :get, :has-session true, :has-bearer false, :cookies (session-token Idea-2e373df0), :session-token-value ymDLwZV0}
2026-03-20 09:23:26.226 [AUDIT] actor= resource= action= result= corr= tenant= - Attempting session authentication {:token-preview ymDLwZV0}
2026-03-20 09:23:26.226 [AUDIT] actor= resource= action= result= corr= tenant= - Validating session token {:session-token ymDLwZV0ecICKXkGsAksmDkSFHuUZ42QqC3OLyQyrVU=, :uri /web/admin/order-items/11d3b951-f647-4c19-9633-02a3cc382711}
2026-03-20 09:23:26.229 [AUDIT] actor= resource= action= result= corr= tenant= - Database operation successful: find-session-by-token {:session-token ymDLwZV0ecICKXkGsAksmDkSFHuUZ42QqC3OLyQyrVU=, :duration-ms 2.256458}
2026-03-20 09:23:26.230 [AUDIT] actor= resource= action= result= corr= tenant= - Database operation successful: update-session {:session-entity {:expires-at #object[java.time.Instant 0x1251e5b7 2026-03-20T16:20:51.781320Z], :user-agent Mozilla/5.0 (Macintosh; Intel Mac OS X 10_15_7) AppleWebKit/605.1.15 (KHTML, like Gecko) Version/26.3.1 Safari/605.1.15, :session-token ymDLwZV0ecICKXkGsAksmDkSFHuUZ42QqC3OLyQyrVU=, :user-id #uuid "d5fa63dd-4d30-4f4f-9237-6df5ae005e6d", :last-accessed-at #object[java.time.Instant 0x166e7325 2026-03-20T08:23:26.229836Z], :id #uuid "e12f2e6f-7726-41df-87b1-900fba57e3a7", :revoked-at nil, :created-at #object[java.time.Instant 0x536cef8c 2026-03-20T08:20:52.054410Z], :ip-address [0:0:0:0:0:0:0:1]}, :duration-ms 0.797916}
2026-03-20 09:23:26.231 [AUDIT] actor= resource= action= result= corr= tenant= - Session validation successful {:user-id #uuid "d5fa63dd-4d30-4f4f-9237-6df5ae005e6d"}
2026-03-20 09:23:26.232 [AUDIT] actor= resource= action= result= corr= tenant= - Database operation successful: find-user-by-id {:user-id #uuid "d5fa63dd-4d30-4f4f-9237-6df5ae005e6d", :duration-ms 1.062167}
2026-03-20 09:23:26.233 [AUDIT] actor= resource= action= result= corr= tenant= - Database operation successful: admin-get-entity {:entity order-items, :id #uuid "11d3b951-f647-4c19-9633-02a3cc382711", :duration-ms 0.644417}
2026-03-20 09:23:31.301 [AUDIT] actor= resource= action= result= corr= tenant= - Processing authentication request {:uri /web/admin/order-items, :method :get, :has-session true, :has-bearer false, :cookies (session-token Idea-2e373df0), :session-token-value ymDLwZV0}
2026-03-20 09:23:31.301 [AUDIT] actor= resource= action= result= corr= tenant= - Attempting session authentication {:token-preview ymDLwZV0}
2026-03-20 09:23:31.301 [AUDIT] actor= resource= action= result= corr= tenant= - Validating session token {:session-token ymDLwZV0ecICKXkGsAksmDkSFHuUZ42QqC3OLyQyrVU=, :uri /web/admin/order-items}
2026-03-20 09:23:31.303 [AUDIT] actor= resource= action= result= corr= tenant= - Database operation successful: find-session-by-token {:session-token ymDLwZV0ecICKXkGsAksmDkSFHuUZ42QqC3OLyQyrVU=, :duration-ms 1.599333}
2026-03-20 09:23:31.304 [AUDIT] actor= resource= action= result= corr= tenant= - Database operation successful: update-session {:session-entity {:expires-at #object[java.time.Instant 0x2a6dfced 2026-03-20T16:20:51.781320Z], :user-agent Mozilla/5.0 (Macintosh; Intel Mac OS X 10_15_7) AppleWebKit/605.1.15 (KHTML, like Gecko) Version/26.3.1 Safari/605.1.15, :session-token ymDLwZV0ecICKXkGsAksmDkSFHuUZ42QqC3OLyQyrVU=, :user-id #uuid "d5fa63dd-4d30-4f4f-9237-6df5ae005e6d", :last-accessed-at #object[java.time.Instant 0x59ecad91 2026-03-20T08:23:31.303480Z], :id #uuid "e12f2e6f-7726-41df-87b1-900fba57e3a7", :revoked-at nil, :created-at #object[java.time.Instant 0x11abcc83 2026-03-20T08:20:52.054410Z], :ip-address [0:0:0:0:0:0:0:1]}, :duration-ms 0.614458}
2026-03-20 09:23:31.304 [AUDIT] actor= resource= action= result= corr= tenant= - Session validation successful {:user-id #uuid "d5fa63dd-4d30-4f4f-9237-6df5ae005e6d"}
2026-03-20 09:23:31.305 [AUDIT] actor= resource= action= result= corr= tenant= - Database operation successful: find-user-by-id {:user-id #uuid "d5fa63dd-4d30-4f4f-9237-6df5ae005e6d", :duration-ms 0.844541}
2026-03-20 09:23:31.307 [AUDIT] actor= resource= action= result= corr= tenant= - Database operation successful: admin-list-entities {:entity order-items, :limit nil, :offset nil, :duration-ms 0.869875}
2026-03-20 09:23:36.138 [AUDIT] actor= resource= action= result= corr= tenant= - Processing authentication request {:uri /web/admin/orders, :method :get, :has-session true, :has-bearer false, :cookies (session-token Idea-2e373df0), :session-token-value ymDLwZV0}
2026-03-20 09:23:36.138 [AUDIT] actor= resource= action= result= corr= tenant= - Attempting session authentication {:token-preview ymDLwZV0}
2026-03-20 09:23:36.138 [AUDIT] actor= resource= action= result= corr= tenant= - Validating session token {:session-token ymDLwZV0ecICKXkGsAksmDkSFHuUZ42QqC3OLyQyrVU=, :uri /web/admin/orders}
2026-03-20 09:23:36.140 [AUDIT] actor= resource= action= result= corr= tenant= - Database operation successful: find-session-by-token {:session-token ymDLwZV0ecICKXkGsAksmDkSFHuUZ42QqC3OLyQyrVU=, :duration-ms 1.528708}
2026-03-20 09:23:36.141 [AUDIT] actor= resource= action= result= corr= tenant= - Database operation successful: update-session {:session-entity {:expires-at #object[java.time.Instant 0x4d205b07 2026-03-20T16:20:51.781320Z], :user-agent Mozilla/5.0 (Macintosh; Intel Mac OS X 10_15_7) AppleWebKit/605.1.15 (KHTML, like Gecko) Version/26.3.1 Safari/605.1.15, :session-token ymDLwZV0ecICKXkGsAksmDkSFHuUZ42QqC3OLyQyrVU=, :user-id #uuid "d5fa63dd-4d30-4f4f-9237-6df5ae005e6d", :last-accessed-at #object[java.time.Instant 0xed4218c 2026-03-20T08:23:36.140645Z], :id #uuid "e12f2e6f-7726-41df-87b1-900fba57e3a7", :revoked-at nil, :created-at #object[java.time.Instant 0x226ffe58 2026-03-20T08:20:52.054410Z], :ip-address [0:0:0:0:0:0:0:1]}, :duration-ms 0.525209}
2026-03-20 09:23:36.141 [AUDIT] actor= resource= action= result= corr= tenant= - Session validation successful {:user-id #uuid "d5fa63dd-4d30-4f4f-9237-6df5ae005e6d"}
2026-03-20 09:23:36.142 [AUDIT] actor= resource= action= result= corr= tenant= - Database operation successful: find-user-by-id {:user-id #uuid "d5fa63dd-4d30-4f4f-9237-6df5ae005e6d", :duration-ms 0.9305}
2026-03-20 09:23:36.145 [AUDIT] actor= resource= action= result= corr= tenant= - Database operation successful: admin-list-entities {:entity orders, :limit nil, :offset nil, :duration-ms 1.259625}
2026-03-20 09:24:27.898 [AUDIT] actor= resource= action= result= corr= tenant= - Processing authentication request {:uri /web/admin/orders, :method :get, :has-session true, :has-bearer false, :cookies (session-token Idea-2e373df0), :session-token-value ymDLwZV0}
2026-03-20 09:24:27.898 [AUDIT] actor= resource= action= result= corr= tenant= - Attempting session authentication {:token-preview ymDLwZV0}
2026-03-20 09:24:27.898 [AUDIT] actor= resource= action= result= corr= tenant= - Validating session token {:session-token ymDLwZV0ecICKXkGsAksmDkSFHuUZ42QqC3OLyQyrVU=, :uri /web/admin/orders}
2026-03-20 09:24:27.900 [AUDIT] actor= resource= action= result= corr= tenant= - Database operation successful: find-session-by-token {:session-token ymDLwZV0ecICKXkGsAksmDkSFHuUZ42QqC3OLyQyrVU=, :duration-ms 1.488667}
2026-03-20 09:24:27.901 [AUDIT] actor= resource= action= result= corr= tenant= - Database operation successful: update-session {:session-entity {:expires-at #object[java.time.Instant 0x7f941104 2026-03-20T16:20:51.781320Z], :user-agent Mozilla/5.0 (Macintosh; Intel Mac OS X 10_15_7) AppleWebKit/605.1.15 (KHTML, like Gecko) Version/26.3.1 Safari/605.1.15, :session-token ymDLwZV0ecICKXkGsAksmDkSFHuUZ42QqC3OLyQyrVU=, :user-id #uuid "d5fa63dd-4d30-4f4f-9237-6df5ae005e6d", :last-accessed-at #object[java.time.Instant 0x62f53f1c 2026-03-20T08:24:27.900328Z], :id #uuid "e12f2e6f-7726-41df-87b1-900fba57e3a7", :revoked-at nil, :created-at #object[java.time.Instant 0x7e79f3c 2026-03-20T08:20:52.054410Z], :ip-address [0:0:0:0:0:0:0:1]}, :duration-ms 0.527458}
2026-03-20 09:24:27.901 [AUDIT] actor= resource= action= result= corr= tenant= - Session validation successful {:user-id #uuid "d5fa63dd-4d30-4f4f-9237-6df5ae005e6d"}
2026-03-20 09:24:27.902 [AUDIT] actor= resource= action= result= corr= tenant= - Database operation successful: find-user-by-id {:user-id #uuid "d5fa63dd-4d30-4f4f-9237-6df5ae005e6d", :duration-ms 0.953166}
2026-03-20 09:24:27.903 [AUDIT] actor= resource= action= result= corr= tenant= - Database operation successful: admin-list-entities {:entity orders, :limit nil, :offset nil, :duration-ms 0.762917}
2026-03-20 09:24:33.426 [AUDIT] actor= resource= action= result= corr= tenant= - Processing authentication request {:uri /web/admin/orders/4e9f13d4-ba12-4110-8648-1b82d7df63d9, :method :get, :has-session true, :has-bearer false, :cookies (session-token Idea-2e373df0), :session-token-value ymDLwZV0}
2026-03-20 09:24:33.426 [AUDIT] actor= resource= action= result= corr= tenant= - Attempting session authentication {:token-preview ymDLwZV0}
2026-03-20 09:24:33.426 [AUDIT] actor= resource= action= result= corr= tenant= - Validating session token {:session-token ymDLwZV0ecICKXkGsAksmDkSFHuUZ42QqC3OLyQyrVU=, :uri /web/admin/orders/4e9f13d4-ba12-4110-8648-1b82d7df63d9}
2026-03-20 09:24:33.428 [AUDIT] actor= resource= action= result= corr= tenant= - Database operation successful: find-session-by-token {:session-token ymDLwZV0ecICKXkGsAksmDkSFHuUZ42QqC3OLyQyrVU=, :duration-ms 1.283084}
2026-03-20 09:24:33.429 [AUDIT] actor= resource= action= result= corr= tenant= - Database operation successful: update-session {:session-entity {:expires-at #object[java.time.Instant 0x7da862fd 2026-03-20T16:20:51.781320Z], :user-agent Mozilla/5.0 (Macintosh; Intel Mac OS X 10_15_7) AppleWebKit/605.1.15 (KHTML, like Gecko) Version/26.3.1 Safari/605.1.15, :session-token ymDLwZV0ecICKXkGsAksmDkSFHuUZ42QqC3OLyQyrVU=, :user-id #uuid "d5fa63dd-4d30-4f4f-9237-6df5ae005e6d", :last-accessed-at #object[java.time.Instant 0x720e57dd 2026-03-20T08:24:33.428670Z], :id #uuid "e12f2e6f-7726-41df-87b1-900fba57e3a7", :revoked-at nil, :created-at #object[java.time.Instant 0x4b2bf93f 2026-03-20T08:20:52.054410Z], :ip-address [0:0:0:0:0:0:0:1]}, :duration-ms 0.504291}
2026-03-20 09:24:33.429 [AUDIT] actor= resource= action= result= corr= tenant= - Session validation successful {:user-id #uuid "d5fa63dd-4d30-4f4f-9237-6df5ae005e6d"}
2026-03-20 09:24:33.431 [AUDIT] actor= resource= action= result= corr= tenant= - Database operation successful: find-user-by-id {:user-id #uuid "d5fa63dd-4d30-4f4f-9237-6df5ae005e6d", :duration-ms 0.985458}
2026-03-20 09:24:33.432 [AUDIT] actor= resource= action= result= corr= tenant= - Database operation successful: admin-get-entity {:entity orders, :id #uuid "4e9f13d4-ba12-4110-8648-1b82d7df63d9", :duration-ms 0.6585}
2026-03-20 09:24:33.434 [AUDIT] actor= resource= action= result= corr= tenant= - Database operation successful: admin-list-related-entities {:parent-id 4e9f13d4-ba12-4110-8648-1b82d7df63d9, :entity order-items, :duration-ms 0.348}
2026-03-20 09:24:38.160 [AUDIT] actor= resource= action= result= corr= tenant= - Processing authentication request {:uri /web/admin/order-items/11d3b951-f647-4c19-9633-02a3cc382711, :method :get, :has-session true, :has-bearer false, :cookies (session-token Idea-2e373df0), :session-token-value ymDLwZV0}
2026-03-20 09:24:38.161 [AUDIT] actor= resource= action= result= corr= tenant= - Attempting session authentication {:token-preview ymDLwZV0}
2026-03-20 09:24:38.161 [AUDIT] actor= resource= action= result= corr= tenant= - Validating session token {:session-token ymDLwZV0ecICKXkGsAksmDkSFHuUZ42QqC3OLyQyrVU=, :uri /web/admin/order-items/11d3b951-f647-4c19-9633-02a3cc382711}
2026-03-20 09:24:38.163 [AUDIT] actor= resource= action= result= corr= tenant= - Database operation successful: find-session-by-token {:session-token ymDLwZV0ecICKXkGsAksmDkSFHuUZ42QqC3OLyQyrVU=, :duration-ms 1.699042}
2026-03-20 09:24:38.164 [AUDIT] actor= resource= action= result= corr= tenant= - Database operation successful: update-session {:session-entity {:expires-at #object[java.time.Instant 0x202e22c2 2026-03-20T16:20:51.781320Z], :user-agent Mozilla/5.0 (Macintosh; Intel Mac OS X 10_15_7) AppleWebKit/605.1.15 (KHTML, like Gecko) Version/26.3.1 Safari/605.1.15, :session-token ymDLwZV0ecICKXkGsAksmDkSFHuUZ42QqC3OLyQyrVU=, :user-id #uuid "d5fa63dd-4d30-4f4f-9237-6df5ae005e6d", :last-accessed-at #object[java.time.Instant 0x65e128be 2026-03-20T08:24:38.163689Z], :id #uuid "e12f2e6f-7726-41df-87b1-900fba57e3a7", :revoked-at nil, :created-at #object[java.time.Instant 0x595d91b6 2026-03-20T08:20:52.054410Z], :ip-address [0:0:0:0:0:0:0:1]}, :duration-ms 0.659333}
2026-03-20 09:24:38.164 [AUDIT] actor= resource= action= result= corr= tenant= - Session validation successful {:user-id #uuid "d5fa63dd-4d30-4f4f-9237-6df5ae005e6d"}
2026-03-20 09:24:38.165 [AUDIT] actor= resource= action= result= corr= tenant= - Database operation successful: find-user-by-id {:user-id #uuid "d5fa63dd-4d30-4f4f-9237-6df5ae005e6d", :duration-ms 0.962792}
2026-03-20 09:24:38.167 [AUDIT] actor= resource= action= result= corr= tenant= - Database operation successful: admin-get-entity {:entity order-items, :id #uuid "11d3b951-f647-4c19-9633-02a3cc382711", :duration-ms 0.472167}
2026-03-20 09:24:50.106 [AUDIT] actor= resource= action= result= corr= tenant= - Processing authentication request {:uri /web/admin/orders, :method :get, :has-session true, :has-bearer false, :cookies (session-token Idea-2e373df0), :session-token-value ymDLwZV0}
2026-03-20 09:24:50.106 [AUDIT] actor= resource= action= result= corr= tenant= - Attempting session authentication {:token-preview ymDLwZV0}
2026-03-20 09:24:50.106 [AUDIT] actor= resource= action= result= corr= tenant= - Validating session token {:session-token ymDLwZV0ecICKXkGsAksmDkSFHuUZ42QqC3OLyQyrVU=, :uri /web/admin/orders}
2026-03-20 09:24:50.109 [AUDIT] actor= resource= action= result= corr= tenant= - Database operation successful: find-session-by-token {:session-token ymDLwZV0ecICKXkGsAksmDkSFHuUZ42QqC3OLyQyrVU=, :duration-ms 2.065375}
2026-03-20 09:24:50.110 [AUDIT] actor= resource= action= result= corr= tenant= - Database operation successful: update-session {:session-entity {:expires-at #object[java.time.Instant 0x4f96deed 2026-03-20T16:20:51.781320Z], :user-agent Mozilla/5.0 (Macintosh; Intel Mac OS X 10_15_7) AppleWebKit/605.1.15 (KHTML, like Gecko) Version/26.3.1 Safari/605.1.15, :session-token ymDLwZV0ecICKXkGsAksmDkSFHuUZ42QqC3OLyQyrVU=, :user-id #uuid "d5fa63dd-4d30-4f4f-9237-6df5ae005e6d", :last-accessed-at #object[java.time.Instant 0x4a1bc63b 2026-03-20T08:24:50.109472Z], :id #uuid "e12f2e6f-7726-41df-87b1-900fba57e3a7", :revoked-at nil, :created-at #object[java.time.Instant 0x3ce52077 2026-03-20T08:20:52.054410Z], :ip-address [0:0:0:0:0:0:0:1]}, :duration-ms 0.927666}
2026-03-20 09:24:50.111 [AUDIT] actor= resource= action= result= corr= tenant= - Session validation successful {:user-id #uuid "d5fa63dd-4d30-4f4f-9237-6df5ae005e6d"}
2026-03-20 09:24:50.112 [AUDIT] actor= resource= action= result= corr= tenant= - Database operation successful: find-user-by-id {:user-id #uuid "d5fa63dd-4d30-4f4f-9237-6df5ae005e6d", :duration-ms 1.309334}
2026-03-20 09:24:50.115 [AUDIT] actor= resource= action= result= corr= tenant= - Database operation successful: admin-list-entities {:entity orders, :limit nil, :offset nil, :duration-ms 1.752791}
2026-03-20 09:24:53.132 [AUDIT] actor= resource= action= result= corr= tenant= - Processing authentication request {:uri /web/admin/orders/4e9f13d4-ba12-4110-8648-1b82d7df63d9, :method :get, :has-session true, :has-bearer false, :cookies (session-token Idea-2e373df0), :session-token-value ymDLwZV0}
2026-03-20 09:24:53.133 [AUDIT] actor= resource= action= result= corr= tenant= - Attempting session authentication {:token-preview ymDLwZV0}
2026-03-20 09:24:53.133 [AUDIT] actor= resource= action= result= corr= tenant= - Validating session token {:session-token ymDLwZV0ecICKXkGsAksmDkSFHuUZ42QqC3OLyQyrVU=, :uri /web/admin/orders/4e9f13d4-ba12-4110-8648-1b82d7df63d9}
2026-03-20 09:24:53.135 [AUDIT] actor= resource= action= result= corr= tenant= - Database operation successful: find-session-by-token {:session-token ymDLwZV0ecICKXkGsAksmDkSFHuUZ42QqC3OLyQyrVU=, :duration-ms 1.613958}
2026-03-20 09:24:53.137 [AUDIT] actor= resource= action= result= corr= tenant= - Database operation successful: update-session {:session-entity {:expires-at #object[java.time.Instant 0x16dd91ca 2026-03-20T16:20:51.781320Z], :user-agent Mozilla/5.0 (Macintosh; Intel Mac OS X 10_15_7) AppleWebKit/605.1.15 (KHTML, like Gecko) Version/26.3.1 Safari/605.1.15, :session-token ymDLwZV0ecICKXkGsAksmDkSFHuUZ42QqC3OLyQyrVU=, :user-id #uuid "d5fa63dd-4d30-4f4f-9237-6df5ae005e6d", :last-accessed-at #object[java.time.Instant 0x473489e1 2026-03-20T08:24:53.135974Z], :id #uuid "e12f2e6f-7726-41df-87b1-900fba57e3a7", :revoked-at nil, :created-at #object[java.time.Instant 0x2b7cfd61 2026-03-20T08:20:52.054410Z], :ip-address [0:0:0:0:0:0:0:1]}, :duration-ms 0.712458}
2026-03-20 09:24:53.137 [AUDIT] actor= resource= action= result= corr= tenant= - Session validation successful {:user-id #uuid "d5fa63dd-4d30-4f4f-9237-6df5ae005e6d"}
2026-03-20 09:24:53.138 [AUDIT] actor= resource= action= result= corr= tenant= - Database operation successful: find-user-by-id {:user-id #uuid "d5fa63dd-4d30-4f4f-9237-6df5ae005e6d", :duration-ms 0.795666}
2026-03-20 09:24:53.139 [AUDIT] actor= resource= action= result= corr= tenant= - Database operation successful: admin-get-entity {:entity orders, :id #uuid "4e9f13d4-ba12-4110-8648-1b82d7df63d9", :duration-ms 0.570084}
2026-03-20 09:24:53.140 [AUDIT] actor= resource= action= result= corr= tenant= - Database operation successful: admin-list-related-entities {:parent-id 4e9f13d4-ba12-4110-8648-1b82d7df63d9, :entity order-items, :duration-ms 0.15825}
2026-03-20 09:24:56.405 [AUDIT] actor= resource= action= result= corr= tenant= - Processing authentication request {:uri /web/admin/order-items/11d3b951-f647-4c19-9633-02a3cc382711, :method :get, :has-session true, :has-bearer false, :cookies (session-token Idea-2e373df0), :session-token-value ymDLwZV0}
2026-03-20 09:24:56.406 [AUDIT] actor= resource= action= result= corr= tenant= - Attempting session authentication {:token-preview ymDLwZV0}
2026-03-20 09:24:56.406 [AUDIT] actor= resource= action= result= corr= tenant= - Validating session token {:session-token ymDLwZV0ecICKXkGsAksmDkSFHuUZ42QqC3OLyQyrVU=, :uri /web/admin/order-items/11d3b951-f647-4c19-9633-02a3cc382711}
2026-03-20 09:24:56.408 [AUDIT] actor= resource= action= result= corr= tenant= - Database operation successful: find-session-by-token {:session-token ymDLwZV0ecICKXkGsAksmDkSFHuUZ42QqC3OLyQyrVU=, :duration-ms 2.22225}
2026-03-20 09:24:56.411 [AUDIT] actor= resource= action= result= corr= tenant= - Database operation successful: update-session {:session-entity {:expires-at #object[java.time.Instant 0x64b09841 2026-03-20T16:20:51.781320Z], :user-agent Mozilla/5.0 (Macintosh; Intel Mac OS X 10_15_7) AppleWebKit/605.1.15 (KHTML, like Gecko) Version/26.3.1 Safari/605.1.15, :session-token ymDLwZV0ecICKXkGsAksmDkSFHuUZ42QqC3OLyQyrVU=, :user-id #uuid "d5fa63dd-4d30-4f4f-9237-6df5ae005e6d", :last-accessed-at #object[java.time.Instant 0x7287eb7 2026-03-20T08:24:56.409123Z], :id #uuid "e12f2e6f-7726-41df-87b1-900fba57e3a7", :revoked-at nil, :created-at #object[java.time.Instant 0x4bf31cc6 2026-03-20T08:20:52.054410Z], :ip-address [0:0:0:0:0:0:0:1]}, :duration-ms 1.957834}
2026-03-20 09:24:56.411 [AUDIT] actor= resource= action= result= corr= tenant= - Session validation successful {:user-id #uuid "d5fa63dd-4d30-4f4f-9237-6df5ae005e6d"}
2026-03-20 09:24:56.413 [AUDIT] actor= resource= action= result= corr= tenant= - Database operation successful: find-user-by-id {:user-id #uuid "d5fa63dd-4d30-4f4f-9237-6df5ae005e6d", :duration-ms 1.466583}
2026-03-20 09:24:56.414 [AUDIT] actor= resource= action= result= corr= tenant= - Database operation successful: admin-get-entity {:entity order-items, :id #uuid "11d3b951-f647-4c19-9633-02a3cc382711", :duration-ms 0.606417}
2026-03-20 09:25:07.980 [AUDIT] actor= resource= action= result= corr= tenant= - Processing authentication request {:uri /web/admin/order-items/11d3b951-f647-4c19-9633-02a3cc382711, :method :put, :has-session true, :has-bearer false, :cookies (session-token Idea-2e373df0), :session-token-value ymDLwZV0}
2026-03-20 09:25:07.980 [AUDIT] actor= resource= action= result= corr= tenant= - Attempting session authentication {:token-preview ymDLwZV0}
2026-03-20 09:25:07.980 [AUDIT] actor= resource= action= result= corr= tenant= - Validating session token {:session-token ymDLwZV0ecICKXkGsAksmDkSFHuUZ42QqC3OLyQyrVU=, :uri /web/admin/order-items/11d3b951-f647-4c19-9633-02a3cc382711}
2026-03-20 09:25:07.982 [AUDIT] actor= resource= action= result= corr= tenant= - Database operation successful: find-session-by-token {:session-token ymDLwZV0ecICKXkGsAksmDkSFHuUZ42QqC3OLyQyrVU=, :duration-ms 1.536292}
2026-03-20 09:25:07.983 [AUDIT] actor= resource= action= result= corr= tenant= - Database operation successful: update-session {:session-entity {:expires-at #object[java.time.Instant 0x27fbb242 2026-03-20T16:20:51.781320Z], :user-agent Mozilla/5.0 (Macintosh; Intel Mac OS X 10_15_7) AppleWebKit/605.1.15 (KHTML, like Gecko) Version/26.3.1 Safari/605.1.15, :session-token ymDLwZV0ecICKXkGsAksmDkSFHuUZ42QqC3OLyQyrVU=, :user-id #uuid "d5fa63dd-4d30-4f4f-9237-6df5ae005e6d", :last-accessed-at #object[java.time.Instant 0x5ee361e6 2026-03-20T08:25:07.982875Z], :id #uuid "e12f2e6f-7726-41df-87b1-900fba57e3a7", :revoked-at nil, :created-at #object[java.time.Instant 0x4add5e1f 2026-03-20T08:20:52.054410Z], :ip-address [0:0:0:0:0:0:0:1]}, :duration-ms 0.634125}
2026-03-20 09:25:07.983 [AUDIT] actor= resource= action= result= corr= tenant= - Session validation successful {:user-id #uuid "d5fa63dd-4d30-4f4f-9237-6df5ae005e6d"}
2026-03-20 09:25:07.985 [AUDIT] actor= resource= action= result= corr= tenant= - Database operation successful: find-user-by-id {:user-id #uuid "d5fa63dd-4d30-4f4f-9237-6df5ae005e6d", :duration-ms 1.2475}
2026-03-20 09:25:07.989 [AUDIT] actor= resource= action= result= corr= tenant= - Query failed {:adapter nil, :sql UPDATE order_items SET product_name = ?, product_price_cents = ?, quantity = ?, total_cents = ?, updated_at = ? WHERE id = ?, :error [SQLITE_ERROR] SQL error or missing database (no such column: updated_at)}
2026-03-20 09:25:07.990 [AUDIT] actor= resource= action= result= corr= tenant= - Database operation failed: admin-update-entity {:operation admin-update-entity}
clojure.lang.ExceptionInfo: Database query failed {:adapter nil, :sql "UPDATE order_items SET product_name = ?, product_price_cents = ?, quantity = ?, total_cents = ?, updated_at = ? WHERE id = ?", :params ("Boundary Framework T-Shirt" 2999 5 5998 "2026-03-20T08:25:07.987897Z" "11d3b951-f647-4c19-9633-02a3cc382711"), :original-error "[SQLITE_ERROR] SQL error or missing database (no such column: updated_at)"}
	at boundary.platform.shell.adapters.database.common.execution$execute_query_BANG_.invokeStatic(execution.clj:129)
	at boundary.platform.shell.adapters.database.common.execution$execute_query_BANG_.invoke(execution.clj:52)
	at boundary.platform.shell.adapters.database.common.execution$execute_one_BANG_.invokeStatic(execution.clj:149)
	at boundary.platform.shell.adapters.database.common.execution$execute_one_BANG_.invoke(execution.clj:136)
	at boundary.admin.shell.service.AdminService$fn__24700.invoke(service.clj:392)
	at boundary.platform.shell.persistence_interceptors$create_persistence_pipeline$fn__17889.invoke(persistence_interceptors.clj:179)
	at boundary.core.interceptor$execute_interceptor_fn.invokeStatic(interceptor.clj:31)
	at boundary.core.interceptor$execute_interceptor_fn.invoke(interceptor.clj:22)
	at boundary.core.interceptor$run_enter_phase$fn__17780.invoke(interceptor.clj:58)
	at clojure.lang.ArrayChunk.reduce(ArrayChunk.java:60)
	at clojure.core.protocols$fn__8274.invokeStatic(protocols.clj:135)
	at clojure.core.protocols$fn__8274.invoke(protocols.clj:123)
	at clojure.core.protocols$fn__8233$G__8228__8242.invoke(protocols.clj:19)
	at clojure.core.protocols$seq_reduce.invokeStatic(protocols.clj:31)
	at clojure.core.protocols$fn__8266.invokeStatic(protocols.clj:74)
	at clojure.core.protocols$fn__8266.invoke(protocols.clj:74)
	at clojure.core.protocols$fn__8207$G__8202__8220.invoke(protocols.clj:13)
	at clojure.core$reduce.invokeStatic(core.clj:6965)
	at clojure.core$reduce.invoke(core.clj:6947)
	at boundary.core.interceptor$run_enter_phase.invokeStatic(interceptor.clj:51)
	at boundary.core.interceptor$run_enter_phase.invoke(interceptor.clj:45)
	at boundary.core.interceptor$run_pipeline.invokeStatic(interceptor.clj:104)
	at boundary.core.interceptor$run_pipeline.invoke(interceptor.clj:85)
	at boundary.platform.shell.persistence_interceptors$execute_persistence_operation.invokeStatic(persistence_interceptors.clj:222)
	at boundary.platform.shell.persistence_interceptors$execute_persistence_operation.doInvoke(persistence_interceptors.clj:189)
	at clojure.lang.RestFn.invoke(RestFn.java:473)
	at boundary.admin.shell.service.AdminService.update_entity(service.clj:362)
	at boundary.admin.shell.http$update_entity_handler$fn__26734.invoke(http.clj:795)
	at boundary.user.shell.middleware$session_authentication_middleware$fn__26545.invoke(middleware.clj:181)
	at boundary.user.shell.middleware$flexible_authentication_middleware$fn__26561.invoke(middleware.clj:249)
	at reitit.ring$ring_handler$fn__7042.invoke(ring.cljc:388)
	at clojure.lang.AFn.applyToHelper(AFn.java:154)
	at clojure.lang.AFn.applyTo(AFn.java:144)
	at clojure.lang.AFunction$1.doInvoke(AFunction.java:33)
	at clojure.lang.RestFn.invoke(RestFn.java:411)
	at boundary.admin.shell.http$wrap_method_override$fn__26582.invoke(http.clj:57)
	at ring.middleware.params$wrap_params$fn__4637.invoke(params.clj:75)
	at ring.middleware.cookies$wrap_cookies$fn__4558.invoke(cookies.clj:198)
	at ecommerce.shared.http.middleware$wrap_json_body$fn__14039.invoke(middleware.clj:31)
	at ecommerce.shared.http.middleware$wrap_session_id$fn__14043.invoke(middleware.clj:44)
	at ecommerce.shared.http.middleware$wrap_cors$fn__14050.invoke(middleware.clj:82)
	at ring.middleware.resource$wrap_resource_prefer_resources$fn__4823.invoke(resource.clj:25)
	at ecommerce.shared.http.middleware$wrap_exception_handler$fn__14047.invoke(middleware.clj:57)
	at ecommerce.shared.http.middleware$wrap_request_logging$fn__14053.invoke(middleware.clj:94)
	at ring.adapter.jetty$proxy_handler$fn__4203.invoke(jetty.clj:115)
	at ring.adapter.jetty.proxy$org.eclipse.jetty.ee9.servlet.ServletHandler$ff19274a.doHandle(Unknown Source)
	at org.eclipse.jetty.ee9.nested.ScopedHandler.nextHandle(ScopedHandler.java:193)
	at org.eclipse.jetty.ee9.nested.ContextHandler.doHandle(ContextHandler.java:1041)
	at org.eclipse.jetty.ee9.nested.ScopedHandler.nextScope(ScopedHandler.java:162)
	at org.eclipse.jetty.ee9.servlet.ServletHandler.doScope(ServletHandler.java:483)
	at ring.adapter.jetty.proxy$org.eclipse.jetty.ee9.servlet.ServletHandler$ff19274a.doScope(Unknown Source)
	at org.eclipse.jetty.ee9.nested.ScopedHandler.nextScope(ScopedHandler.java:160)
	at org.eclipse.jetty.ee9.nested.ContextHandler.doScope(ContextHandler.java:962)
	at org.eclipse.jetty.ee9.nested.ScopedHandler.handle(ScopedHandler.java:123)
	at org.eclipse.jetty.ee9.nested.ContextHandler.handle(ContextHandler.java:1723)
	at org.eclipse.jetty.ee9.nested.HttpChannel$RequestDispatchable.dispatch(HttpChannel.java:1581)
	at org.eclipse.jetty.ee9.nested.HttpChannel.dispatch(HttpChannel.java:733)
	at org.eclipse.jetty.ee9.nested.HttpChannel.handle(HttpChannel.java:520)
	at org.eclipse.jetty.ee9.nested.ContextHandler$CoreContextHandler$CoreToNestedHandler.handle(ContextHandler.java:3048)
	at org.eclipse.jetty.server.handler.ContextHandler.handle(ContextHandler.java:1174)
	at org.eclipse.jetty.server.Server.handle(Server.java:182)
	at org.eclipse.jetty.server.internal.HttpChannelState$HandlerInvoker.run(HttpChannelState.java:682)
	at org.eclipse.jetty.server.internal.HttpConnection.onFillable(HttpConnection.java:411)
	at org.eclipse.jetty.server.internal.HttpConnection$FillableCallback.succeeded(HttpConnection.java:1819)
	at org.eclipse.jetty.io.FillInterest.fillable(FillInterest.java:99)
	at org.eclipse.jetty.io.SelectableChannelEndPoint$1.run(SelectableChannelEndPoint.java:54)
	at org.eclipse.jetty.util.thread.strategy.AdaptiveExecutionStrategy.runTask(AdaptiveExecutionStrategy.java:521)
	at org.eclipse.jetty.util.thread.strategy.AdaptiveExecutionStrategy.epcRunTask(AdaptiveExecutionStrategy.java:492)
	at org.eclipse.jetty.util.thread.strategy.AdaptiveExecutionStrategy.consumeTask(AdaptiveExecutionStrategy.java:447)
	at org.eclipse.jetty.util.thread.strategy.AdaptiveExecutionStrategy.tryProduce(AdaptiveExecutionStrategy.java:297)
	at org.eclipse.jetty.util.thread.strategy.AdaptiveExecutionStrategy.run(AdaptiveExecutionStrategy.java:202)
	at org.eclipse.jetty.util.thread.ReservedThreadExecutor$ReservedThread.run(ReservedThreadExecutor.java:312)
	at org.eclipse.jetty.util.thread.QueuedThreadPool.runJob(QueuedThreadPool.java:999)
	at org.eclipse.jetty.util.thread.QueuedThreadPool$Runner.doRunJob(QueuedThreadPool.java:1229)
	at org.eclipse.jetty.util.thread.QueuedThreadPool$Runner.run(QueuedThreadPool.java:1184)
	at java.base/java.lang.Thread.run(Thread.java:1474)
Caused by: org.sqlite.SQLiteException: [SQLITE_ERROR] SQL error or missing database (no such column: updated_at)
	at org.sqlite.core.DB.newSQLException(DB.java:1179)
	at org.sqlite.core.DB.newSQLException(DB.java:1190)
	at org.sqlite.core.DB.throwex(DB.java:1150)
	at org.sqlite.core.NativeDB.prepare_utf8(Native Method)
	at org.sqlite.core.NativeDB.prepare(NativeDB.java:135)
	at org.sqlite.core.DB.prepare(DB.java:264)
	at org.sqlite.core.CorePreparedStatement.<init>(CorePreparedStatement.java:46)
	at org.sqlite.jdbc3.JDBC3PreparedStatement.<init>(JDBC3PreparedStatement.java:32)
	at org.sqlite.jdbc4.JDBC4PreparedStatement.<init>(JDBC4PreparedStatement.java:28)
	at org.sqlite.jdbc4.JDBC4Connection.prepareStatement(JDBC4Connection.java:34)
	at org.sqlite.jdbc3.JDBC3Connection.prepareStatement(JDBC3Connection.java:225)
	at org.sqlite.jdbc3.JDBC3Connection.prepareStatement(JDBC3Connection.java:205)
	at com.zaxxer.hikari.pool.ProxyConnection.prepareStatement(ProxyConnection.java:328)
	at com.zaxxer.hikari.pool.HikariProxyConnection.prepareStatement(HikariProxyConnection.java)
	at next.jdbc.prepare$create.invokeStatic(prepare.clj:134)
	at next.jdbc.prepare$create.invoke(prepare.clj:84)
	at next.jdbc.result_set$eval3442$fn__3450.invoke(result_set.clj:943)
	at next.jdbc.protocols$eval2472$fn__2488$G__2463__2497.invoke(protocols.clj:34)
	at next.jdbc$execute_BANG_.invokeStatic(jdbc.clj:272)
	at next.jdbc$execute_BANG_.invoke(jdbc.clj:254)
	at boundary.platform.shell.adapters.database.common.execution$execute_query_BANG_.invokeStatic(execution.clj:94)
	... 75 common frames omitted
2026-03-20 09:25:07.995 [AUDIT] actor= resource= action= result= corr= tenant= - Database operation successful: admin-list-entities {:entity order-items, :limit nil, :offset nil, :duration-ms 0.817625}
2026-03-20 09:25:13.687 [AUDIT] actor= resource= action= result= corr= tenant= - Processing authentication request {:uri /web/admin/order-items/table, :method :get, :has-session true, :has-bearer false, :cookies (session-token Idea-2e373df0), :session-token-value ymDLwZV0}
2026-03-20 09:25:13.690 [AUDIT] actor= resource= action= result= corr= tenant= - Attempting session authentication {:token-preview ymDLwZV0}
2026-03-20 09:25:13.691 [AUDIT] actor= resource= action= result= corr= tenant= - Validating session token {:session-token ymDLwZV0ecICKXkGsAksmDkSFHuUZ42QqC3OLyQyrVU=, :uri /web/admin/order-items/table}
2026-03-20 09:25:13.693 [AUDIT] actor= resource= action= result= corr= tenant= - Database operation successful: find-session-by-token {:session-token ymDLwZV0ecICKXkGsAksmDkSFHuUZ42QqC3OLyQyrVU=, :duration-ms 1.759917}
2026-03-20 09:25:13.694 [AUDIT] actor= resource= action= result= corr= tenant= - Database operation successful: update-session {:session-entity {:expires-at #object[java.time.Instant 0x1df091f0 2026-03-20T16:20:51.781320Z], :user-agent Mozilla/5.0 (Macintosh; Intel Mac OS X 10_15_7) AppleWebKit/605.1.15 (KHTML, like Gecko) Version/26.3.1 Safari/605.1.15, :session-token ymDLwZV0ecICKXkGsAksmDkSFHuUZ42QqC3OLyQyrVU=, :user-id #uuid "d5fa63dd-4d30-4f4f-9237-6df5ae005e6d", :last-accessed-at #object[java.time.Instant 0x7de2709f 2026-03-20T08:25:13.693300Z], :id #uuid "e12f2e6f-7726-41df-87b1-900fba57e3a7", :revoked-at nil, :created-at #object[java.time.Instant 0x397b6452 2026-03-20T08:20:52.054410Z], :ip-address [0:0:0:0:0:0:0:1]}, :duration-ms 0.533833}
2026-03-20 09:25:13.694 [AUDIT] actor= resource= action= result= corr= tenant= - Session validation successful {:user-id #uuid "d5fa63dd-4d30-4f4f-9237-6df5ae005e6d"}
2026-03-20 09:25:13.695 [AUDIT] actor= resource= action= result= corr= tenant= - Database operation successful: find-user-by-id {:user-id #uuid "d5fa63dd-4d30-4f4f-9237-6df5ae005e6d", :duration-ms 1.433958}
2026-03-20 09:25:13.697 [AUDIT] actor= resource= action= result= corr= tenant= - Database operation successful: admin-list-entities {:entity order-items, :limit nil, :offset nil, :duration-ms 1.079375}
2026-03-20 09:25:22.806 [AUDIT] actor= resource= action= result= corr= tenant= - Processing authentication request {:uri /web/admin/order-items/11d3b951-f647-4c19-9633-02a3cc382711, :method :get, :has-session true, :has-bearer false, :cookies (session-token Idea-2e373df0), :session-token-value ymDLwZV0}
2026-03-20 09:25:22.806 [AUDIT] actor= resource= action= result= corr= tenant= - Attempting session authentication {:token-preview ymDLwZV0}
2026-03-20 09:25:22.806 [AUDIT] actor= resource= action= result= corr= tenant= - Validating session token {:session-token ymDLwZV0ecICKXkGsAksmDkSFHuUZ42QqC3OLyQyrVU=, :uri /web/admin/order-items/11d3b951-f647-4c19-9633-02a3cc382711}
2026-03-20 09:25:22.807 [AUDIT] actor= resource= action= result= corr= tenant= - Database operation successful: find-session-by-token {:session-token ymDLwZV0ecICKXkGsAksmDkSFHuUZ42QqC3OLyQyrVU=, :duration-ms 1.04725}
2026-03-20 09:25:22.808 [AUDIT] actor= resource= action= result= corr= tenant= - Database operation successful: update-session {:session-entity {:expires-at #object[java.time.Instant 0x7b4098ec 2026-03-20T16:20:51.781320Z], :user-agent Mozilla/5.0 (Macintosh; Intel Mac OS X 10_15_7) AppleWebKit/605.1.15 (KHTML, like Gecko) Version/26.3.1 Safari/605.1.15, :session-token ymDLwZV0ecICKXkGsAksmDkSFHuUZ42QqC3OLyQyrVU=, :user-id #uuid "d5fa63dd-4d30-4f4f-9237-6df5ae005e6d", :last-accessed-at #object[java.time.Instant 0x55847ad 2026-03-20T08:25:22.808045Z], :id #uuid "e12f2e6f-7726-41df-87b1-900fba57e3a7", :revoked-at nil, :created-at #object[java.time.Instant 0x2739205e 2026-03-20T08:20:52.054410Z], :ip-address [0:0:0:0:0:0:0:1]}, :duration-ms 0.349875}
2026-03-20 09:25:22.808 [AUDIT] actor= resource= action= result= corr= tenant= - Session validation successful {:user-id #uuid "d5fa63dd-4d30-4f4f-9237-6df5ae005e6d"}
2026-03-20 09:25:22.809 [AUDIT] actor= resource= action= result= corr= tenant= - Database operation successful: find-user-by-id {:user-id #uuid "d5fa63dd-4d30-4f4f-9237-6df5ae005e6d", :duration-ms 0.579125}
2026-03-20 09:25:22.810 [AUDIT] actor= resource= action= result= corr= tenant= - Database operation successful: admin-get-entity {:entity order-items, :id #uuid "11d3b951-f647-4c19-9633-02a3cc382711", :duration-ms 0.462125}
2026-03-20 09:28:06.654 [AUDIT] actor= resource= action= result= corr= tenant= - User module routes halted (no cleanup needed)
2026-03-20 09:28:06.654 [AUDIT] actor= resource= action= result= corr= tenant= - User module database schema component halted
2026-03-20 09:28:06.654 [AUDIT] actor= resource= action= result= corr= tenant= - User service halted (no cleanup needed)
2026-03-20 09:28:06.654 [AUDIT] actor= resource= action= result= corr= tenant= - Authentication service halted (no cleanup needed)
2026-03-20 09:28:06.655 [AUDIT] actor= resource= action= result= corr= tenant= - Session repository halted (no cleanup needed)
2026-03-20 09:28:06.655 [AUDIT] actor= resource= action= result= corr= tenant= - MFA service halted (no cleanup needed)
2026-03-20 09:28:06.655 [AUDIT] actor= resource= action= result= corr= tenant= - User repository halted (no cleanup needed)
2026-03-20 09:28:06.655 [AUDIT] actor= resource= action= result= corr= tenant= - Audit repository halted (no cleanup needed)
2026-03-20 09:28:06.655 [AUDIT] actor= resource= action= result= corr= tenant= - Closing database context {:adapter nil}
2026-03-20 09:28:06.655 [AUDIT] actor= resource= action= result= corr= tenant= - Closing database connection pool {:pool-name default-Pool}
2026-03-20 09:28:06.656 [AUDIT] actor= resource= action= result= corr= tenant= - Database connection pool closed {:pool-name default-Pool}
2026-03-20 09:28:11.117 [AUDIT] actor= resource= action= result= corr= tenant= - Creating database connection pool {:adapter nil, :pool-size 5, :pool-name default-Pool}
2026-03-20 09:28:11.388 [AUDIT] actor= resource= action= result= corr= tenant= - SQLite PRAGMA initialization completed {:successful-pragmas 7, :failed-pragmas 0, :total-pragmas 7}
2026-03-20 09:28:11.388 [AUDIT] actor= resource= action= result= corr= tenant= - Database connection pool created successfully {:adapter nil, :pool-name default-Pool}
2026-03-20 09:28:11.388 [AUDIT] actor= resource= action= result= corr= tenant= - Created database context {:adapter nil}
2026-03-20 09:28:11.390 [AUDIT] actor= resource= action= result= corr= tenant= - Initializing audit repository
2026-03-20 09:28:11.390 [AUDIT] actor= resource= action= result= corr= tenant= - Audit repository initialized
2026-03-20 09:28:11.390 [AUDIT] actor= resource= action= result= corr= tenant= - Initializing user repository
2026-03-20 09:28:11.395 [AUDIT] actor= resource= action= result= corr= tenant= - User repository initialized
2026-03-20 09:28:11.395 [AUDIT] actor= resource= action= result= corr= tenant= - Initializing MFA service
2026-03-20 09:28:11.395 [AUDIT] actor= resource= action= result= corr= tenant= - MFA service initialized
2026-03-20 09:28:11.395 [AUDIT] actor= resource= action= result= corr= tenant= - Initializing session repository
2026-03-20 09:28:11.395 [AUDIT] actor= resource= action= result= corr= tenant= - Session repository initialized
2026-03-20 09:28:11.395 [AUDIT] actor= resource= action= result= corr= tenant= - Initializing authentication service
2026-03-20 09:28:11.396 [AUDIT] actor= resource= action= result= corr= tenant= - Authentication service initialized
2026-03-20 09:28:11.396 [AUDIT] actor= resource= action= result= corr= tenant= - Initializing user service {:cache-enabled? false}
2026-03-20 09:28:11.396 [AUDIT] actor= resource= action= result= corr= tenant= - User service initialized
2026-03-20 09:28:11.399 [AUDIT] actor= resource= action= result= corr= tenant= - Initializing user module database schema
2026-03-20 09:28:11.399 [AUDIT] actor= resource= action= result= corr= tenant= - Initializing user schema from Malli definitions (split-table architecture)
2026-03-20 09:28:11.400 [AUDIT] actor= resource= action= result= corr= tenant= - Initializing database schema from Malli definitions {:dialect nil, :tables (auth_users users user_sessions user_audit_log)}
2026-03-20 09:28:11.401 [AUDIT] actor= resource= action= result= corr= tenant= - DDL statement executed successfully {:adapter nil, :statement-preview CREATE TABLE IF NOT EXISTS auth_users (
  id UUID NOT NULL PRIMARY KEY,
  email VARCHAR(255) NOT NULL,
  password_hash VARCHAR(255) NOT NULL,
  active BOOLEAN NOT NULL DEFAULT true,
  mfa_enabled BOOLEAN,
  mfa_secret VARCHAR(255),
  mfa_backup_codes VARCHAR(255),
  mfa_backup_codes_used VARCHAR(255),
  mfa_enabled_at VARCHAR(255),
  failed_login_count INTEGER,
  lockout_until VARCHAR(255),
  created_at VARCHAR(255) NOT NULL,
  updated_at VARCHAR(255),
  deleted_at VARCHAR(255),
  CONSTRAINT uk_auth_users_email UNIQUE(email)
);}
2026-03-20 09:28:11.402 [AUDIT] actor= resource= action= result= corr= tenant= - DDL statement executed successfully {:adapter nil, :statement-preview CREATE TABLE IF NOT EXISTS users (
  id UUID NOT NULL PRIMARY KEY,
  tenant_id UUID,
  name VARCHAR(255) NOT NULL,
  role VARCHAR(50) NOT NULL CHECK(role IN ('admin', 'user', 'viewer')),
  avatar_url VARCHAR(255),
  login_count INTEGER,
  last_login VARCHAR(255),
  notifications_email BOOLEAN,
  notifications_push BOOLEAN,
  notifications_sms BOOLEAN,
  theme VARCHAR(50) CHECK(theme IN ('light', 'dark', 'auto')),
  language VARCHAR(255),
  timezone VARCHAR(255),
  date_format VARCHAR(50) CHECK(date_format IN ('iso', 'us', 'eu')),
  time_format VARCHAR(50) CHECK(time_format IN ('12h', '24h')),
  created_at VARCHAR(255) NOT NULL,
  updated_at VARCHAR(255),
  deleted_at VARCHAR(255)
);}
2026-03-20 09:28:11.402 [AUDIT] actor= resource= action= result= corr= tenant= - DDL statement executed successfully {:adapter nil, :statement-preview CREATE TABLE IF NOT EXISTS user_sessions (
  id UUID NOT NULL PRIMARY KEY,
  user_id UUID NOT NULL,
  session_token VARCHAR(255) NOT NULL,
  expires_at VARCHAR(255) NOT NULL,
  created_at VARCHAR(255) NOT NULL,
  last_accessed_at VARCHAR(255),
  revoked_at VARCHAR(255),
  user_agent VARCHAR(255),
  ip_address VARCHAR(255),
  CONSTRAINT uk_user_sessions_token UNIQUE(session_token)
);}
2026-03-20 09:28:11.402 [AUDIT] actor= resource= action= result= corr= tenant= - DDL statement executed successfully {:adapter nil, :statement-preview CREATE TABLE IF NOT EXISTS user_audit_log (
  id UUID NOT NULL PRIMARY KEY,
  action VARCHAR(50) NOT NULL CHECK(action IN ('create', 'update', 'delete', 'activate', 'deactivate', 'role-change', 'bulk-action', 'login', 'logout')),
  actor_id UUID,
  actor_email VARCHAR(255),
  target_user_id UUID NOT NULL,
  target_user_email VARCHAR(255) NOT NULL,
  changes JSONB,
  metadata JSONB,
  ip_address VARCHAR(255),
  user_agent VARCHAR(255),
  result VARCHAR(50) NOT NULL CHECK(result IN ('success', 'failure')),
  error_message VARCHAR(255),
  created_at VARCHAR(255) NOT NULL
);}
2026-03-20 09:28:11.403 [AUDIT] actor= resource= action= result= corr= tenant= - DDL statement executed successfully {:adapter nil, :statement-preview CREATE INDEX IF NOT EXISTS idx_auth_users_mfa_enabled_at ON auth_users (mfa_enabled_at)}
2026-03-20 09:28:11.403 [AUDIT] actor= resource= action= result= corr= tenant= - DDL statement executed successfully {:adapter nil, :statement-preview CREATE INDEX IF NOT EXISTS idx_auth_users_created_at ON auth_users (created_at)}
2026-03-20 09:28:11.403 [AUDIT] actor= resource= action= result= corr= tenant= - DDL statement executed successfully {:adapter nil, :statement-preview CREATE INDEX IF NOT EXISTS idx_auth_users_updated_at ON auth_users (updated_at)}
2026-03-20 09:28:11.403 [AUDIT] actor= resource= action= result= corr= tenant= - DDL statement executed successfully {:adapter nil, :statement-preview CREATE INDEX IF NOT EXISTS idx_auth_users_deleted_at ON auth_users (deleted_at)}
2026-03-20 09:28:11.403 [AUDIT] actor= resource= action= result= corr= tenant= - DDL statement executed successfully {:adapter nil, :statement-preview CREATE INDEX IF NOT EXISTS idx_auth_users_email ON auth_users (email)}
2026-03-20 09:28:11.403 [AUDIT] actor= resource= action= result= corr= tenant= - DDL statement executed successfully {:adapter nil, :statement-preview CREATE INDEX IF NOT EXISTS idx_auth_users_active ON auth_users (active)}
2026-03-20 09:28:11.404 [AUDIT] actor= resource= action= result= corr= tenant= - DDL statement executed successfully {:adapter nil, :statement-preview CREATE INDEX IF NOT EXISTS idx_users_tenant_id ON users (tenant_id)}
2026-03-20 09:28:11.404 [AUDIT] actor= resource= action= result= corr= tenant= - DDL statement executed successfully {:adapter nil, :statement-preview CREATE INDEX IF NOT EXISTS idx_users_role ON users (role)}
2026-03-20 09:28:11.404 [AUDIT] actor= resource= action= result= corr= tenant= - DDL statement executed successfully {:adapter nil, :statement-preview CREATE INDEX IF NOT EXISTS idx_users_theme ON users (theme)}
2026-03-20 09:28:11.404 [AUDIT] actor= resource= action= result= corr= tenant= - DDL statement executed successfully {:adapter nil, :statement-preview CREATE INDEX IF NOT EXISTS idx_users_date_format ON users (date_format)}
2026-03-20 09:28:11.404 [AUDIT] actor= resource= action= result= corr= tenant= - DDL statement executed successfully {:adapter nil, :statement-preview CREATE INDEX IF NOT EXISTS idx_users_time_format ON users (time_format)}
2026-03-20 09:28:11.404 [AUDIT] actor= resource= action= result= corr= tenant= - DDL statement executed successfully {:adapter nil, :statement-preview CREATE INDEX IF NOT EXISTS idx_users_created_at ON users (created_at)}
2026-03-20 09:28:11.404 [AUDIT] actor= resource= action= result= corr= tenant= - DDL statement executed successfully {:adapter nil, :statement-preview CREATE INDEX IF NOT EXISTS idx_users_updated_at ON users (updated_at)}
2026-03-20 09:28:11.404 [AUDIT] actor= resource= action= result= corr= tenant= - DDL statement executed successfully {:adapter nil, :statement-preview CREATE INDEX IF NOT EXISTS idx_users_deleted_at ON users (deleted_at)}
2026-03-20 09:28:11.404 [AUDIT] actor= resource= action= result= corr= tenant= - DDL statement executed successfully {:adapter nil, :statement-preview CREATE INDEX IF NOT EXISTS idx_users_role ON users (role)}
2026-03-20 09:28:11.404 [AUDIT] actor= resource= action= result= corr= tenant= - DDL statement executed successfully {:adapter nil, :statement-preview CREATE INDEX IF NOT EXISTS idx_user_sessions_user_id ON user_sessions (user_id)}
2026-03-20 09:28:11.404 [AUDIT] actor= resource= action= result= corr= tenant= - DDL statement executed successfully {:adapter nil, :statement-preview CREATE INDEX IF NOT EXISTS idx_user_sessions_expires_at ON user_sessions (expires_at)}
2026-03-20 09:28:11.405 [AUDIT] actor= resource= action= result= corr= tenant= - DDL statement executed successfully {:adapter nil, :statement-preview CREATE INDEX IF NOT EXISTS idx_user_sessions_created_at ON user_sessions (created_at)}
2026-03-20 09:28:11.405 [AUDIT] actor= resource= action= result= corr= tenant= - DDL statement executed successfully {:adapter nil, :statement-preview CREATE INDEX IF NOT EXISTS idx_user_sessions_last_accessed_at ON user_sessions (last_accessed_at)}
2026-03-20 09:28:11.405 [AUDIT] actor= resource= action= result= corr= tenant= - DDL statement executed successfully {:adapter nil, :statement-preview CREATE INDEX IF NOT EXISTS idx_user_sessions_revoked_at ON user_sessions (revoked_at)}
2026-03-20 09:28:11.405 [AUDIT] actor= resource= action= result= corr= tenant= - DDL statement executed successfully {:adapter nil, :statement-preview CREATE INDEX IF NOT EXISTS idx_sessions_token ON user_sessions (session_token)}
2026-03-20 09:28:11.405 [AUDIT] actor= resource= action= result= corr= tenant= - DDL statement executed successfully {:adapter nil, :statement-preview CREATE INDEX IF NOT EXISTS idx_sessions_expires_at ON user_sessions (expires_at)}
2026-03-20 09:28:11.405 [AUDIT] actor= resource= action= result= corr= tenant= - DDL statement executed successfully {:adapter nil, :statement-preview CREATE INDEX IF NOT EXISTS idx_user_audit_log_actor_id ON user_audit_log (actor_id)}
2026-03-20 09:28:11.405 [AUDIT] actor= resource= action= result= corr= tenant= - DDL statement executed successfully {:adapter nil, :statement-preview CREATE INDEX IF NOT EXISTS idx_user_audit_log_target_user_id ON user_audit_log (target_user_id)}
2026-03-20 09:28:11.405 [AUDIT] actor= resource= action= result= corr= tenant= - DDL statement executed successfully {:adapter nil, :statement-preview CREATE INDEX IF NOT EXISTS idx_user_audit_log_action ON user_audit_log (action)}
2026-03-20 09:28:11.405 [AUDIT] actor= resource= action= result= corr= tenant= - DDL statement executed successfully {:adapter nil, :statement-preview CREATE INDEX IF NOT EXISTS idx_user_audit_log_result ON user_audit_log (result)}
2026-03-20 09:28:11.405 [AUDIT] actor= resource= action= result= corr= tenant= - DDL statement executed successfully {:adapter nil, :statement-preview CREATE INDEX IF NOT EXISTS idx_user_audit_log_created_at ON user_audit_log (created_at)}
2026-03-20 09:28:11.406 [AUDIT] actor= resource= action= result= corr= tenant= - Database schema initialization completed successfully {:dialect nil, :tables (auth_users users user_sessions user_audit_log)}
2026-03-20 09:28:11.406 [AUDIT] actor= resource= action= result= corr= tenant= - User module database schema initialized
2026-03-20 09:28:11.407 [AUDIT] actor= resource= action= result= corr= tenant= - Initializing user module routes (normalized format)
2026-03-20 09:28:11.504 [AUDIT] actor= resource= action= result= corr= tenant= - User module routes initialized successfully {:route-keys (:api :web :static), :api-count 9, :web-count 22}
2026-03-20 09:28:14.610 [AUDIT] actor= resource= action= result= corr= tenant= - Processing authentication request {:uri /web/admin/order-items/11d3b951-f647-4c19-9633-02a3cc382711, :method :get, :has-session true, :has-bearer false, :cookies (session-token Idea-2e373df0), :session-token-value ymDLwZV0}
2026-03-20 09:28:14.610 [AUDIT] actor= resource= action= result= corr= tenant= - Attempting session authentication {:token-preview ymDLwZV0}
2026-03-20 09:28:14.610 [AUDIT] actor= resource= action= result= corr= tenant= - Validating session token {:session-token ymDLwZV0ecICKXkGsAksmDkSFHuUZ42QqC3OLyQyrVU=, :uri /web/admin/order-items/11d3b951-f647-4c19-9633-02a3cc382711}
2026-03-20 09:28:14.615 [AUDIT] actor= resource= action= result= corr= tenant= - Database operation successful: find-session-by-token {:session-token ymDLwZV0ecICKXkGsAksmDkSFHuUZ42QqC3OLyQyrVU=, :duration-ms 3.471292}
2026-03-20 09:28:14.617 [AUDIT] actor= resource= action= result= corr= tenant= - Database operation successful: update-session {:session-entity {:expires-at #object[java.time.Instant 0x50174b9b 2026-03-20T16:20:51.781320Z], :user-agent Mozilla/5.0 (Macintosh; Intel Mac OS X 10_15_7) AppleWebKit/605.1.15 (KHTML, like Gecko) Version/26.3.1 Safari/605.1.15, :session-token ymDLwZV0ecICKXkGsAksmDkSFHuUZ42QqC3OLyQyrVU=, :user-id #uuid "d5fa63dd-4d30-4f4f-9237-6df5ae005e6d", :last-accessed-at #object[java.time.Instant 0x67f1987b 2026-03-20T08:28:14.615934Z], :id #uuid "e12f2e6f-7726-41df-87b1-900fba57e3a7", :revoked-at nil, :created-at #object[java.time.Instant 0x269fb31 2026-03-20T08:20:52.054410Z], :ip-address [0:0:0:0:0:0:0:1]}, :duration-ms 0.394208}
2026-03-20 09:28:14.617 [AUDIT] actor= resource= action= result= corr= tenant= - Session validation successful {:user-id #uuid "d5fa63dd-4d30-4f4f-9237-6df5ae005e6d"}
2026-03-20 09:28:14.619 [AUDIT] actor= resource= action= result= corr= tenant= - Database operation successful: find-user-by-id {:user-id #uuid "d5fa63dd-4d30-4f4f-9237-6df5ae005e6d", :duration-ms 1.715041}
2026-03-20 09:28:14.621 [AUDIT] actor= resource= action= result= corr= tenant= - Database operation successful: admin-get-entity {:entity order-items, :id #uuid "11d3b951-f647-4c19-9633-02a3cc382711", :duration-ms 0.597458}
2026-03-20 09:28:16.903 [AUDIT] actor= resource= action= result= corr= tenant= - Processing authentication request {:uri /web/admin/orders, :method :get, :has-session true, :has-bearer false, :cookies (session-token Idea-2e373df0), :session-token-value ymDLwZV0}
2026-03-20 09:28:16.903 [AUDIT] actor= resource= action= result= corr= tenant= - Attempting session authentication {:token-preview ymDLwZV0}
2026-03-20 09:28:16.904 [AUDIT] actor= resource= action= result= corr= tenant= - Validating session token {:session-token ymDLwZV0ecICKXkGsAksmDkSFHuUZ42QqC3OLyQyrVU=, :uri /web/admin/orders}
2026-03-20 09:28:16.909 [AUDIT] actor= resource= action= result= corr= tenant= - Database operation successful: find-session-by-token {:session-token ymDLwZV0ecICKXkGsAksmDkSFHuUZ42QqC3OLyQyrVU=, :duration-ms 4.380208}
2026-03-20 09:28:16.912 [AUDIT] actor= resource= action= result= corr= tenant= - Database operation successful: update-session {:session-entity {:expires-at #object[java.time.Instant 0x4a956d2e 2026-03-20T16:20:51.781320Z], :user-agent Mozilla/5.0 (Macintosh; Intel Mac OS X 10_15_7) AppleWebKit/605.1.15 (KHTML, like Gecko) Version/26.3.1 Safari/605.1.15, :session-token ymDLwZV0ecICKXkGsAksmDkSFHuUZ42QqC3OLyQyrVU=, :user-id #uuid "d5fa63dd-4d30-4f4f-9237-6df5ae005e6d", :last-accessed-at #object[java.time.Instant 0x5982932c 2026-03-20T08:28:16.910044Z], :id #uuid "e12f2e6f-7726-41df-87b1-900fba57e3a7", :revoked-at nil, :created-at #object[java.time.Instant 0x430863c1 2026-03-20T08:20:52.054410Z], :ip-address [0:0:0:0:0:0:0:1]}, :duration-ms 1.370375}
2026-03-20 09:28:16.912 [AUDIT] actor= resource= action= result= corr= tenant= - Session validation successful {:user-id #uuid "d5fa63dd-4d30-4f4f-9237-6df5ae005e6d"}
2026-03-20 09:28:16.915 [AUDIT] actor= resource= action= result= corr= tenant= - Database operation successful: find-user-by-id {:user-id #uuid "d5fa63dd-4d30-4f4f-9237-6df5ae005e6d", :duration-ms 2.345625}
2026-03-20 09:28:16.923 [AUDIT] actor= resource= action= result= corr= tenant= - Database operation successful: admin-list-entities {:entity orders, :limit nil, :offset nil, :duration-ms 4.678167}
2026-03-20 09:28:18.973 [AUDIT] actor= resource= action= result= corr= tenant= - Processing authentication request {:uri /web/admin/orders/4e9f13d4-ba12-4110-8648-1b82d7df63d9, :method :get, :has-session true, :has-bearer false, :cookies (session-token Idea-2e373df0), :session-token-value ymDLwZV0}
2026-03-20 09:28:18.973 [AUDIT] actor= resource= action= result= corr= tenant= - Attempting session authentication {:token-preview ymDLwZV0}
2026-03-20 09:28:18.974 [AUDIT] actor= resource= action= result= corr= tenant= - Validating session token {:session-token ymDLwZV0ecICKXkGsAksmDkSFHuUZ42QqC3OLyQyrVU=, :uri /web/admin/orders/4e9f13d4-ba12-4110-8648-1b82d7df63d9}
2026-03-20 09:28:18.977 [AUDIT] actor= resource= action= result= corr= tenant= - Database operation successful: find-session-by-token {:session-token ymDLwZV0ecICKXkGsAksmDkSFHuUZ42QqC3OLyQyrVU=, :duration-ms 2.48325}
2026-03-20 09:28:18.978 [AUDIT] actor= resource= action= result= corr= tenant= - Database operation successful: update-session {:session-entity {:expires-at #object[java.time.Instant 0x6136785f 2026-03-20T16:20:51.781320Z], :user-agent Mozilla/5.0 (Macintosh; Intel Mac OS X 10_15_7) AppleWebKit/605.1.15 (KHTML, like Gecko) Version/26.3.1 Safari/605.1.15, :session-token ymDLwZV0ecICKXkGsAksmDkSFHuUZ42QqC3OLyQyrVU=, :user-id #uuid "d5fa63dd-4d30-4f4f-9237-6df5ae005e6d", :last-accessed-at #object[java.time.Instant 0x6ff19a09 2026-03-20T08:28:18.977343Z], :id #uuid "e12f2e6f-7726-41df-87b1-900fba57e3a7", :revoked-at nil, :created-at #object[java.time.Instant 0x6bce132f 2026-03-20T08:20:52.054410Z], :ip-address [0:0:0:0:0:0:0:1]}, :duration-ms 0.742833}
2026-03-20 09:28:18.979 [AUDIT] actor= resource= action= result= corr= tenant= - Session validation successful {:user-id #uuid "d5fa63dd-4d30-4f4f-9237-6df5ae005e6d"}
2026-03-20 09:28:18.981 [AUDIT] actor= resource= action= result= corr= tenant= - Database operation successful: find-user-by-id {:user-id #uuid "d5fa63dd-4d30-4f4f-9237-6df5ae005e6d", :duration-ms 1.42675}
2026-03-20 09:28:18.983 [AUDIT] actor= resource= action= result= corr= tenant= - Database operation successful: admin-get-entity {:entity orders, :id #uuid "4e9f13d4-ba12-4110-8648-1b82d7df63d9", :duration-ms 1.219333}
2026-03-20 09:28:18.987 [AUDIT] actor= resource= action= result= corr= tenant= - Database operation successful: admin-list-related-entities {:parent-id 4e9f13d4-ba12-4110-8648-1b82d7df63d9, :entity order-items, :duration-ms 0.43825}
2026-03-20 09:28:21.832 [AUDIT] actor= resource= action= result= corr= tenant= - Processing authentication request {:uri /web/admin/order-items/11d3b951-f647-4c19-9633-02a3cc382711, :method :get, :has-session true, :has-bearer false, :cookies (session-token Idea-2e373df0), :session-token-value ymDLwZV0}
2026-03-20 09:28:21.833 [AUDIT] actor= resource= action= result= corr= tenant= - Attempting session authentication {:token-preview ymDLwZV0}
2026-03-20 09:28:21.833 [AUDIT] actor= resource= action= result= corr= tenant= - Validating session token {:session-token ymDLwZV0ecICKXkGsAksmDkSFHuUZ42QqC3OLyQyrVU=, :uri /web/admin/order-items/11d3b951-f647-4c19-9633-02a3cc382711}
2026-03-20 09:28:21.836 [AUDIT] actor= resource= action= result= corr= tenant= - Database operation successful: find-session-by-token {:session-token ymDLwZV0ecICKXkGsAksmDkSFHuUZ42QqC3OLyQyrVU=, :duration-ms 2.907375}
2026-03-20 09:28:21.837 [AUDIT] actor= resource= action= result= corr= tenant= - Database operation successful: update-session {:session-entity {:expires-at #object[java.time.Instant 0x223e4eeb 2026-03-20T16:20:51.781320Z], :user-agent Mozilla/5.0 (Macintosh; Intel Mac OS X 10_15_7) AppleWebKit/605.1.15 (KHTML, like Gecko) Version/26.3.1 Safari/605.1.15, :session-token ymDLwZV0ecICKXkGsAksmDkSFHuUZ42QqC3OLyQyrVU=, :user-id #uuid "d5fa63dd-4d30-4f4f-9237-6df5ae005e6d", :last-accessed-at #object[java.time.Instant 0x673cd4c8 2026-03-20T08:28:21.836766Z], :id #uuid "e12f2e6f-7726-41df-87b1-900fba57e3a7", :revoked-at nil, :created-at #object[java.time.Instant 0x7ecfdf49 2026-03-20T08:20:52.054410Z], :ip-address [0:0:0:0:0:0:0:1]}, :duration-ms 0.82225}
2026-03-20 09:28:21.838 [AUDIT] actor= resource= action= result= corr= tenant= - Session validation successful {:user-id #uuid "d5fa63dd-4d30-4f4f-9237-6df5ae005e6d"}
2026-03-20 09:28:21.840 [AUDIT] actor= resource= action= result= corr= tenant= - Database operation successful: find-user-by-id {:user-id #uuid "d5fa63dd-4d30-4f4f-9237-6df5ae005e6d", :duration-ms 1.678916}
2026-03-20 09:28:21.842 [AUDIT] actor= resource= action= result= corr= tenant= - Database operation successful: admin-get-entity {:entity order-items, :id #uuid "11d3b951-f647-4c19-9633-02a3cc382711", :duration-ms 1.201209}
2026-03-20 09:28:25.216 [AUDIT] actor= resource= action= result= corr= tenant= - Processing authentication request {:uri /web/admin/orders/4e9f13d4-ba12-4110-8648-1b82d7df63d9, :method :get, :has-session true, :has-bearer false, :cookies (session-token Idea-2e373df0), :session-token-value ymDLwZV0}
2026-03-20 09:28:25.216 [AUDIT] actor= resource= action= result= corr= tenant= - Attempting session authentication {:token-preview ymDLwZV0}
2026-03-20 09:28:25.216 [AUDIT] actor= resource= action= result= corr= tenant= - Validating session token {:session-token ymDLwZV0ecICKXkGsAksmDkSFHuUZ42QqC3OLyQyrVU=, :uri /web/admin/orders/4e9f13d4-ba12-4110-8648-1b82d7df63d9}
2026-03-20 09:28:25.218 [AUDIT] actor= resource= action= result= corr= tenant= - Database operation successful: find-session-by-token {:session-token ymDLwZV0ecICKXkGsAksmDkSFHuUZ42QqC3OLyQyrVU=, :duration-ms 1.992708}
2026-03-20 09:28:25.223 [AUDIT] actor= resource= action= result= corr= tenant= - Database operation successful: update-session {:session-entity {:expires-at #object[java.time.Instant 0x169d3a87 2026-03-20T16:20:51.781320Z], :user-agent Mozilla/5.0 (Macintosh; Intel Mac OS X 10_15_7) AppleWebKit/605.1.15 (KHTML, like Gecko) Version/26.3.1 Safari/605.1.15, :session-token ymDLwZV0ecICKXkGsAksmDkSFHuUZ42QqC3OLyQyrVU=, :user-id #uuid "d5fa63dd-4d30-4f4f-9237-6df5ae005e6d", :last-accessed-at #object[java.time.Instant 0x417c4bf7 2026-03-20T08:28:25.219080Z], :id #uuid "e12f2e6f-7726-41df-87b1-900fba57e3a7", :revoked-at nil, :created-at #object[java.time.Instant 0x31461936 2026-03-20T08:20:52.054410Z], :ip-address [0:0:0:0:0:0:0:1]}, :duration-ms 3.721917}
2026-03-20 09:28:25.223 [AUDIT] actor= resource= action= result= corr= tenant= - Session validation successful {:user-id #uuid "d5fa63dd-4d30-4f4f-9237-6df5ae005e6d"}
2026-03-20 09:28:25.225 [AUDIT] actor= resource= action= result= corr= tenant= - Database operation successful: find-user-by-id {:user-id #uuid "d5fa63dd-4d30-4f4f-9237-6df5ae005e6d", :duration-ms 1.986}
2026-03-20 09:28:25.228 [AUDIT] actor= resource= action= result= corr= tenant= - Database operation successful: admin-get-entity {:entity orders, :id #uuid "4e9f13d4-ba12-4110-8648-1b82d7df63d9", :duration-ms 1.405542}
2026-03-20 09:28:25.231 [AUDIT] actor= resource= action= result= corr= tenant= - Database operation successful: admin-list-related-entities {:parent-id 4e9f13d4-ba12-4110-8648-1b82d7df63d9, :entity order-items, :duration-ms 0.411333}
2026-03-20 09:28:32.443 [AUDIT] actor= resource= action= result= corr= tenant= - Processing authentication request {:uri /web/admin/orders, :method :get, :has-session true, :has-bearer false, :cookies (session-token Idea-2e373df0), :session-token-value ymDLwZV0}
2026-03-20 09:28:32.444 [AUDIT] actor= resource= action= result= corr= tenant= - Attempting session authentication {:token-preview ymDLwZV0}
2026-03-20 09:28:32.444 [AUDIT] actor= resource= action= result= corr= tenant= - Validating session token {:session-token ymDLwZV0ecICKXkGsAksmDkSFHuUZ42QqC3OLyQyrVU=, :uri /web/admin/orders}
2026-03-20 09:28:32.447 [AUDIT] actor= resource= action= result= corr= tenant= - Database operation successful: find-session-by-token {:session-token ymDLwZV0ecICKXkGsAksmDkSFHuUZ42QqC3OLyQyrVU=, :duration-ms 2.39425}
2026-03-20 09:28:32.449 [AUDIT] actor= resource= action= result= corr= tenant= - Database operation successful: update-session {:session-entity {:expires-at #object[java.time.Instant 0x56917025 2026-03-20T16:20:51.781320Z], :user-agent Mozilla/5.0 (Macintosh; Intel Mac OS X 10_15_7) AppleWebKit/605.1.15 (KHTML, like Gecko) Version/26.3.1 Safari/605.1.15, :session-token ymDLwZV0ecICKXkGsAksmDkSFHuUZ42QqC3OLyQyrVU=, :user-id #uuid "d5fa63dd-4d30-4f4f-9237-6df5ae005e6d", :last-accessed-at #object[java.time.Instant 0x688250a 2026-03-20T08:28:32.447805Z], :id #uuid "e12f2e6f-7726-41df-87b1-900fba57e3a7", :revoked-at nil, :created-at #object[java.time.Instant 0x7132b87 2026-03-20T08:20:52.054410Z], :ip-address [0:0:0:0:0:0:0:1]}, :duration-ms 1.649875}
2026-03-20 09:28:32.449 [AUDIT] actor= resource= action= result= corr= tenant= - Session validation successful {:user-id #uuid "d5fa63dd-4d30-4f4f-9237-6df5ae005e6d"}
2026-03-20 09:28:32.451 [AUDIT] actor= resource= action= result= corr= tenant= - Database operation successful: find-user-by-id {:user-id #uuid "d5fa63dd-4d30-4f4f-9237-6df5ae005e6d", :duration-ms 1.764709}
2026-03-20 09:28:32.455 [AUDIT] actor= resource= action= result= corr= tenant= - Database operation successful: admin-list-entities {:entity orders, :limit nil, :offset nil, :duration-ms 1.694125}
2026-03-20 09:28:36.686 [AUDIT] actor= resource= action= result= corr= tenant= - Processing authentication request {:uri /web/admin/orders/4e9f13d4-ba12-4110-8648-1b82d7df63d9, :method :get, :has-session true, :has-bearer false, :cookies (session-token Idea-2e373df0), :session-token-value ymDLwZV0}
2026-03-20 09:28:36.686 [AUDIT] actor= resource= action= result= corr= tenant= - Attempting session authentication {:token-preview ymDLwZV0}
2026-03-20 09:28:36.686 [AUDIT] actor= resource= action= result= corr= tenant= - Validating session token {:session-token ymDLwZV0ecICKXkGsAksmDkSFHuUZ42QqC3OLyQyrVU=, :uri /web/admin/orders/4e9f13d4-ba12-4110-8648-1b82d7df63d9}
2026-03-20 09:28:36.692 [AUDIT] actor= resource= action= result= corr= tenant= - Database operation successful: find-session-by-token {:session-token ymDLwZV0ecICKXkGsAksmDkSFHuUZ42QqC3OLyQyrVU=, :duration-ms 5.402}
2026-03-20 09:28:36.694 [AUDIT] actor= resource= action= result= corr= tenant= - Database operation successful: update-session {:session-entity {:expires-at #object[java.time.Instant 0x4ba09d53 2026-03-20T16:20:51.781320Z], :user-agent Mozilla/5.0 (Macintosh; Intel Mac OS X 10_15_7) AppleWebKit/605.1.15 (KHTML, like Gecko) Version/26.3.1 Safari/605.1.15, :session-token ymDLwZV0ecICKXkGsAksmDkSFHuUZ42QqC3OLyQyrVU=, :user-id #uuid "d5fa63dd-4d30-4f4f-9237-6df5ae005e6d", :last-accessed-at #object[java.time.Instant 0x3496cfa2 2026-03-20T08:28:36.692652Z], :id #uuid "e12f2e6f-7726-41df-87b1-900fba57e3a7", :revoked-at nil, :created-at #object[java.time.Instant 0x17160934 2026-03-20T08:20:52.054410Z], :ip-address [0:0:0:0:0:0:0:1]}, :duration-ms 1.227625}
2026-03-20 09:28:36.694 [AUDIT] actor= resource= action= result= corr= tenant= - Session validation successful {:user-id #uuid "d5fa63dd-4d30-4f4f-9237-6df5ae005e6d"}
2026-03-20 09:28:36.696 [AUDIT] actor= resource= action= result= corr= tenant= - Database operation successful: find-user-by-id {:user-id #uuid "d5fa63dd-4d30-4f4f-9237-6df5ae005e6d", :duration-ms 1.76525}
2026-03-20 09:28:36.699 [AUDIT] actor= resource= action= result= corr= tenant= - Database operation successful: admin-get-entity {:entity orders, :id #uuid "4e9f13d4-ba12-4110-8648-1b82d7df63d9", :duration-ms 1.4045}
2026-03-20 09:28:36.701 [AUDIT] actor= resource= action= result= corr= tenant= - Database operation successful: admin-list-related-entities {:parent-id 4e9f13d4-ba12-4110-8648-1b82d7df63d9, :entity order-items, :duration-ms 0.377375}
2026-03-20 09:35:26.766 [AUDIT] actor= resource= action= result= corr= tenant= - Processing authentication request {:uri /web/admin/orders, :method :get, :has-session true, :has-bearer false, :cookies (session-token Idea-2e373df0), :session-token-value ymDLwZV0}
2026-03-20 09:35:26.767 [AUDIT] actor= resource= action= result= corr= tenant= - Attempting session authentication {:token-preview ymDLwZV0}
2026-03-20 09:35:26.767 [AUDIT] actor= resource= action= result= corr= tenant= - Validating session token {:session-token ymDLwZV0ecICKXkGsAksmDkSFHuUZ42QqC3OLyQyrVU=, :uri /web/admin/orders}
2026-03-20 09:35:26.771 [AUDIT] actor= resource= action= result= corr= tenant= - Database operation successful: find-session-by-token {:session-token ymDLwZV0ecICKXkGsAksmDkSFHuUZ42QqC3OLyQyrVU=, :duration-ms 4.01}
2026-03-20 09:35:26.773 [AUDIT] actor= resource= action= result= corr= tenant= - Database operation successful: update-session {:session-entity {:expires-at #object[java.time.Instant 0x77370ab2 2026-03-20T16:20:51.781320Z], :user-agent Mozilla/5.0 (Macintosh; Intel Mac OS X 10_15_7) AppleWebKit/605.1.15 (KHTML, like Gecko) Version/26.3.1 Safari/605.1.15, :session-token ymDLwZV0ecICKXkGsAksmDkSFHuUZ42QqC3OLyQyrVU=, :user-id #uuid "d5fa63dd-4d30-4f4f-9237-6df5ae005e6d", :last-accessed-at #object[java.time.Instant 0x7308908c 2026-03-20T08:35:26.771997Z], :id #uuid "e12f2e6f-7726-41df-87b1-900fba57e3a7", :revoked-at nil, :created-at #object[java.time.Instant 0x360a0089 2026-03-20T08:20:52.054410Z], :ip-address [0:0:0:0:0:0:0:1]}, :duration-ms 1.315333}
2026-03-20 09:35:26.774 [AUDIT] actor= resource= action= result= corr= tenant= - Session validation successful {:user-id #uuid "d5fa63dd-4d30-4f4f-9237-6df5ae005e6d"}
2026-03-20 09:35:26.776 [AUDIT] actor= resource= action= result= corr= tenant= - Database operation successful: find-user-by-id {:user-id #uuid "d5fa63dd-4d30-4f4f-9237-6df5ae005e6d", :duration-ms 1.695583}
2026-03-20 09:35:26.780 [AUDIT] actor= resource= action= result= corr= tenant= - Database operation successful: admin-list-entities {:entity orders, :limit nil, :offset nil, :duration-ms 2.278125}
2026-03-20 09:35:36.039 [AUDIT] actor= resource= action= result= corr= tenant= - User module routes halted (no cleanup needed)
2026-03-20 09:35:36.039 [AUDIT] actor= resource= action= result= corr= tenant= - User module database schema component halted
2026-03-20 09:35:36.040 [AUDIT] actor= resource= action= result= corr= tenant= - User service halted (no cleanup needed)
2026-03-20 09:35:36.040 [AUDIT] actor= resource= action= result= corr= tenant= - Authentication service halted (no cleanup needed)
2026-03-20 09:35:36.040 [AUDIT] actor= resource= action= result= corr= tenant= - Session repository halted (no cleanup needed)
2026-03-20 09:35:36.040 [AUDIT] actor= resource= action= result= corr= tenant= - MFA service halted (no cleanup needed)
2026-03-20 09:35:36.040 [AUDIT] actor= resource= action= result= corr= tenant= - User repository halted (no cleanup needed)
2026-03-20 09:35:36.040 [AUDIT] actor= resource= action= result= corr= tenant= - Audit repository halted (no cleanup needed)
2026-03-20 09:35:36.040 [AUDIT] actor= resource= action= result= corr= tenant= - Closing database context {:adapter nil}
2026-03-20 09:35:36.040 [AUDIT] actor= resource= action= result= corr= tenant= - Closing database connection pool {:pool-name default-Pool}
2026-03-20 09:35:36.041 [AUDIT] actor= resource= action= result= corr= tenant= - Database connection pool closed {:pool-name default-Pool}
2026-03-20 09:35:40.669 [AUDIT] actor= resource= action= result= corr= tenant= - Creating database connection pool {:adapter nil, :pool-size 5, :pool-name default-Pool}
2026-03-20 09:35:40.905 [AUDIT] actor= resource= action= result= corr= tenant= - SQLite PRAGMA initialization completed {:successful-pragmas 7, :failed-pragmas 0, :total-pragmas 7}
2026-03-20 09:35:40.905 [AUDIT] actor= resource= action= result= corr= tenant= - Database connection pool created successfully {:adapter nil, :pool-name default-Pool}
2026-03-20 09:35:40.906 [AUDIT] actor= resource= action= result= corr= tenant= - Created database context {:adapter nil}
2026-03-20 09:35:40.910 [AUDIT] actor= resource= action= result= corr= tenant= - Initializing audit repository
2026-03-20 09:35:40.911 [AUDIT] actor= resource= action= result= corr= tenant= - Audit repository initialized
2026-03-20 09:35:40.911 [AUDIT] actor= resource= action= result= corr= tenant= - Initializing user repository
2026-03-20 09:35:40.914 [AUDIT] actor= resource= action= result= corr= tenant= - User repository initialized
2026-03-20 09:35:40.915 [AUDIT] actor= resource= action= result= corr= tenant= - Initializing MFA service
2026-03-20 09:35:40.915 [AUDIT] actor= resource= action= result= corr= tenant= - MFA service initialized
2026-03-20 09:35:40.915 [AUDIT] actor= resource= action= result= corr= tenant= - Initializing session repository
2026-03-20 09:35:40.915 [AUDIT] actor= resource= action= result= corr= tenant= - Session repository initialized
2026-03-20 09:35:40.915 [AUDIT] actor= resource= action= result= corr= tenant= - Initializing authentication service
2026-03-20 09:35:40.916 [AUDIT] actor= resource= action= result= corr= tenant= - Authentication service initialized
2026-03-20 09:35:40.916 [AUDIT] actor= resource= action= result= corr= tenant= - Initializing user service {:cache-enabled? false}
2026-03-20 09:35:40.916 [AUDIT] actor= resource= action= result= corr= tenant= - User service initialized
2026-03-20 09:35:40.918 [AUDIT] actor= resource= action= result= corr= tenant= - Initializing user module database schema
2026-03-20 09:35:40.918 [AUDIT] actor= resource= action= result= corr= tenant= - Initializing user schema from Malli definitions (split-table architecture)
2026-03-20 09:35:40.919 [AUDIT] actor= resource= action= result= corr= tenant= - Initializing database schema from Malli definitions {:dialect nil, :tables (auth_users users user_sessions user_audit_log)}
2026-03-20 09:35:40.920 [AUDIT] actor= resource= action= result= corr= tenant= - DDL statement executed successfully {:adapter nil, :statement-preview CREATE TABLE IF NOT EXISTS auth_users (
  id UUID NOT NULL PRIMARY KEY,
  email VARCHAR(255) NOT NULL,
  password_hash VARCHAR(255) NOT NULL,
  active BOOLEAN NOT NULL DEFAULT true,
  mfa_enabled BOOLEAN,
  mfa_secret VARCHAR(255),
  mfa_backup_codes VARCHAR(255),
  mfa_backup_codes_used VARCHAR(255),
  mfa_enabled_at VARCHAR(255),
  failed_login_count INTEGER,
  lockout_until VARCHAR(255),
  created_at VARCHAR(255) NOT NULL,
  updated_at VARCHAR(255),
  deleted_at VARCHAR(255),
  CONSTRAINT uk_auth_users_email UNIQUE(email)
);}
2026-03-20 09:35:40.921 [AUDIT] actor= resource= action= result= corr= tenant= - DDL statement executed successfully {:adapter nil, :statement-preview CREATE TABLE IF NOT EXISTS users (
  id UUID NOT NULL PRIMARY KEY,
  tenant_id UUID,
  name VARCHAR(255) NOT NULL,
  role VARCHAR(50) NOT NULL CHECK(role IN ('admin', 'user', 'viewer')),
  avatar_url VARCHAR(255),
  login_count INTEGER,
  last_login VARCHAR(255),
  notifications_email BOOLEAN,
  notifications_push BOOLEAN,
  notifications_sms BOOLEAN,
  theme VARCHAR(50) CHECK(theme IN ('light', 'dark', 'auto')),
  language VARCHAR(255),
  timezone VARCHAR(255),
  date_format VARCHAR(50) CHECK(date_format IN ('iso', 'us', 'eu')),
  time_format VARCHAR(50) CHECK(time_format IN ('12h', '24h')),
  created_at VARCHAR(255) NOT NULL,
  updated_at VARCHAR(255),
  deleted_at VARCHAR(255)
);}
2026-03-20 09:35:40.921 [AUDIT] actor= resource= action= result= corr= tenant= - DDL statement executed successfully {:adapter nil, :statement-preview CREATE TABLE IF NOT EXISTS user_sessions (
  id UUID NOT NULL PRIMARY KEY,
  user_id UUID NOT NULL,
  session_token VARCHAR(255) NOT NULL,
  expires_at VARCHAR(255) NOT NULL,
  created_at VARCHAR(255) NOT NULL,
  last_accessed_at VARCHAR(255),
  revoked_at VARCHAR(255),
  user_agent VARCHAR(255),
  ip_address VARCHAR(255),
  CONSTRAINT uk_user_sessions_token UNIQUE(session_token)
);}
2026-03-20 09:35:40.921 [AUDIT] actor= resource= action= result= corr= tenant= - DDL statement executed successfully {:adapter nil, :statement-preview CREATE TABLE IF NOT EXISTS user_audit_log (
  id UUID NOT NULL PRIMARY KEY,
  action VARCHAR(50) NOT NULL CHECK(action IN ('create', 'update', 'delete', 'activate', 'deactivate', 'role-change', 'bulk-action', 'login', 'logout')),
  actor_id UUID,
  actor_email VARCHAR(255),
  target_user_id UUID NOT NULL,
  target_user_email VARCHAR(255) NOT NULL,
  changes JSONB,
  metadata JSONB,
  ip_address VARCHAR(255),
  user_agent VARCHAR(255),
  result VARCHAR(50) NOT NULL CHECK(result IN ('success', 'failure')),
  error_message VARCHAR(255),
  created_at VARCHAR(255) NOT NULL
);}
2026-03-20 09:35:40.922 [AUDIT] actor= resource= action= result= corr= tenant= - DDL statement executed successfully {:adapter nil, :statement-preview CREATE INDEX IF NOT EXISTS idx_auth_users_mfa_enabled_at ON auth_users (mfa_enabled_at)}
2026-03-20 09:35:40.922 [AUDIT] actor= resource= action= result= corr= tenant= - DDL statement executed successfully {:adapter nil, :statement-preview CREATE INDEX IF NOT EXISTS idx_auth_users_created_at ON auth_users (created_at)}
2026-03-20 09:35:40.922 [AUDIT] actor= resource= action= result= corr= tenant= - DDL statement executed successfully {:adapter nil, :statement-preview CREATE INDEX IF NOT EXISTS idx_auth_users_updated_at ON auth_users (updated_at)}
2026-03-20 09:35:40.922 [AUDIT] actor= resource= action= result= corr= tenant= - DDL statement executed successfully {:adapter nil, :statement-preview CREATE INDEX IF NOT EXISTS idx_auth_users_deleted_at ON auth_users (deleted_at)}
2026-03-20 09:35:40.922 [AUDIT] actor= resource= action= result= corr= tenant= - DDL statement executed successfully {:adapter nil, :statement-preview CREATE INDEX IF NOT EXISTS idx_auth_users_email ON auth_users (email)}
2026-03-20 09:35:40.922 [AUDIT] actor= resource= action= result= corr= tenant= - DDL statement executed successfully {:adapter nil, :statement-preview CREATE INDEX IF NOT EXISTS idx_auth_users_active ON auth_users (active)}
2026-03-20 09:35:40.922 [AUDIT] actor= resource= action= result= corr= tenant= - DDL statement executed successfully {:adapter nil, :statement-preview CREATE INDEX IF NOT EXISTS idx_users_tenant_id ON users (tenant_id)}
2026-03-20 09:35:40.923 [AUDIT] actor= resource= action= result= corr= tenant= - DDL statement executed successfully {:adapter nil, :statement-preview CREATE INDEX IF NOT EXISTS idx_users_role ON users (role)}
2026-03-20 09:35:40.923 [AUDIT] actor= resource= action= result= corr= tenant= - DDL statement executed successfully {:adapter nil, :statement-preview CREATE INDEX IF NOT EXISTS idx_users_theme ON users (theme)}
2026-03-20 09:35:40.923 [AUDIT] actor= resource= action= result= corr= tenant= - DDL statement executed successfully {:adapter nil, :statement-preview CREATE INDEX IF NOT EXISTS idx_users_date_format ON users (date_format)}
2026-03-20 09:35:40.923 [AUDIT] actor= resource= action= result= corr= tenant= - DDL statement executed successfully {:adapter nil, :statement-preview CREATE INDEX IF NOT EXISTS idx_users_time_format ON users (time_format)}
2026-03-20 09:35:40.923 [AUDIT] actor= resource= action= result= corr= tenant= - DDL statement executed successfully {:adapter nil, :statement-preview CREATE INDEX IF NOT EXISTS idx_users_created_at ON users (created_at)}
2026-03-20 09:35:40.923 [AUDIT] actor= resource= action= result= corr= tenant= - DDL statement executed successfully {:adapter nil, :statement-preview CREATE INDEX IF NOT EXISTS idx_users_updated_at ON users (updated_at)}
2026-03-20 09:35:40.923 [AUDIT] actor= resource= action= result= corr= tenant= - DDL statement executed successfully {:adapter nil, :statement-preview CREATE INDEX IF NOT EXISTS idx_users_deleted_at ON users (deleted_at)}
2026-03-20 09:35:40.923 [AUDIT] actor= resource= action= result= corr= tenant= - DDL statement executed successfully {:adapter nil, :statement-preview CREATE INDEX IF NOT EXISTS idx_users_role ON users (role)}
2026-03-20 09:35:40.923 [AUDIT] actor= resource= action= result= corr= tenant= - DDL statement executed successfully {:adapter nil, :statement-preview CREATE INDEX IF NOT EXISTS idx_user_sessions_user_id ON user_sessions (user_id)}
2026-03-20 09:35:40.923 [AUDIT] actor= resource= action= result= corr= tenant= - DDL statement executed successfully {:adapter nil, :statement-preview CREATE INDEX IF NOT EXISTS idx_user_sessions_expires_at ON user_sessions (expires_at)}
2026-03-20 09:35:40.923 [AUDIT] actor= resource= action= result= corr= tenant= - DDL statement executed successfully {:adapter nil, :statement-preview CREATE INDEX IF NOT EXISTS idx_user_sessions_created_at ON user_sessions (created_at)}
2026-03-20 09:35:40.924 [AUDIT] actor= resource= action= result= corr= tenant= - DDL statement executed successfully {:adapter nil, :statement-preview CREATE INDEX IF NOT EXISTS idx_user_sessions_last_accessed_at ON user_sessions (last_accessed_at)}
2026-03-20 09:35:40.924 [AUDIT] actor= resource= action= result= corr= tenant= - DDL statement executed successfully {:adapter nil, :statement-preview CREATE INDEX IF NOT EXISTS idx_user_sessions_revoked_at ON user_sessions (revoked_at)}
2026-03-20 09:35:40.924 [AUDIT] actor= resource= action= result= corr= tenant= - DDL statement executed successfully {:adapter nil, :statement-preview CREATE INDEX IF NOT EXISTS idx_sessions_token ON user_sessions (session_token)}
2026-03-20 09:35:40.924 [AUDIT] actor= resource= action= result= corr= tenant= - DDL statement executed successfully {:adapter nil, :statement-preview CREATE INDEX IF NOT EXISTS idx_sessions_expires_at ON user_sessions (expires_at)}
2026-03-20 09:35:40.924 [AUDIT] actor= resource= action= result= corr= tenant= - DDL statement executed successfully {:adapter nil, :statement-preview CREATE INDEX IF NOT EXISTS idx_user_audit_log_actor_id ON user_audit_log (actor_id)}
2026-03-20 09:35:40.924 [AUDIT] actor= resource= action= result= corr= tenant= - DDL statement executed successfully {:adapter nil, :statement-preview CREATE INDEX IF NOT EXISTS idx_user_audit_log_target_user_id ON user_audit_log (target_user_id)}
2026-03-20 09:35:40.924 [AUDIT] actor= resource= action= result= corr= tenant= - DDL statement executed successfully {:adapter nil, :statement-preview CREATE INDEX IF NOT EXISTS idx_user_audit_log_action ON user_audit_log (action)}
2026-03-20 09:35:40.924 [AUDIT] actor= resource= action= result= corr= tenant= - DDL statement executed successfully {:adapter nil, :statement-preview CREATE INDEX IF NOT EXISTS idx_user_audit_log_result ON user_audit_log (result)}
2026-03-20 09:35:40.924 [AUDIT] actor= resource= action= result= corr= tenant= - DDL statement executed successfully {:adapter nil, :statement-preview CREATE INDEX IF NOT EXISTS idx_user_audit_log_created_at ON user_audit_log (created_at)}
2026-03-20 09:35:40.924 [AUDIT] actor= resource= action= result= corr= tenant= - Database schema initialization completed successfully {:dialect nil, :tables (auth_users users user_sessions user_audit_log)}
2026-03-20 09:35:40.925 [AUDIT] actor= resource= action= result= corr= tenant= - User module database schema initialized
2026-03-20 09:35:40.925 [AUDIT] actor= resource= action= result= corr= tenant= - Initializing user module routes (normalized format)
2026-03-20 09:35:41.018 [AUDIT] actor= resource= action= result= corr= tenant= - User module routes initialized successfully {:route-keys (:api :web :static), :api-count 9, :web-count 22}
2026-03-20 09:35:46.961 [AUDIT] actor= resource= action= result= corr= tenant= - Processing authentication request {:uri /web/admin/orders, :method :get, :has-session true, :has-bearer false, :cookies (session-token Idea-2e373df0), :session-token-value ymDLwZV0}
2026-03-20 09:35:46.961 [AUDIT] actor= resource= action= result= corr= tenant= - Attempting session authentication {:token-preview ymDLwZV0}
2026-03-20 09:35:46.961 [AUDIT] actor= resource= action= result= corr= tenant= - Validating session token {:session-token ymDLwZV0ecICKXkGsAksmDkSFHuUZ42QqC3OLyQyrVU=, :uri /web/admin/orders}
2026-03-20 09:35:46.966 [AUDIT] actor= resource= action= result= corr= tenant= - Database operation successful: find-session-by-token {:session-token ymDLwZV0ecICKXkGsAksmDkSFHuUZ42QqC3OLyQyrVU=, :duration-ms 3.632375}
2026-03-20 09:35:46.968 [AUDIT] actor= resource= action= result= corr= tenant= - Database operation successful: update-session {:session-entity {:expires-at #object[java.time.Instant 0x446b90b9 2026-03-20T16:20:51.781320Z], :user-agent Mozilla/5.0 (Macintosh; Intel Mac OS X 10_15_7) AppleWebKit/605.1.15 (KHTML, like Gecko) Version/26.3.1 Safari/605.1.15, :session-token ymDLwZV0ecICKXkGsAksmDkSFHuUZ42QqC3OLyQyrVU=, :user-id #uuid "d5fa63dd-4d30-4f4f-9237-6df5ae005e6d", :last-accessed-at #object[java.time.Instant 0x10cfc59e 2026-03-20T08:35:46.967166Z], :id #uuid "e12f2e6f-7726-41df-87b1-900fba57e3a7", :revoked-at nil, :created-at #object[java.time.Instant 0x2bfa52d4 2026-03-20T08:20:52.054410Z], :ip-address [0:0:0:0:0:0:0:1]}, :duration-ms 0.604709}
2026-03-20 09:35:46.968 [AUDIT] actor= resource= action= result= corr= tenant= - Session validation successful {:user-id #uuid "d5fa63dd-4d30-4f4f-9237-6df5ae005e6d"}
2026-03-20 09:35:46.970 [AUDIT] actor= resource= action= result= corr= tenant= - Database operation successful: find-user-by-id {:user-id #uuid "d5fa63dd-4d30-4f4f-9237-6df5ae005e6d", :duration-ms 1.731958}
2026-03-20 09:35:46.974 [AUDIT] actor= resource= action= result= corr= tenant= - Database operation successful: admin-list-entities {:entity orders, :limit nil, :offset nil, :duration-ms 1.639167}
2026-03-20 09:35:49.721 [AUDIT] actor= resource= action= result= corr= tenant= - Processing authentication request {:uri /web/admin/orders/4e9f13d4-ba12-4110-8648-1b82d7df63d9, :method :get, :has-session true, :has-bearer false, :cookies (session-token Idea-2e373df0), :session-token-value ymDLwZV0}
2026-03-20 09:35:49.722 [AUDIT] actor= resource= action= result= corr= tenant= - Attempting session authentication {:token-preview ymDLwZV0}
2026-03-20 09:35:49.722 [AUDIT] actor= resource= action= result= corr= tenant= - Validating session token {:session-token ymDLwZV0ecICKXkGsAksmDkSFHuUZ42QqC3OLyQyrVU=, :uri /web/admin/orders/4e9f13d4-ba12-4110-8648-1b82d7df63d9}
2026-03-20 09:35:49.726 [AUDIT] actor= resource= action= result= corr= tenant= - Database operation successful: find-session-by-token {:session-token ymDLwZV0ecICKXkGsAksmDkSFHuUZ42QqC3OLyQyrVU=, :duration-ms 2.54225}
2026-03-20 09:35:49.728 [AUDIT] actor= resource= action= result= corr= tenant= - Database operation successful: update-session {:session-entity {:expires-at #object[java.time.Instant 0x7a65a4ee 2026-03-20T16:20:51.781320Z], :user-agent Mozilla/5.0 (Macintosh; Intel Mac OS X 10_15_7) AppleWebKit/605.1.15 (KHTML, like Gecko) Version/26.3.1 Safari/605.1.15, :session-token ymDLwZV0ecICKXkGsAksmDkSFHuUZ42QqC3OLyQyrVU=, :user-id #uuid "d5fa63dd-4d30-4f4f-9237-6df5ae005e6d", :last-accessed-at #object[java.time.Instant 0x242cbbab 2026-03-20T08:35:49.726334Z], :id #uuid "e12f2e6f-7726-41df-87b1-900fba57e3a7", :revoked-at nil, :created-at #object[java.time.Instant 0x73a02e92 2026-03-20T08:20:52.054410Z], :ip-address [0:0:0:0:0:0:0:1]}, :duration-ms 1.444583}
2026-03-20 09:35:49.728 [AUDIT] actor= resource= action= result= corr= tenant= - Session validation successful {:user-id #uuid "d5fa63dd-4d30-4f4f-9237-6df5ae005e6d"}
2026-03-20 09:35:49.730 [AUDIT] actor= resource= action= result= corr= tenant= - Database operation successful: find-user-by-id {:user-id #uuid "d5fa63dd-4d30-4f4f-9237-6df5ae005e6d", :duration-ms 1.844958}
2026-03-20 09:35:49.734 [AUDIT] actor= resource= action= result= corr= tenant= - Database operation successful: admin-get-entity {:entity orders, :id #uuid "4e9f13d4-ba12-4110-8648-1b82d7df63d9", :duration-ms 1.922334}
2026-03-20 09:35:49.738 [AUDIT] actor= resource= action= result= corr= tenant= - Database operation successful: admin-list-related-entities {:parent-id 4e9f13d4-ba12-4110-8648-1b82d7df63d9, :entity order-items, :duration-ms 0.526667}
2026-03-20 09:35:55.999 [AUDIT] actor= resource= action= result= corr= tenant= - Processing authentication request {:uri /web/admin/order-items/11d3b951-f647-4c19-9633-02a3cc382711, :method :get, :has-session true, :has-bearer false, :cookies (session-token Idea-2e373df0), :session-token-value ymDLwZV0}
2026-03-20 09:35:55.999 [AUDIT] actor= resource= action= result= corr= tenant= - Attempting session authentication {:token-preview ymDLwZV0}
2026-03-20 09:35:55.999 [AUDIT] actor= resource= action= result= corr= tenant= - Validating session token {:session-token ymDLwZV0ecICKXkGsAksmDkSFHuUZ42QqC3OLyQyrVU=, :uri /web/admin/order-items/11d3b951-f647-4c19-9633-02a3cc382711}
2026-03-20 09:35:56.002 [AUDIT] actor= resource= action= result= corr= tenant= - Database operation successful: find-session-by-token {:session-token ymDLwZV0ecICKXkGsAksmDkSFHuUZ42QqC3OLyQyrVU=, :duration-ms 2.087167}
2026-03-20 09:35:56.004 [AUDIT] actor= resource= action= result= corr= tenant= - Database operation successful: update-session {:session-entity {:expires-at #object[java.time.Instant 0x4e3accef 2026-03-20T16:20:51.781320Z], :user-agent Mozilla/5.0 (Macintosh; Intel Mac OS X 10_15_7) AppleWebKit/605.1.15 (KHTML, like Gecko) Version/26.3.1 Safari/605.1.15, :session-token ymDLwZV0ecICKXkGsAksmDkSFHuUZ42QqC3OLyQyrVU=, :user-id #uuid "d5fa63dd-4d30-4f4f-9237-6df5ae005e6d", :last-accessed-at #object[java.time.Instant 0xb384b4c 2026-03-20T08:35:56.002568Z], :id #uuid "e12f2e6f-7726-41df-87b1-900fba57e3a7", :revoked-at nil, :created-at #object[java.time.Instant 0x5a17ebeb 2026-03-20T08:20:52.054410Z], :ip-address [0:0:0:0:0:0:0:1]}, :duration-ms 1.337042}
2026-03-20 09:35:56.004 [AUDIT] actor= resource= action= result= corr= tenant= - Session validation successful {:user-id #uuid "d5fa63dd-4d30-4f4f-9237-6df5ae005e6d"}
2026-03-20 09:35:56.007 [AUDIT] actor= resource= action= result= corr= tenant= - Database operation successful: find-user-by-id {:user-id #uuid "d5fa63dd-4d30-4f4f-9237-6df5ae005e6d", :duration-ms 2.196208}
2026-03-20 09:35:56.008 [AUDIT] actor= resource= action= result= corr= tenant= - Database operation successful: admin-get-entity {:entity order-items, :id #uuid "11d3b951-f647-4c19-9633-02a3cc382711", :duration-ms 0.775416}
2026-03-20 09:35:56.012 [AUDIT] actor= resource= action= result= corr= tenant= - Database operation successful: admin-get-entity {:entity orders, :id 4e9f13d4-ba12-4110-8648-1b82d7df63d9, :duration-ms 1.575625}
2026-03-20 09:38:55.844 [AUDIT] actor= resource= action= result= corr= tenant= - Processing authentication request {:uri /web/admin/order-items, :method :get, :has-session true, :has-bearer false, :cookies (session-token Idea-2e373df0), :session-token-value ymDLwZV0}
2026-03-20 09:38:55.845 [AUDIT] actor= resource= action= result= corr= tenant= - Attempting session authentication {:token-preview ymDLwZV0}
2026-03-20 09:38:55.845 [AUDIT] actor= resource= action= result= corr= tenant= - Validating session token {:session-token ymDLwZV0ecICKXkGsAksmDkSFHuUZ42QqC3OLyQyrVU=, :uri /web/admin/order-items}
2026-03-20 09:38:55.850 [AUDIT] actor= resource= action= result= corr= tenant= - Database operation successful: find-session-by-token {:session-token ymDLwZV0ecICKXkGsAksmDkSFHuUZ42QqC3OLyQyrVU=, :duration-ms 4.150875}
2026-03-20 09:38:55.852 [AUDIT] actor= resource= action= result= corr= tenant= - Database operation successful: update-session {:session-entity {:expires-at #object[java.time.Instant 0x17e88b13 2026-03-20T16:20:51.781320Z], :user-agent Mozilla/5.0 (Macintosh; Intel Mac OS X 10_15_7) AppleWebKit/605.1.15 (KHTML, like Gecko) Version/26.3.1 Safari/605.1.15, :session-token ymDLwZV0ecICKXkGsAksmDkSFHuUZ42QqC3OLyQyrVU=, :user-id #uuid "d5fa63dd-4d30-4f4f-9237-6df5ae005e6d", :last-accessed-at #object[java.time.Instant 0x13d71d36 2026-03-20T08:38:55.850686Z], :id #uuid "e12f2e6f-7726-41df-87b1-900fba57e3a7", :revoked-at nil, :created-at #object[java.time.Instant 0x56d58128 2026-03-20T08:20:52.054410Z], :ip-address [0:0:0:0:0:0:0:1]}, :duration-ms 1.259875}
2026-03-20 09:38:55.852 [AUDIT] actor= resource= action= result= corr= tenant= - Session validation successful {:user-id #uuid "d5fa63dd-4d30-4f4f-9237-6df5ae005e6d"}
2026-03-20 09:38:55.854 [AUDIT] actor= resource= action= result= corr= tenant= - Database operation successful: find-user-by-id {:user-id #uuid "d5fa63dd-4d30-4f4f-9237-6df5ae005e6d", :duration-ms 1.672125}
2026-03-20 09:38:55.857 [AUDIT] actor= resource= action= result= corr= tenant= - Database operation successful: admin-list-entities {:entity order-items, :limit nil, :offset nil, :duration-ms 1.551041}
2026-03-20 09:39:02.562 [AUDIT] actor= resource= action= result= corr= tenant= - Processing authentication request {:uri /web/admin/orders, :method :get, :has-session true, :has-bearer false, :cookies (session-token Idea-2e373df0), :session-token-value ymDLwZV0}
2026-03-20 09:39:02.562 [AUDIT] actor= resource= action= result= corr= tenant= - Attempting session authentication {:token-preview ymDLwZV0}
2026-03-20 09:39:02.562 [AUDIT] actor= resource= action= result= corr= tenant= - Validating session token {:session-token ymDLwZV0ecICKXkGsAksmDkSFHuUZ42QqC3OLyQyrVU=, :uri /web/admin/orders}
2026-03-20 09:39:02.565 [AUDIT] actor= resource= action= result= corr= tenant= - Database operation successful: find-session-by-token {:session-token ymDLwZV0ecICKXkGsAksmDkSFHuUZ42QqC3OLyQyrVU=, :duration-ms 2.473375}
2026-03-20 09:39:02.566 [AUDIT] actor= resource= action= result= corr= tenant= - Database operation successful: update-session {:session-entity {:expires-at #object[java.time.Instant 0x76057d0f 2026-03-20T16:20:51.781320Z], :user-agent Mozilla/5.0 (Macintosh; Intel Mac OS X 10_15_7) AppleWebKit/605.1.15 (KHTML, like Gecko) Version/26.3.1 Safari/605.1.15, :session-token ymDLwZV0ecICKXkGsAksmDkSFHuUZ42QqC3OLyQyrVU=, :user-id #uuid "d5fa63dd-4d30-4f4f-9237-6df5ae005e6d", :last-accessed-at #object[java.time.Instant 0x50a73421 2026-03-20T08:39:02.565808Z], :id #uuid "e12f2e6f-7726-41df-87b1-900fba57e3a7", :revoked-at nil, :created-at #object[java.time.Instant 0x13f500ef 2026-03-20T08:20:52.054410Z], :ip-address [0:0:0:0:0:0:0:1]}, :duration-ms 0.813125}
2026-03-20 09:39:02.567 [AUDIT] actor= resource= action= result= corr= tenant= - Session validation successful {:user-id #uuid "d5fa63dd-4d30-4f4f-9237-6df5ae005e6d"}
2026-03-20 09:39:02.568 [AUDIT] actor= resource= action= result= corr= tenant= - Database operation successful: find-user-by-id {:user-id #uuid "d5fa63dd-4d30-4f4f-9237-6df5ae005e6d", :duration-ms 1.4955}
2026-03-20 09:39:02.571 [AUDIT] actor= resource= action= result= corr= tenant= - Database operation successful: admin-list-entities {:entity orders, :limit nil, :offset nil, :duration-ms 2.098625}
2026-03-20 09:39:08.130 [AUDIT] actor= resource= action= result= corr= tenant= - Processing authentication request {:uri /web/admin/orders/4e9f13d4-ba12-4110-8648-1b82d7df63d9, :method :get, :has-session true, :has-bearer false, :cookies (session-token Idea-2e373df0), :session-token-value ymDLwZV0}
2026-03-20 09:39:08.130 [AUDIT] actor= resource= action= result= corr= tenant= - Attempting session authentication {:token-preview ymDLwZV0}
2026-03-20 09:39:08.130 [AUDIT] actor= resource= action= result= corr= tenant= - Validating session token {:session-token ymDLwZV0ecICKXkGsAksmDkSFHuUZ42QqC3OLyQyrVU=, :uri /web/admin/orders/4e9f13d4-ba12-4110-8648-1b82d7df63d9}
2026-03-20 09:39:08.133 [AUDIT] actor= resource= action= result= corr= tenant= - Database operation successful: find-session-by-token {:session-token ymDLwZV0ecICKXkGsAksmDkSFHuUZ42QqC3OLyQyrVU=, :duration-ms 2.099667}
2026-03-20 09:39:08.135 [AUDIT] actor= resource= action= result= corr= tenant= - Database operation successful: update-session {:session-entity {:expires-at #object[java.time.Instant 0x151f2676 2026-03-20T16:20:51.781320Z], :user-agent Mozilla/5.0 (Macintosh; Intel Mac OS X 10_15_7) AppleWebKit/605.1.15 (KHTML, like Gecko) Version/26.3.1 Safari/605.1.15, :session-token ymDLwZV0ecICKXkGsAksmDkSFHuUZ42QqC3OLyQyrVU=, :user-id #uuid "d5fa63dd-4d30-4f4f-9237-6df5ae005e6d", :last-accessed-at #object[java.time.Instant 0x5e96efff 2026-03-20T08:39:08.133468Z], :id #uuid "e12f2e6f-7726-41df-87b1-900fba57e3a7", :revoked-at nil, :created-at #object[java.time.Instant 0x451a0093 2026-03-20T08:20:52.054410Z], :ip-address [0:0:0:0:0:0:0:1]}, :duration-ms 1.19675}
2026-03-20 09:39:08.135 [AUDIT] actor= resource= action= result= corr= tenant= - Session validation successful {:user-id #uuid "d5fa63dd-4d30-4f4f-9237-6df5ae005e6d"}
2026-03-20 09:39:08.136 [AUDIT] actor= resource= action= result= corr= tenant= - Database operation successful: find-user-by-id {:user-id #uuid "d5fa63dd-4d30-4f4f-9237-6df5ae005e6d", :duration-ms 1.088916}
2026-03-20 09:39:08.139 [AUDIT] actor= resource= action= result= corr= tenant= - Database operation successful: admin-get-entity {:entity orders, :id #uuid "4e9f13d4-ba12-4110-8648-1b82d7df63d9", :duration-ms 0.871959}
2026-03-20 09:39:08.141 [AUDIT] actor= resource= action= result= corr= tenant= - Database operation successful: admin-list-related-entities {:parent-id 4e9f13d4-ba12-4110-8648-1b82d7df63d9, :entity order-items, :duration-ms 0.487042}
2026-03-20 09:39:12.094 [AUDIT] actor= resource= action= result= corr= tenant= - Processing authentication request {:uri /web/admin/order-items/11d3b951-f647-4c19-9633-02a3cc382711, :method :get, :has-session true, :has-bearer false, :cookies (session-token Idea-2e373df0), :session-token-value ymDLwZV0}
2026-03-20 09:39:12.094 [AUDIT] actor= resource= action= result= corr= tenant= - Attempting session authentication {:token-preview ymDLwZV0}
2026-03-20 09:39:12.095 [AUDIT] actor= resource= action= result= corr= tenant= - Validating session token {:session-token ymDLwZV0ecICKXkGsAksmDkSFHuUZ42QqC3OLyQyrVU=, :uri /web/admin/order-items/11d3b951-f647-4c19-9633-02a3cc382711}
2026-03-20 09:39:12.098 [AUDIT] actor= resource= action= result= corr= tenant= - Database operation successful: find-session-by-token {:session-token ymDLwZV0ecICKXkGsAksmDkSFHuUZ42QqC3OLyQyrVU=, :duration-ms 2.8845}
2026-03-20 09:39:12.100 [AUDIT] actor= resource= action= result= corr= tenant= - Database operation successful: update-session {:session-entity {:expires-at #object[java.time.Instant 0x7af35fc9 2026-03-20T16:20:51.781320Z], :user-agent Mozilla/5.0 (Macintosh; Intel Mac OS X 10_15_7) AppleWebKit/605.1.15 (KHTML, like Gecko) Version/26.3.1 Safari/605.1.15, :session-token ymDLwZV0ecICKXkGsAksmDkSFHuUZ42QqC3OLyQyrVU=, :user-id #uuid "d5fa63dd-4d30-4f4f-9237-6df5ae005e6d", :last-accessed-at #object[java.time.Instant 0x2743a89d 2026-03-20T08:39:12.098594Z], :id #uuid "e12f2e6f-7726-41df-87b1-900fba57e3a7", :revoked-at nil, :created-at #object[java.time.Instant 0x4eac8668 2026-03-20T08:20:52.054410Z], :ip-address [0:0:0:0:0:0:0:1]}, :duration-ms 1.612917}
2026-03-20 09:39:12.101 [AUDIT] actor= resource= action= result= corr= tenant= - Session validation successful {:user-id #uuid "d5fa63dd-4d30-4f4f-9237-6df5ae005e6d"}
2026-03-20 09:39:12.102 [AUDIT] actor= resource= action= result= corr= tenant= - Database operation successful: find-user-by-id {:user-id #uuid "d5fa63dd-4d30-4f4f-9237-6df5ae005e6d", :duration-ms 1.496791}
2026-03-20 09:39:12.105 [AUDIT] actor= resource= action= result= corr= tenant= - Database operation successful: admin-get-entity {:entity order-items, :id #uuid "11d3b951-f647-4c19-9633-02a3cc382711", :duration-ms 1.222584}
2026-03-20 09:39:12.109 [AUDIT] actor= resource= action= result= corr= tenant= - Database operation successful: admin-get-entity {:entity orders, :id 4e9f13d4-ba12-4110-8648-1b82d7df63d9, :duration-ms 1.243666}
2026-03-20 09:39:16.185 [AUDIT] actor= resource= action= result= corr= tenant= - Processing authentication request {:uri /web/admin/orders/4e9f13d4-ba12-4110-8648-1b82d7df63d9, :method :get, :has-session true, :has-bearer false, :cookies (session-token Idea-2e373df0), :session-token-value ymDLwZV0}
2026-03-20 09:39:16.185 [AUDIT] actor= resource= action= result= corr= tenant= - Attempting session authentication {:token-preview ymDLwZV0}
2026-03-20 09:39:16.185 [AUDIT] actor= resource= action= result= corr= tenant= - Validating session token {:session-token ymDLwZV0ecICKXkGsAksmDkSFHuUZ42QqC3OLyQyrVU=, :uri /web/admin/orders/4e9f13d4-ba12-4110-8648-1b82d7df63d9}
2026-03-20 09:39:16.187 [AUDIT] actor= resource= action= result= corr= tenant= - Database operation successful: find-session-by-token {:session-token ymDLwZV0ecICKXkGsAksmDkSFHuUZ42QqC3OLyQyrVU=, :duration-ms 1.295166}
2026-03-20 09:39:16.188 [AUDIT] actor= resource= action= result= corr= tenant= - Database operation successful: update-session {:session-entity {:expires-at #object[java.time.Instant 0x6436e050 2026-03-20T16:20:51.781320Z], :user-agent Mozilla/5.0 (Macintosh; Intel Mac OS X 10_15_7) AppleWebKit/605.1.15 (KHTML, like Gecko) Version/26.3.1 Safari/605.1.15, :session-token ymDLwZV0ecICKXkGsAksmDkSFHuUZ42QqC3OLyQyrVU=, :user-id #uuid "d5fa63dd-4d30-4f4f-9237-6df5ae005e6d", :last-accessed-at #object[java.time.Instant 0x8f64636 2026-03-20T08:39:16.187313Z], :id #uuid "e12f2e6f-7726-41df-87b1-900fba57e3a7", :revoked-at nil, :created-at #object[java.time.Instant 0x61f6b9c0 2026-03-20T08:20:52.054410Z], :ip-address [0:0:0:0:0:0:0:1]}, :duration-ms 0.579208}
2026-03-20 09:39:16.188 [AUDIT] actor= resource= action= result= corr= tenant= - Session validation successful {:user-id #uuid "d5fa63dd-4d30-4f4f-9237-6df5ae005e6d"}
2026-03-20 09:39:16.188 [AUDIT] actor= resource= action= result= corr= tenant= - Database operation successful: find-user-by-id {:user-id #uuid "d5fa63dd-4d30-4f4f-9237-6df5ae005e6d", :duration-ms 0.716125}
2026-03-20 09:39:16.190 [AUDIT] actor= resource= action= result= corr= tenant= - Database operation successful: admin-get-entity {:entity orders, :id #uuid "4e9f13d4-ba12-4110-8648-1b82d7df63d9", :duration-ms 0.75225}
2026-03-20 09:39:16.191 [AUDIT] actor= resource= action= result= corr= tenant= - Database operation successful: admin-list-related-entities {:parent-id 4e9f13d4-ba12-4110-8648-1b82d7df63d9, :entity order-items, :duration-ms 0.148958}
2026-03-20 09:39:38.598 [AUDIT] actor= resource= action= result= corr= tenant= - Processing authentication request {:uri /web/admin/order-items/11d3b951-f647-4c19-9633-02a3cc382711, :method :get, :has-session true, :has-bearer false, :cookies (session-token Idea-2e373df0), :session-token-value ymDLwZV0}
2026-03-20 09:39:38.598 [AUDIT] actor= resource= action= result= corr= tenant= - Attempting session authentication {:token-preview ymDLwZV0}
2026-03-20 09:39:38.598 [AUDIT] actor= resource= action= result= corr= tenant= - Validating session token {:session-token ymDLwZV0ecICKXkGsAksmDkSFHuUZ42QqC3OLyQyrVU=, :uri /web/admin/order-items/11d3b951-f647-4c19-9633-02a3cc382711}
2026-03-20 09:39:38.604 [AUDIT] actor= resource= action= result= corr= tenant= - Database operation successful: find-session-by-token {:session-token ymDLwZV0ecICKXkGsAksmDkSFHuUZ42QqC3OLyQyrVU=, :duration-ms 5.175125}
2026-03-20 09:39:38.606 [AUDIT] actor= resource= action= result= corr= tenant= - Database operation successful: update-session {:session-entity {:expires-at #object[java.time.Instant 0x7565052a 2026-03-20T16:20:51.781320Z], :user-agent Mozilla/5.0 (Macintosh; Intel Mac OS X 10_15_7) AppleWebKit/605.1.15 (KHTML, like Gecko) Version/26.3.1 Safari/605.1.15, :session-token ymDLwZV0ecICKXkGsAksmDkSFHuUZ42QqC3OLyQyrVU=, :user-id #uuid "d5fa63dd-4d30-4f4f-9237-6df5ae005e6d", :last-accessed-at #object[java.time.Instant 0x15081158 2026-03-20T08:39:38.604558Z], :id #uuid "e12f2e6f-7726-41df-87b1-900fba57e3a7", :revoked-at nil, :created-at #object[java.time.Instant 0x2fb55424 2026-03-20T08:20:52.054410Z], :ip-address [0:0:0:0:0:0:0:1]}, :duration-ms 1.473583}
2026-03-20 09:39:38.606 [AUDIT] actor= resource= action= result= corr= tenant= - Session validation successful {:user-id #uuid "d5fa63dd-4d30-4f4f-9237-6df5ae005e6d"}
2026-03-20 09:39:38.609 [AUDIT] actor= resource= action= result= corr= tenant= - Database operation successful: find-user-by-id {:user-id #uuid "d5fa63dd-4d30-4f4f-9237-6df5ae005e6d", :duration-ms 1.979333}
2026-03-20 09:39:38.610 [AUDIT] actor= resource= action= result= corr= tenant= - Database operation successful: admin-get-entity {:entity order-items, :id #uuid "11d3b951-f647-4c19-9633-02a3cc382711", :duration-ms 0.838792}
2026-03-20 09:39:38.613 [AUDIT] actor= resource= action= result= corr= tenant= - Database operation successful: admin-get-entity {:entity orders, :id 4e9f13d4-ba12-4110-8648-1b82d7df63d9, :duration-ms 1.209166}
2026-03-20 09:39:48.182 [AUDIT] actor= resource= action= result= corr= tenant= - Processing authentication request {:uri /web/admin/orders, :method :get, :has-session true, :has-bearer false, :cookies (session-token Idea-2e373df0), :session-token-value ymDLwZV0}
2026-03-20 09:39:48.183 [AUDIT] actor= resource= action= result= corr= tenant= - Attempting session authentication {:token-preview ymDLwZV0}
2026-03-20 09:39:48.183 [AUDIT] actor= resource= action= result= corr= tenant= - Validating session token {:session-token ymDLwZV0ecICKXkGsAksmDkSFHuUZ42QqC3OLyQyrVU=, :uri /web/admin/orders}
2026-03-20 09:39:48.185 [AUDIT] actor= resource= action= result= corr= tenant= - Database operation successful: find-session-by-token {:session-token ymDLwZV0ecICKXkGsAksmDkSFHuUZ42QqC3OLyQyrVU=, :duration-ms 2.000625}
2026-03-20 09:39:48.187 [AUDIT] actor= resource= action= result= corr= tenant= - Database operation successful: update-session {:session-entity {:expires-at #object[java.time.Instant 0x500187c 2026-03-20T16:20:51.781320Z], :user-agent Mozilla/5.0 (Macintosh; Intel Mac OS X 10_15_7) AppleWebKit/605.1.15 (KHTML, like Gecko) Version/26.3.1 Safari/605.1.15, :session-token ymDLwZV0ecICKXkGsAksmDkSFHuUZ42QqC3OLyQyrVU=, :user-id #uuid "d5fa63dd-4d30-4f4f-9237-6df5ae005e6d", :last-accessed-at #object[java.time.Instant 0x581111a3 2026-03-20T08:39:48.185937Z], :id #uuid "e12f2e6f-7726-41df-87b1-900fba57e3a7", :revoked-at nil, :created-at #object[java.time.Instant 0xdc65928 2026-03-20T08:20:52.054410Z], :ip-address [0:0:0:0:0:0:0:1]}, :duration-ms 1.381792}
2026-03-20 09:39:48.187 [AUDIT] actor= resource= action= result= corr= tenant= - Session validation successful {:user-id #uuid "d5fa63dd-4d30-4f4f-9237-6df5ae005e6d"}
2026-03-20 09:39:48.188 [AUDIT] actor= resource= action= result= corr= tenant= - Database operation successful: find-user-by-id {:user-id #uuid "d5fa63dd-4d30-4f4f-9237-6df5ae005e6d", :duration-ms 1.013958}
2026-03-20 09:39:48.190 [AUDIT] actor= resource= action= result= corr= tenant= - Database operation successful: admin-list-entities {:entity orders, :limit nil, :offset nil, :duration-ms 1.175}
2026-03-20 09:39:55.395 [AUDIT] actor= resource= action= result= corr= tenant= - Processing authentication request {:uri /web/admin/orders/4e9f13d4-ba12-4110-8648-1b82d7df63d9, :method :get, :has-session true, :has-bearer false, :cookies (session-token Idea-2e373df0), :session-token-value ymDLwZV0}
2026-03-20 09:39:55.395 [AUDIT] actor= resource= action= result= corr= tenant= - Attempting session authentication {:token-preview ymDLwZV0}
2026-03-20 09:39:55.395 [AUDIT] actor= resource= action= result= corr= tenant= - Validating session token {:session-token ymDLwZV0ecICKXkGsAksmDkSFHuUZ42QqC3OLyQyrVU=, :uri /web/admin/orders/4e9f13d4-ba12-4110-8648-1b82d7df63d9}
2026-03-20 09:39:55.398 [AUDIT] actor= resource= action= result= corr= tenant= - Database operation successful: find-session-by-token {:session-token ymDLwZV0ecICKXkGsAksmDkSFHuUZ42QqC3OLyQyrVU=, :duration-ms 2.767083}
2026-03-20 09:39:55.400 [AUDIT] actor= resource= action= result= corr= tenant= - Database operation successful: update-session {:session-entity {:expires-at #object[java.time.Instant 0x747d23f5 2026-03-20T16:20:51.781320Z], :user-agent Mozilla/5.0 (Macintosh; Intel Mac OS X 10_15_7) AppleWebKit/605.1.15 (KHTML, like Gecko) Version/26.3.1 Safari/605.1.15, :session-token ymDLwZV0ecICKXkGsAksmDkSFHuUZ42QqC3OLyQyrVU=, :user-id #uuid "d5fa63dd-4d30-4f4f-9237-6df5ae005e6d", :last-accessed-at #object[java.time.Instant 0x271a794a 2026-03-20T08:39:55.398997Z], :id #uuid "e12f2e6f-7726-41df-87b1-900fba57e3a7", :revoked-at nil, :created-at #object[java.time.Instant 0x1d674c69 2026-03-20T08:20:52.054410Z], :ip-address [0:0:0:0:0:0:0:1]}, :duration-ms 1.551167}
2026-03-20 09:39:55.401 [AUDIT] actor= resource= action= result= corr= tenant= - Session validation successful {:user-id #uuid "d5fa63dd-4d30-4f4f-9237-6df5ae005e6d"}
2026-03-20 09:39:55.403 [AUDIT] actor= resource= action= result= corr= tenant= - Database operation successful: find-user-by-id {:user-id #uuid "d5fa63dd-4d30-4f4f-9237-6df5ae005e6d", :duration-ms 1.640041}
2026-03-20 09:39:55.405 [AUDIT] actor= resource= action= result= corr= tenant= - Database operation successful: admin-get-entity {:entity orders, :id #uuid "4e9f13d4-ba12-4110-8648-1b82d7df63d9", :duration-ms 1.107833}
2026-03-20 09:39:55.406 [AUDIT] actor= resource= action= result= corr= tenant= - Database operation successful: admin-list-related-entities {:parent-id 4e9f13d4-ba12-4110-8648-1b82d7df63d9, :entity order-items, :duration-ms 0.320375}
2026-03-20 09:39:58.053 [AUDIT] actor= resource= action= result= corr= tenant= - Processing authentication request {:uri /web/admin/order-items/11d3b951-f647-4c19-9633-02a3cc382711, :method :get, :has-session true, :has-bearer false, :cookies (session-token Idea-2e373df0), :session-token-value ymDLwZV0}
2026-03-20 09:39:58.054 [AUDIT] actor= resource= action= result= corr= tenant= - Attempting session authentication {:token-preview ymDLwZV0}
2026-03-20 09:39:58.054 [AUDIT] actor= resource= action= result= corr= tenant= - Validating session token {:session-token ymDLwZV0ecICKXkGsAksmDkSFHuUZ42QqC3OLyQyrVU=, :uri /web/admin/order-items/11d3b951-f647-4c19-9633-02a3cc382711}
2026-03-20 09:39:58.056 [AUDIT] actor= resource= action= result= corr= tenant= - Database operation successful: find-session-by-token {:session-token ymDLwZV0ecICKXkGsAksmDkSFHuUZ42QqC3OLyQyrVU=, :duration-ms 1.913583}
2026-03-20 09:39:58.057 [AUDIT] actor= resource= action= result= corr= tenant= - Database operation successful: update-session {:session-entity {:expires-at #object[java.time.Instant 0x8d728c0 2026-03-20T16:20:51.781320Z], :user-agent Mozilla/5.0 (Macintosh; Intel Mac OS X 10_15_7) AppleWebKit/605.1.15 (KHTML, like Gecko) Version/26.3.1 Safari/605.1.15, :session-token ymDLwZV0ecICKXkGsAksmDkSFHuUZ42QqC3OLyQyrVU=, :user-id #uuid "d5fa63dd-4d30-4f4f-9237-6df5ae005e6d", :last-accessed-at #object[java.time.Instant 0xd91025e 2026-03-20T08:39:58.056683Z], :id #uuid "e12f2e6f-7726-41df-87b1-900fba57e3a7", :revoked-at nil, :created-at #object[java.time.Instant 0x5d5d9646 2026-03-20T08:20:52.054410Z], :ip-address [0:0:0:0:0:0:0:1]}, :duration-ms 0.620125}
2026-03-20 09:39:58.057 [AUDIT] actor= resource= action= result= corr= tenant= - Session validation successful {:user-id #uuid "d5fa63dd-4d30-4f4f-9237-6df5ae005e6d"}
2026-03-20 09:39:58.058 [AUDIT] actor= resource= action= result= corr= tenant= - Database operation successful: find-user-by-id {:user-id #uuid "d5fa63dd-4d30-4f4f-9237-6df5ae005e6d", :duration-ms 0.914}
2026-03-20 09:39:58.060 [AUDIT] actor= resource= action= result= corr= tenant= - Database operation successful: admin-get-entity {:entity order-items, :id #uuid "11d3b951-f647-4c19-9633-02a3cc382711", :duration-ms 0.710125}
2026-03-20 09:39:58.062 [AUDIT] actor= resource= action= result= corr= tenant= - Database operation successful: admin-get-entity {:entity orders, :id 4e9f13d4-ba12-4110-8648-1b82d7df63d9, :duration-ms 0.641917}
2026-03-20 09:40:14.795 [AUDIT] actor= resource= action= result= corr= tenant= - Processing authentication request {:uri /web/admin/orders/4e9f13d4-ba12-4110-8648-1b82d7df63d9, :method :get, :has-session true, :has-bearer false, :cookies (session-token Idea-2e373df0), :session-token-value ymDLwZV0}
2026-03-20 09:40:14.795 [AUDIT] actor= resource= action= result= corr= tenant= - Attempting session authentication {:token-preview ymDLwZV0}
2026-03-20 09:40:14.795 [AUDIT] actor= resource= action= result= corr= tenant= - Validating session token {:session-token ymDLwZV0ecICKXkGsAksmDkSFHuUZ42QqC3OLyQyrVU=, :uri /web/admin/orders/4e9f13d4-ba12-4110-8648-1b82d7df63d9}
2026-03-20 09:40:14.800 [AUDIT] actor= resource= action= result= corr= tenant= - Database operation successful: find-session-by-token {:session-token ymDLwZV0ecICKXkGsAksmDkSFHuUZ42QqC3OLyQyrVU=, :duration-ms 4.253333}
2026-03-20 09:40:14.802 [AUDIT] actor= resource= action= result= corr= tenant= - Database operation successful: update-session {:session-entity {:expires-at #object[java.time.Instant 0x490bdebc 2026-03-20T16:20:51.781320Z], :user-agent Mozilla/5.0 (Macintosh; Intel Mac OS X 10_15_7) AppleWebKit/605.1.15 (KHTML, like Gecko) Version/26.3.1 Safari/605.1.15, :session-token ymDLwZV0ecICKXkGsAksmDkSFHuUZ42QqC3OLyQyrVU=, :user-id #uuid "d5fa63dd-4d30-4f4f-9237-6df5ae005e6d", :last-accessed-at #object[java.time.Instant 0x54f42ee3 2026-03-20T08:40:14.800560Z], :id #uuid "e12f2e6f-7726-41df-87b1-900fba57e3a7", :revoked-at nil, :created-at #object[java.time.Instant 0x20d0dd1e 2026-03-20T08:20:52.054410Z], :ip-address [0:0:0:0:0:0:0:1]}, :duration-ms 1.409333}
2026-03-20 09:40:14.802 [AUDIT] actor= resource= action= result= corr= tenant= - Session validation successful {:user-id #uuid "d5fa63dd-4d30-4f4f-9237-6df5ae005e6d"}
2026-03-20 09:40:14.803 [AUDIT] actor= resource= action= result= corr= tenant= - Database operation successful: find-user-by-id {:user-id #uuid "d5fa63dd-4d30-4f4f-9237-6df5ae005e6d", :duration-ms 1.204125}
2026-03-20 09:40:14.805 [AUDIT] actor= resource= action= result= corr= tenant= - Database operation successful: admin-get-entity {:entity orders, :id #uuid "4e9f13d4-ba12-4110-8648-1b82d7df63d9", :duration-ms 0.5535}
2026-03-20 09:40:14.806 [AUDIT] actor= resource= action= result= corr= tenant= - Database operation successful: admin-list-related-entities {:parent-id 4e9f13d4-ba12-4110-8648-1b82d7df63d9, :entity order-items, :duration-ms 0.214625}
2026-03-20 09:40:18.665 [AUDIT] actor= resource= action= result= corr= tenant= - Processing authentication request {:uri /web/admin/orders, :method :get, :has-session true, :has-bearer false, :cookies (session-token Idea-2e373df0), :session-token-value ymDLwZV0}
2026-03-20 09:40:18.665 [AUDIT] actor= resource= action= result= corr= tenant= - Attempting session authentication {:token-preview ymDLwZV0}
2026-03-20 09:40:18.666 [AUDIT] actor= resource= action= result= corr= tenant= - Validating session token {:session-token ymDLwZV0ecICKXkGsAksmDkSFHuUZ42QqC3OLyQyrVU=, :uri /web/admin/orders}
2026-03-20 09:40:18.668 [AUDIT] actor= resource= action= result= corr= tenant= - Database operation successful: find-session-by-token {:session-token ymDLwZV0ecICKXkGsAksmDkSFHuUZ42QqC3OLyQyrVU=, :duration-ms 2.071458}
2026-03-20 09:40:18.670 [AUDIT] actor= resource= action= result= corr= tenant= - Database operation successful: update-session {:session-entity {:expires-at #object[java.time.Instant 0x773c969 2026-03-20T16:20:51.781320Z], :user-agent Mozilla/5.0 (Macintosh; Intel Mac OS X 10_15_7) AppleWebKit/605.1.15 (KHTML, like Gecko) Version/26.3.1 Safari/605.1.15, :session-token ymDLwZV0ecICKXkGsAksmDkSFHuUZ42QqC3OLyQyrVU=, :user-id #uuid "d5fa63dd-4d30-4f4f-9237-6df5ae005e6d", :last-accessed-at #object[java.time.Instant 0x101a0905 2026-03-20T08:40:18.668842Z], :id #uuid "e12f2e6f-7726-41df-87b1-900fba57e3a7", :revoked-at nil, :created-at #object[java.time.Instant 0x656caed3 2026-03-20T08:20:52.054410Z], :ip-address [0:0:0:0:0:0:0:1]}, :duration-ms 0.918834}
2026-03-20 09:40:18.670 [AUDIT] actor= resource= action= result= corr= tenant= - Session validation successful {:user-id #uuid "d5fa63dd-4d30-4f4f-9237-6df5ae005e6d"}
2026-03-20 09:40:18.671 [AUDIT] actor= resource= action= result= corr= tenant= - Database operation successful: find-user-by-id {:user-id #uuid "d5fa63dd-4d30-4f4f-9237-6df5ae005e6d", :duration-ms 0.85825}
2026-03-20 09:40:18.673 [AUDIT] actor= resource= action= result= corr= tenant= - Database operation successful: admin-list-entities {:entity orders, :limit nil, :offset nil, :duration-ms 1.308708}
2026-03-20 09:40:44.088 [AUDIT] actor= resource= action= result= corr= tenant= - User module routes halted (no cleanup needed)
2026-03-20 09:40:44.089 [AUDIT] actor= resource= action= result= corr= tenant= - User module database schema component halted
2026-03-20 09:40:44.089 [AUDIT] actor= resource= action= result= corr= tenant= - User service halted (no cleanup needed)
2026-03-20 09:40:44.089 [AUDIT] actor= resource= action= result= corr= tenant= - Authentication service halted (no cleanup needed)
2026-03-20 09:40:44.089 [AUDIT] actor= resource= action= result= corr= tenant= - Session repository halted (no cleanup needed)
2026-03-20 09:40:44.089 [AUDIT] actor= resource= action= result= corr= tenant= - MFA service halted (no cleanup needed)
2026-03-20 09:40:44.089 [AUDIT] actor= resource= action= result= corr= tenant= - User repository halted (no cleanup needed)
2026-03-20 09:40:44.090 [AUDIT] actor= resource= action= result= corr= tenant= - Audit repository halted (no cleanup needed)
2026-03-20 09:40:44.090 [AUDIT] actor= resource= action= result= corr= tenant= - Closing database context {:adapter nil}
2026-03-20 09:40:44.090 [AUDIT] actor= resource= action= result= corr= tenant= - Closing database connection pool {:pool-name default-Pool}
2026-03-20 09:40:44.090 [AUDIT] actor= resource= action= result= corr= tenant= - Database connection pool closed {:pool-name default-Pool}
2026-03-20 09:40:48.612 [AUDIT] actor= resource= action= result= corr= tenant= - Creating database connection pool {:adapter nil, :pool-size 5, :pool-name default-Pool}
2026-03-20 09:40:48.919 [AUDIT] actor= resource= action= result= corr= tenant= - SQLite PRAGMA initialization completed {:successful-pragmas 7, :failed-pragmas 0, :total-pragmas 7}
2026-03-20 09:40:48.919 [AUDIT] actor= resource= action= result= corr= tenant= - Database connection pool created successfully {:adapter nil, :pool-name default-Pool}
2026-03-20 09:40:48.919 [AUDIT] actor= resource= action= result= corr= tenant= - Created database context {:adapter nil}
2026-03-20 09:40:48.921 [AUDIT] actor= resource= action= result= corr= tenant= - Initializing audit repository
2026-03-20 09:40:48.921 [AUDIT] actor= resource= action= result= corr= tenant= - Audit repository initialized
2026-03-20 09:40:48.921 [AUDIT] actor= resource= action= result= corr= tenant= - Initializing user repository
2026-03-20 09:40:48.925 [AUDIT] actor= resource= action= result= corr= tenant= - User repository initialized
2026-03-20 09:40:48.925 [AUDIT] actor= resource= action= result= corr= tenant= - Initializing MFA service
2026-03-20 09:40:48.925 [AUDIT] actor= resource= action= result= corr= tenant= - MFA service initialized
2026-03-20 09:40:48.925 [AUDIT] actor= resource= action= result= corr= tenant= - Initializing session repository
2026-03-20 09:40:48.925 [AUDIT] actor= resource= action= result= corr= tenant= - Session repository initialized
2026-03-20 09:40:48.926 [AUDIT] actor= resource= action= result= corr= tenant= - Initializing authentication service
2026-03-20 09:40:48.926 [AUDIT] actor= resource= action= result= corr= tenant= - Authentication service initialized
2026-03-20 09:40:48.926 [AUDIT] actor= resource= action= result= corr= tenant= - Initializing user service {:cache-enabled? false}
2026-03-20 09:40:48.926 [AUDIT] actor= resource= action= result= corr= tenant= - User service initialized
2026-03-20 09:40:48.929 [AUDIT] actor= resource= action= result= corr= tenant= - Initializing user module database schema
2026-03-20 09:40:48.929 [AUDIT] actor= resource= action= result= corr= tenant= - Initializing user schema from Malli definitions (split-table architecture)
2026-03-20 09:40:48.933 [AUDIT] actor= resource= action= result= corr= tenant= - Initializing database schema from Malli definitions {:dialect nil, :tables (auth_users users user_sessions user_audit_log)}
2026-03-20 09:40:48.935 [AUDIT] actor= resource= action= result= corr= tenant= - DDL statement executed successfully {:adapter nil, :statement-preview CREATE TABLE IF NOT EXISTS auth_users (
  id UUID NOT NULL PRIMARY KEY,
  email VARCHAR(255) NOT NULL,
  password_hash VARCHAR(255) NOT NULL,
  active BOOLEAN NOT NULL DEFAULT true,
  mfa_enabled BOOLEAN,
  mfa_secret VARCHAR(255),
  mfa_backup_codes VARCHAR(255),
  mfa_backup_codes_used VARCHAR(255),
  mfa_enabled_at VARCHAR(255),
  failed_login_count INTEGER,
  lockout_until VARCHAR(255),
  created_at VARCHAR(255) NOT NULL,
  updated_at VARCHAR(255),
  deleted_at VARCHAR(255),
  CONSTRAINT uk_auth_users_email UNIQUE(email)
);}
2026-03-20 09:40:48.935 [AUDIT] actor= resource= action= result= corr= tenant= - DDL statement executed successfully {:adapter nil, :statement-preview CREATE TABLE IF NOT EXISTS users (
  id UUID NOT NULL PRIMARY KEY,
  tenant_id UUID,
  name VARCHAR(255) NOT NULL,
  role VARCHAR(50) NOT NULL CHECK(role IN ('admin', 'user', 'viewer')),
  avatar_url VARCHAR(255),
  login_count INTEGER,
  last_login VARCHAR(255),
  notifications_email BOOLEAN,
  notifications_push BOOLEAN,
  notifications_sms BOOLEAN,
  theme VARCHAR(50) CHECK(theme IN ('light', 'dark', 'auto')),
  language VARCHAR(255),
  timezone VARCHAR(255),
  date_format VARCHAR(50) CHECK(date_format IN ('iso', 'us', 'eu')),
  time_format VARCHAR(50) CHECK(time_format IN ('12h', '24h')),
  created_at VARCHAR(255) NOT NULL,
  updated_at VARCHAR(255),
  deleted_at VARCHAR(255)
);}
2026-03-20 09:40:48.935 [AUDIT] actor= resource= action= result= corr= tenant= - DDL statement executed successfully {:adapter nil, :statement-preview CREATE TABLE IF NOT EXISTS user_sessions (
  id UUID NOT NULL PRIMARY KEY,
  user_id UUID NOT NULL,
  session_token VARCHAR(255) NOT NULL,
  expires_at VARCHAR(255) NOT NULL,
  created_at VARCHAR(255) NOT NULL,
  last_accessed_at VARCHAR(255),
  revoked_at VARCHAR(255),
  user_agent VARCHAR(255),
  ip_address VARCHAR(255),
  CONSTRAINT uk_user_sessions_token UNIQUE(session_token)
);}
2026-03-20 09:40:48.935 [AUDIT] actor= resource= action= result= corr= tenant= - DDL statement executed successfully {:adapter nil, :statement-preview CREATE TABLE IF NOT EXISTS user_audit_log (
  id UUID NOT NULL PRIMARY KEY,
  action VARCHAR(50) NOT NULL CHECK(action IN ('create', 'update', 'delete', 'activate', 'deactivate', 'role-change', 'bulk-action', 'login', 'logout')),
  actor_id UUID,
  actor_email VARCHAR(255),
  target_user_id UUID NOT NULL,
  target_user_email VARCHAR(255) NOT NULL,
  changes JSONB,
  metadata JSONB,
  ip_address VARCHAR(255),
  user_agent VARCHAR(255),
  result VARCHAR(50) NOT NULL CHECK(result IN ('success', 'failure')),
  error_message VARCHAR(255),
  created_at VARCHAR(255) NOT NULL
);}
2026-03-20 09:40:48.936 [AUDIT] actor= resource= action= result= corr= tenant= - DDL statement executed successfully {:adapter nil, :statement-preview CREATE INDEX IF NOT EXISTS idx_auth_users_mfa_enabled_at ON auth_users (mfa_enabled_at)}
2026-03-20 09:40:48.936 [AUDIT] actor= resource= action= result= corr= tenant= - DDL statement executed successfully {:adapter nil, :statement-preview CREATE INDEX IF NOT EXISTS idx_auth_users_created_at ON auth_users (created_at)}
2026-03-20 09:40:48.936 [AUDIT] actor= resource= action= result= corr= tenant= - DDL statement executed successfully {:adapter nil, :statement-preview CREATE INDEX IF NOT EXISTS idx_auth_users_updated_at ON auth_users (updated_at)}
2026-03-20 09:40:48.936 [AUDIT] actor= resource= action= result= corr= tenant= - DDL statement executed successfully {:adapter nil, :statement-preview CREATE INDEX IF NOT EXISTS idx_auth_users_deleted_at ON auth_users (deleted_at)}
2026-03-20 09:40:48.936 [AUDIT] actor= resource= action= result= corr= tenant= - DDL statement executed successfully {:adapter nil, :statement-preview CREATE INDEX IF NOT EXISTS idx_auth_users_email ON auth_users (email)}
2026-03-20 09:40:48.936 [AUDIT] actor= resource= action= result= corr= tenant= - DDL statement executed successfully {:adapter nil, :statement-preview CREATE INDEX IF NOT EXISTS idx_auth_users_active ON auth_users (active)}
2026-03-20 09:40:48.937 [AUDIT] actor= resource= action= result= corr= tenant= - DDL statement executed successfully {:adapter nil, :statement-preview CREATE INDEX IF NOT EXISTS idx_users_tenant_id ON users (tenant_id)}
2026-03-20 09:40:48.937 [AUDIT] actor= resource= action= result= corr= tenant= - DDL statement executed successfully {:adapter nil, :statement-preview CREATE INDEX IF NOT EXISTS idx_users_role ON users (role)}
2026-03-20 09:40:48.937 [AUDIT] actor= resource= action= result= corr= tenant= - DDL statement executed successfully {:adapter nil, :statement-preview CREATE INDEX IF NOT EXISTS idx_users_theme ON users (theme)}
2026-03-20 09:40:48.937 [AUDIT] actor= resource= action= result= corr= tenant= - DDL statement executed successfully {:adapter nil, :statement-preview CREATE INDEX IF NOT EXISTS idx_users_date_format ON users (date_format)}
2026-03-20 09:40:48.937 [AUDIT] actor= resource= action= result= corr= tenant= - DDL statement executed successfully {:adapter nil, :statement-preview CREATE INDEX IF NOT EXISTS idx_users_time_format ON users (time_format)}
2026-03-20 09:40:48.937 [AUDIT] actor= resource= action= result= corr= tenant= - DDL statement executed successfully {:adapter nil, :statement-preview CREATE INDEX IF NOT EXISTS idx_users_created_at ON users (created_at)}
2026-03-20 09:40:48.937 [AUDIT] actor= resource= action= result= corr= tenant= - DDL statement executed successfully {:adapter nil, :statement-preview CREATE INDEX IF NOT EXISTS idx_users_updated_at ON users (updated_at)}
2026-03-20 09:40:48.937 [AUDIT] actor= resource= action= result= corr= tenant= - DDL statement executed successfully {:adapter nil, :statement-preview CREATE INDEX IF NOT EXISTS idx_users_deleted_at ON users (deleted_at)}
2026-03-20 09:40:48.937 [AUDIT] actor= resource= action= result= corr= tenant= - DDL statement executed successfully {:adapter nil, :statement-preview CREATE INDEX IF NOT EXISTS idx_users_role ON users (role)}
2026-03-20 09:40:48.938 [AUDIT] actor= resource= action= result= corr= tenant= - DDL statement executed successfully {:adapter nil, :statement-preview CREATE INDEX IF NOT EXISTS idx_user_sessions_user_id ON user_sessions (user_id)}
2026-03-20 09:40:48.938 [AUDIT] actor= resource= action= result= corr= tenant= - DDL statement executed successfully {:adapter nil, :statement-preview CREATE INDEX IF NOT EXISTS idx_user_sessions_expires_at ON user_sessions (expires_at)}
2026-03-20 09:40:48.938 [AUDIT] actor= resource= action= result= corr= tenant= - DDL statement executed successfully {:adapter nil, :statement-preview CREATE INDEX IF NOT EXISTS idx_user_sessions_created_at ON user_sessions (created_at)}
2026-03-20 09:40:48.938 [AUDIT] actor= resource= action= result= corr= tenant= - DDL statement executed successfully {:adapter nil, :statement-preview CREATE INDEX IF NOT EXISTS idx_user_sessions_last_accessed_at ON user_sessions (last_accessed_at)}
2026-03-20 09:40:48.938 [AUDIT] actor= resource= action= result= corr= tenant= - DDL statement executed successfully {:adapter nil, :statement-preview CREATE INDEX IF NOT EXISTS idx_user_sessions_revoked_at ON user_sessions (revoked_at)}
2026-03-20 09:40:48.938 [AUDIT] actor= resource= action= result= corr= tenant= - DDL statement executed successfully {:adapter nil, :statement-preview CREATE INDEX IF NOT EXISTS idx_sessions_token ON user_sessions (session_token)}
2026-03-20 09:40:48.938 [AUDIT] actor= resource= action= result= corr= tenant= - DDL statement executed successfully {:adapter nil, :statement-preview CREATE INDEX IF NOT EXISTS idx_sessions_expires_at ON user_sessions (expires_at)}
2026-03-20 09:40:48.938 [AUDIT] actor= resource= action= result= corr= tenant= - DDL statement executed successfully {:adapter nil, :statement-preview CREATE INDEX IF NOT EXISTS idx_user_audit_log_actor_id ON user_audit_log (actor_id)}
2026-03-20 09:40:48.938 [AUDIT] actor= resource= action= result= corr= tenant= - DDL statement executed successfully {:adapter nil, :statement-preview CREATE INDEX IF NOT EXISTS idx_user_audit_log_target_user_id ON user_audit_log (target_user_id)}
2026-03-20 09:40:48.938 [AUDIT] actor= resource= action= result= corr= tenant= - DDL statement executed successfully {:adapter nil, :statement-preview CREATE INDEX IF NOT EXISTS idx_user_audit_log_action ON user_audit_log (action)}
2026-03-20 09:40:48.938 [AUDIT] actor= resource= action= result= corr= tenant= - DDL statement executed successfully {:adapter nil, :statement-preview CREATE INDEX IF NOT EXISTS idx_user_audit_log_result ON user_audit_log (result)}
2026-03-20 09:40:48.939 [AUDIT] actor= resource= action= result= corr= tenant= - DDL statement executed successfully {:adapter nil, :statement-preview CREATE INDEX IF NOT EXISTS idx_user_audit_log_created_at ON user_audit_log (created_at)}
2026-03-20 09:40:48.939 [AUDIT] actor= resource= action= result= corr= tenant= - Database schema initialization completed successfully {:dialect nil, :tables (auth_users users user_sessions user_audit_log)}
2026-03-20 09:40:48.940 [AUDIT] actor= resource= action= result= corr= tenant= - User module database schema initialized
2026-03-20 09:40:48.940 [AUDIT] actor= resource= action= result= corr= tenant= - Initializing user module routes (normalized format)
2026-03-20 09:40:49.036 [AUDIT] actor= resource= action= result= corr= tenant= - User module routes initialized successfully {:route-keys (:api :web :static), :api-count 9, :web-count 22}
2026-03-20 09:40:57.592 [AUDIT] actor= resource= action= result= corr= tenant= - Processing authentication request {:uri /web/admin/orders, :method :get, :has-session true, :has-bearer false, :cookies (session-token Idea-2e373df0), :session-token-value ymDLwZV0}
2026-03-20 09:40:57.592 [AUDIT] actor= resource= action= result= corr= tenant= - Attempting session authentication {:token-preview ymDLwZV0}
2026-03-20 09:40:57.593 [AUDIT] actor= resource= action= result= corr= tenant= - Validating session token {:session-token ymDLwZV0ecICKXkGsAksmDkSFHuUZ42QqC3OLyQyrVU=, :uri /web/admin/orders}
2026-03-20 09:40:57.598 [AUDIT] actor= resource= action= result= corr= tenant= - Database operation successful: find-session-by-token {:session-token ymDLwZV0ecICKXkGsAksmDkSFHuUZ42QqC3OLyQyrVU=, :duration-ms 3.809375}
2026-03-20 09:40:57.599 [AUDIT] actor= resource= action= result= corr= tenant= - Database operation successful: update-session {:session-entity {:expires-at #object[java.time.Instant 0x5040609e 2026-03-20T16:20:51.781320Z], :user-agent Mozilla/5.0 (Macintosh; Intel Mac OS X 10_15_7) AppleWebKit/605.1.15 (KHTML, like Gecko) Version/26.3.1 Safari/605.1.15, :session-token ymDLwZV0ecICKXkGsAksmDkSFHuUZ42QqC3OLyQyrVU=, :user-id #uuid "d5fa63dd-4d30-4f4f-9237-6df5ae005e6d", :last-accessed-at #object[java.time.Instant 0xd803b4b 2026-03-20T08:40:57.598530Z], :id #uuid "e12f2e6f-7726-41df-87b1-900fba57e3a7", :revoked-at nil, :created-at #object[java.time.Instant 0x1e561972 2026-03-20T08:20:52.054410Z], :ip-address [0:0:0:0:0:0:0:1]}, :duration-ms 0.604167}
2026-03-20 09:40:57.600 [AUDIT] actor= resource= action= result= corr= tenant= - Session validation successful {:user-id #uuid "d5fa63dd-4d30-4f4f-9237-6df5ae005e6d"}
2026-03-20 09:40:57.602 [AUDIT] actor= resource= action= result= corr= tenant= - Database operation successful: find-user-by-id {:user-id #uuid "d5fa63dd-4d30-4f4f-9237-6df5ae005e6d", :duration-ms 1.719083}
2026-03-20 09:40:57.606 [AUDIT] actor= resource= action= result= corr= tenant= - Database operation successful: admin-list-entities {:entity orders, :limit nil, :offset nil, :duration-ms 1.707792}
2026-03-20 09:41:01.347 [AUDIT] actor= resource= action= result= corr= tenant= - Processing authentication request {:uri /web/admin/orders/4e9f13d4-ba12-4110-8648-1b82d7df63d9, :method :get, :has-session true, :has-bearer false, :cookies (session-token Idea-2e373df0), :session-token-value ymDLwZV0}
2026-03-20 09:41:01.348 [AUDIT] actor= resource= action= result= corr= tenant= - Attempting session authentication {:token-preview ymDLwZV0}
2026-03-20 09:41:01.348 [AUDIT] actor= resource= action= result= corr= tenant= - Validating session token {:session-token ymDLwZV0ecICKXkGsAksmDkSFHuUZ42QqC3OLyQyrVU=, :uri /web/admin/orders/4e9f13d4-ba12-4110-8648-1b82d7df63d9}
2026-03-20 09:41:01.351 [AUDIT] actor= resource= action= result= corr= tenant= - Database operation successful: find-session-by-token {:session-token ymDLwZV0ecICKXkGsAksmDkSFHuUZ42QqC3OLyQyrVU=, :duration-ms 2.278208}
2026-03-20 09:41:01.352 [AUDIT] actor= resource= action= result= corr= tenant= - Database operation successful: update-session {:session-entity {:expires-at #object[java.time.Instant 0x72571240 2026-03-20T16:20:51.781320Z], :user-agent Mozilla/5.0 (Macintosh; Intel Mac OS X 10_15_7) AppleWebKit/605.1.15 (KHTML, like Gecko) Version/26.3.1 Safari/605.1.15, :session-token ymDLwZV0ecICKXkGsAksmDkSFHuUZ42QqC3OLyQyrVU=, :user-id #uuid "d5fa63dd-4d30-4f4f-9237-6df5ae005e6d", :last-accessed-at #object[java.time.Instant 0x5061e99b 2026-03-20T08:41:01.351549Z], :id #uuid "e12f2e6f-7726-41df-87b1-900fba57e3a7", :revoked-at nil, :created-at #object[java.time.Instant 0x447a9900 2026-03-20T08:20:52.054410Z], :ip-address [0:0:0:0:0:0:0:1]}, :duration-ms 1.108791}
2026-03-20 09:41:01.353 [AUDIT] actor= resource= action= result= corr= tenant= - Session validation successful {:user-id #uuid "d5fa63dd-4d30-4f4f-9237-6df5ae005e6d"}
2026-03-20 09:41:01.355 [AUDIT] actor= resource= action= result= corr= tenant= - Database operation successful: find-user-by-id {:user-id #uuid "d5fa63dd-4d30-4f4f-9237-6df5ae005e6d", :duration-ms 1.781667}
2026-03-20 09:41:01.358 [AUDIT] actor= resource= action= result= corr= tenant= - Database operation successful: admin-get-entity {:entity orders, :id #uuid "4e9f13d4-ba12-4110-8648-1b82d7df63d9", :duration-ms 1.562917}
2026-03-20 09:41:01.361 [AUDIT] actor= resource= action= result= corr= tenant= - Database operation successful: admin-list-related-entities {:parent-id 4e9f13d4-ba12-4110-8648-1b82d7df63d9, :entity order-items, :duration-ms 0.45875}
2026-03-20 09:41:03.878 [AUDIT] actor= resource= action= result= corr= tenant= - Processing authentication request {:uri /web/admin/order-items/11d3b951-f647-4c19-9633-02a3cc382711, :method :get, :has-session true, :has-bearer false, :cookies (session-token Idea-2e373df0), :session-token-value ymDLwZV0}
2026-03-20 09:41:03.879 [AUDIT] actor= resource= action= result= corr= tenant= - Attempting session authentication {:token-preview ymDLwZV0}
2026-03-20 09:41:03.879 [AUDIT] actor= resource= action= result= corr= tenant= - Validating session token {:session-token ymDLwZV0ecICKXkGsAksmDkSFHuUZ42QqC3OLyQyrVU=, :uri /web/admin/order-items/11d3b951-f647-4c19-9633-02a3cc382711}
2026-03-20 09:41:03.883 [AUDIT] actor= resource= action= result= corr= tenant= - Database operation successful: find-session-by-token {:session-token ymDLwZV0ecICKXkGsAksmDkSFHuUZ42QqC3OLyQyrVU=, :duration-ms 3.211667}
2026-03-20 09:41:03.885 [AUDIT] actor= resource= action= result= corr= tenant= - Database operation successful: update-session {:session-entity {:expires-at #object[java.time.Instant 0x45f94e7c 2026-03-20T16:20:51.781320Z], :user-agent Mozilla/5.0 (Macintosh; Intel Mac OS X 10_15_7) AppleWebKit/605.1.15 (KHTML, like Gecko) Version/26.3.1 Safari/605.1.15, :session-token ymDLwZV0ecICKXkGsAksmDkSFHuUZ42QqC3OLyQyrVU=, :user-id #uuid "d5fa63dd-4d30-4f4f-9237-6df5ae005e6d", :last-accessed-at #object[java.time.Instant 0xfbd8a7 2026-03-20T08:41:03.883886Z], :id #uuid "e12f2e6f-7726-41df-87b1-900fba57e3a7", :revoked-at nil, :created-at #object[java.time.Instant 0x4694a4f1 2026-03-20T08:20:52.054410Z], :ip-address [0:0:0:0:0:0:0:1]}, :duration-ms 1.414333}
2026-03-20 09:41:03.885 [AUDIT] actor= resource= action= result= corr= tenant= - Session validation successful {:user-id #uuid "d5fa63dd-4d30-4f4f-9237-6df5ae005e6d"}
2026-03-20 09:41:03.888 [AUDIT] actor= resource= action= result= corr= tenant= - Database operation successful: find-user-by-id {:user-id #uuid "d5fa63dd-4d30-4f4f-9237-6df5ae005e6d", :duration-ms 2.043542}
2026-03-20 09:41:03.890 [AUDIT] actor= resource= action= result= corr= tenant= - Database operation successful: admin-get-entity {:entity order-items, :id #uuid "11d3b951-f647-4c19-9633-02a3cc382711", :duration-ms 0.916625}
2026-03-20 09:41:03.894 [AUDIT] actor= resource= action= result= corr= tenant= - Database operation successful: admin-get-entity {:entity orders, :id 4e9f13d4-ba12-4110-8648-1b82d7df63d9, :duration-ms 1.475708}
2026-03-20 09:41:03.896 [AUDIT] actor= resource= action= result= corr= tenant= - Database operation successful: admin-list-related-entities {:parent-id 4e9f13d4-ba12-4110-8648-1b82d7df63d9, :entity order-items, :duration-ms 0.4815}
2026-03-20 09:41:09.746 [AUDIT] actor= resource= action= result= corr= tenant= - Processing authentication request {:uri /web/admin/order-items, :method :get, :has-session true, :has-bearer false, :cookies (session-token Idea-2e373df0), :session-token-value ymDLwZV0}
2026-03-20 09:41:09.746 [AUDIT] actor= resource= action= result= corr= tenant= - Attempting session authentication {:token-preview ymDLwZV0}
2026-03-20 09:41:09.746 [AUDIT] actor= resource= action= result= corr= tenant= - Validating session token {:session-token ymDLwZV0ecICKXkGsAksmDkSFHuUZ42QqC3OLyQyrVU=, :uri /web/admin/order-items}
2026-03-20 09:41:09.749 [AUDIT] actor= resource= action= result= corr= tenant= - Database operation successful: find-session-by-token {:session-token ymDLwZV0ecICKXkGsAksmDkSFHuUZ42QqC3OLyQyrVU=, :duration-ms 2.493792}
2026-03-20 09:41:09.751 [AUDIT] actor= resource= action= result= corr= tenant= - Database operation successful: update-session {:session-entity {:expires-at #object[java.time.Instant 0x51a304a5 2026-03-20T16:20:51.781320Z], :user-agent Mozilla/5.0 (Macintosh; Intel Mac OS X 10_15_7) AppleWebKit/605.1.15 (KHTML, like Gecko) Version/26.3.1 Safari/605.1.15, :session-token ymDLwZV0ecICKXkGsAksmDkSFHuUZ42QqC3OLyQyrVU=, :user-id #uuid "d5fa63dd-4d30-4f4f-9237-6df5ae005e6d", :last-accessed-at #object[java.time.Instant 0x5f64e0e1 2026-03-20T08:41:09.749777Z], :id #uuid "e12f2e6f-7726-41df-87b1-900fba57e3a7", :revoked-at nil, :created-at #object[java.time.Instant 0x5b5b6fd5 2026-03-20T08:20:52.054410Z], :ip-address [0:0:0:0:0:0:0:1]}, :duration-ms 1.3815}
2026-03-20 09:41:09.751 [AUDIT] actor= resource= action= result= corr= tenant= - Session validation successful {:user-id #uuid "d5fa63dd-4d30-4f4f-9237-6df5ae005e6d"}
2026-03-20 09:41:09.753 [AUDIT] actor= resource= action= result= corr= tenant= - Database operation successful: find-user-by-id {:user-id #uuid "d5fa63dd-4d30-4f4f-9237-6df5ae005e6d", :duration-ms 1.619125}
2026-03-20 09:41:09.756 [AUDIT] actor= resource= action= result= corr= tenant= - Database operation successful: admin-list-entities {:entity order-items, :limit nil, :offset nil, :duration-ms 1.232125}
2026-03-20 09:41:59.221 [AUDIT] actor= resource= action= result= corr= tenant= - Processing authentication request {:uri /web/admin/orders, :method :get, :has-session true, :has-bearer false, :cookies (session-token Idea-2e373df0), :session-token-value ymDLwZV0}
2026-03-20 09:41:59.222 [AUDIT] actor= resource= action= result= corr= tenant= - Attempting session authentication {:token-preview ymDLwZV0}
2026-03-20 09:41:59.222 [AUDIT] actor= resource= action= result= corr= tenant= - Validating session token {:session-token ymDLwZV0ecICKXkGsAksmDkSFHuUZ42QqC3OLyQyrVU=, :uri /web/admin/orders}
2026-03-20 09:41:59.226 [AUDIT] actor= resource= action= result= corr= tenant= - Database operation successful: find-session-by-token {:session-token ymDLwZV0ecICKXkGsAksmDkSFHuUZ42QqC3OLyQyrVU=, :duration-ms 2.658625}
2026-03-20 09:41:59.228 [AUDIT] actor= resource= action= result= corr= tenant= - Database operation successful: update-session {:session-entity {:expires-at #object[java.time.Instant 0x43b09c1a 2026-03-20T16:20:51.781320Z], :user-agent Mozilla/5.0 (Macintosh; Intel Mac OS X 10_15_7) AppleWebKit/605.1.15 (KHTML, like Gecko) Version/26.3.1 Safari/605.1.15, :session-token ymDLwZV0ecICKXkGsAksmDkSFHuUZ42QqC3OLyQyrVU=, :user-id #uuid "d5fa63dd-4d30-4f4f-9237-6df5ae005e6d", :last-accessed-at #object[java.time.Instant 0xc14a6c5 2026-03-20T08:41:59.226216Z], :id #uuid "e12f2e6f-7726-41df-87b1-900fba57e3a7", :revoked-at nil, :created-at #object[java.time.Instant 0x116149e 2026-03-20T08:20:52.054410Z], :ip-address [0:0:0:0:0:0:0:1]}, :duration-ms 1.9875}
2026-03-20 09:41:59.228 [AUDIT] actor= resource= action= result= corr= tenant= - Session validation successful {:user-id #uuid "d5fa63dd-4d30-4f4f-9237-6df5ae005e6d"}
2026-03-20 09:41:59.230 [AUDIT] actor= resource= action= result= corr= tenant= - Database operation successful: find-user-by-id {:user-id #uuid "d5fa63dd-4d30-4f4f-9237-6df5ae005e6d", :duration-ms 1.5535}
2026-03-20 09:41:59.235 [AUDIT] actor= resource= action= result= corr= tenant= - Database operation successful: admin-list-entities {:entity orders, :limit nil, :offset nil, :duration-ms 3.624833}
2026-03-20 09:41:59.851 [AUDIT] actor= resource= action= result= corr= tenant= - Processing authentication request {:uri /web/admin/products, :method :get, :has-session true, :has-bearer false, :cookies (session-token Idea-2e373df0), :session-token-value ymDLwZV0}
2026-03-20 09:41:59.851 [AUDIT] actor= resource= action= result= corr= tenant= - Attempting session authentication {:token-preview ymDLwZV0}
2026-03-20 09:41:59.851 [AUDIT] actor= resource= action= result= corr= tenant= - Validating session token {:session-token ymDLwZV0ecICKXkGsAksmDkSFHuUZ42QqC3OLyQyrVU=, :uri /web/admin/products}
2026-03-20 09:41:59.854 [AUDIT] actor= resource= action= result= corr= tenant= - Database operation successful: find-session-by-token {:session-token ymDLwZV0ecICKXkGsAksmDkSFHuUZ42QqC3OLyQyrVU=, :duration-ms 1.773042}
2026-03-20 09:41:59.856 [AUDIT] actor= resource= action= result= corr= tenant= - Database operation successful: update-session {:session-entity {:expires-at #object[java.time.Instant 0x780cfcdf 2026-03-20T16:20:51.781320Z], :user-agent Mozilla/5.0 (Macintosh; Intel Mac OS X 10_15_7) AppleWebKit/605.1.15 (KHTML, like Gecko) Version/26.3.1 Safari/605.1.15, :session-token ymDLwZV0ecICKXkGsAksmDkSFHuUZ42QqC3OLyQyrVU=, :user-id #uuid "d5fa63dd-4d30-4f4f-9237-6df5ae005e6d", :last-accessed-at #object[java.time.Instant 0x7787b291 2026-03-20T08:41:59.854487Z], :id #uuid "e12f2e6f-7726-41df-87b1-900fba57e3a7", :revoked-at nil, :created-at #object[java.time.Instant 0x33aa1e24 2026-03-20T08:20:52.054410Z], :ip-address [0:0:0:0:0:0:0:1]}, :duration-ms 1.659625}
2026-03-20 09:41:59.856 [AUDIT] actor= resource= action= result= corr= tenant= - Session validation successful {:user-id #uuid "d5fa63dd-4d30-4f4f-9237-6df5ae005e6d"}
2026-03-20 09:41:59.858 [AUDIT] actor= resource= action= result= corr= tenant= - Database operation successful: find-user-by-id {:user-id #uuid "d5fa63dd-4d30-4f4f-9237-6df5ae005e6d", :duration-ms 1.357833}
2026-03-20 09:41:59.860 [AUDIT] actor= resource= action= result= corr= tenant= - Database operation successful: admin-list-entities {:entity products, :limit nil, :offset nil, :duration-ms 1.075833}
2026-03-20 09:42:04.064 [AUDIT] actor= resource= action= result= corr= tenant= - Processing authentication request {:uri /web/admin/products/22222222-2222-2222-2222-222222222222, :method :get, :has-session true, :has-bearer false, :cookies (session-token Idea-2e373df0), :session-token-value ymDLwZV0}
2026-03-20 09:42:04.065 [AUDIT] actor= resource= action= result= corr= tenant= - Attempting session authentication {:token-preview ymDLwZV0}
2026-03-20 09:42:04.065 [AUDIT] actor= resource= action= result= corr= tenant= - Validating session token {:session-token ymDLwZV0ecICKXkGsAksmDkSFHuUZ42QqC3OLyQyrVU=, :uri /web/admin/products/22222222-2222-2222-2222-222222222222}
2026-03-20 09:42:04.067 [AUDIT] actor= resource= action= result= corr= tenant= - Database operation successful: find-session-by-token {:session-token ymDLwZV0ecICKXkGsAksmDkSFHuUZ42QqC3OLyQyrVU=, :duration-ms 2.15875}
2026-03-20 09:42:04.074 [AUDIT] actor= resource= action= result= corr= tenant= - Database operation successful: update-session {:session-entity {:expires-at #object[java.time.Instant 0x1a825ce7 2026-03-20T16:20:51.781320Z], :user-agent Mozilla/5.0 (Macintosh; Intel Mac OS X 10_15_7) AppleWebKit/605.1.15 (KHTML, like Gecko) Version/26.3.1 Safari/605.1.15, :session-token ymDLwZV0ecICKXkGsAksmDkSFHuUZ42QqC3OLyQyrVU=, :user-id #uuid "d5fa63dd-4d30-4f4f-9237-6df5ae005e6d", :last-accessed-at #object[java.time.Instant 0x70f7467c 2026-03-20T08:42:04.068180Z], :id #uuid "e12f2e6f-7726-41df-87b1-900fba57e3a7", :revoked-at nil, :created-at #object[java.time.Instant 0x3e65b8b9 2026-03-20T08:20:52.054410Z], :ip-address [0:0:0:0:0:0:0:1]}, :duration-ms 5.675}
2026-03-20 09:42:04.074 [AUDIT] actor= resource= action= result= corr= tenant= - Session validation successful {:user-id #uuid "d5fa63dd-4d30-4f4f-9237-6df5ae005e6d"}
2026-03-20 09:42:04.078 [AUDIT] actor= resource= action= result= corr= tenant= - Database operation successful: find-user-by-id {:user-id #uuid "d5fa63dd-4d30-4f4f-9237-6df5ae005e6d", :duration-ms 2.7135}
2026-03-20 09:42:04.080 [AUDIT] actor= resource= action= result= corr= tenant= - Database operation successful: admin-get-entity {:entity products, :id #uuid "22222222-2222-2222-2222-222222222222", :duration-ms 0.7435}
2026-03-20 09:44:47.714 [AUDIT] actor= resource= action= result= corr= tenant= - Processing authentication request {:uri /web/admin/orders, :method :get, :has-session true, :has-bearer false, :cookies (session-token Idea-2e373df0), :session-token-value ymDLwZV0}
2026-03-20 09:44:47.715 [AUDIT] actor= resource= action= result= corr= tenant= - Attempting session authentication {:token-preview ymDLwZV0}
2026-03-20 09:44:47.715 [AUDIT] actor= resource= action= result= corr= tenant= - Validating session token {:session-token ymDLwZV0ecICKXkGsAksmDkSFHuUZ42QqC3OLyQyrVU=, :uri /web/admin/orders}
2026-03-20 09:44:47.718 [AUDIT] actor= resource= action= result= corr= tenant= - Database operation successful: find-session-by-token {:session-token ymDLwZV0ecICKXkGsAksmDkSFHuUZ42QqC3OLyQyrVU=, :duration-ms 2.40325}
2026-03-20 09:44:47.719 [AUDIT] actor= resource= action= result= corr= tenant= - Database operation successful: update-session {:session-entity {:expires-at #object[java.time.Instant 0x158e1223 2026-03-20T16:20:51.781320Z], :user-agent Mozilla/5.0 (Macintosh; Intel Mac OS X 10_15_7) AppleWebKit/605.1.15 (KHTML, like Gecko) Version/26.3.1 Safari/605.1.15, :session-token ymDLwZV0ecICKXkGsAksmDkSFHuUZ42QqC3OLyQyrVU=, :user-id #uuid "d5fa63dd-4d30-4f4f-9237-6df5ae005e6d", :last-accessed-at #object[java.time.Instant 0x2a923da1 2026-03-20T08:44:47.718189Z], :id #uuid "e12f2e6f-7726-41df-87b1-900fba57e3a7", :revoked-at nil, :created-at #object[java.time.Instant 0x5c376272 2026-03-20T08:20:52.054410Z], :ip-address [0:0:0:0:0:0:0:1]}, :duration-ms 1.382542}
2026-03-20 09:44:47.720 [AUDIT] actor= resource= action= result= corr= tenant= - Session validation successful {:user-id #uuid "d5fa63dd-4d30-4f4f-9237-6df5ae005e6d"}
2026-03-20 09:44:47.721 [AUDIT] actor= resource= action= result= corr= tenant= - Database operation successful: find-user-by-id {:user-id #uuid "d5fa63dd-4d30-4f4f-9237-6df5ae005e6d", :duration-ms 1.4355}
2026-03-20 09:44:47.724 [AUDIT] actor= resource= action= result= corr= tenant= - Database operation successful: admin-list-entities {:entity orders, :limit nil, :offset nil, :duration-ms 1.712625}
2026-03-20 09:44:52.227 [AUDIT] actor= resource= action= result= corr= tenant= - Processing authentication request {:uri /web/admin/orders/0dca873e-dfcc-44f5-b797-720b15f71330, :method :get, :has-session true, :has-bearer false, :cookies (session-token Idea-2e373df0), :session-token-value ymDLwZV0}
2026-03-20 09:44:52.227 [AUDIT] actor= resource= action= result= corr= tenant= - Attempting session authentication {:token-preview ymDLwZV0}
2026-03-20 09:44:52.227 [AUDIT] actor= resource= action= result= corr= tenant= - Validating session token {:session-token ymDLwZV0ecICKXkGsAksmDkSFHuUZ42QqC3OLyQyrVU=, :uri /web/admin/orders/0dca873e-dfcc-44f5-b797-720b15f71330}
2026-03-20 09:44:52.232 [AUDIT] actor= resource= action= result= corr= tenant= - Database operation successful: find-session-by-token {:session-token ymDLwZV0ecICKXkGsAksmDkSFHuUZ42QqC3OLyQyrVU=, :duration-ms 3.588875}
2026-03-20 09:44:52.234 [AUDIT] actor= resource= action= result= corr= tenant= - Database operation successful: update-session {:session-entity {:expires-at #object[java.time.Instant 0x74a2ed0 2026-03-20T16:20:51.781320Z], :user-agent Mozilla/5.0 (Macintosh; Intel Mac OS X 10_15_7) AppleWebKit/605.1.15 (KHTML, like Gecko) Version/26.3.1 Safari/605.1.15, :session-token ymDLwZV0ecICKXkGsAksmDkSFHuUZ42QqC3OLyQyrVU=, :user-id #uuid "d5fa63dd-4d30-4f4f-9237-6df5ae005e6d", :last-accessed-at #object[java.time.Instant 0x62b02b10 2026-03-20T08:44:52.232658Z], :id #uuid "e12f2e6f-7726-41df-87b1-900fba57e3a7", :revoked-at nil, :created-at #object[java.time.Instant 0x59746dd2 2026-03-20T08:20:52.054410Z], :ip-address [0:0:0:0:0:0:0:1]}, :duration-ms 1.601041}
2026-03-20 09:44:52.235 [AUDIT] actor= resource= action= result= corr= tenant= - Session validation successful {:user-id #uuid "d5fa63dd-4d30-4f4f-9237-6df5ae005e6d"}
2026-03-20 09:44:52.237 [AUDIT] actor= resource= action= result= corr= tenant= - Database operation successful: find-user-by-id {:user-id #uuid "d5fa63dd-4d30-4f4f-9237-6df5ae005e6d", :duration-ms 1.6205}
2026-03-20 09:44:52.239 [AUDIT] actor= resource= action= result= corr= tenant= - Database operation successful: admin-get-entity {:entity orders, :id #uuid "0dca873e-dfcc-44f5-b797-720b15f71330", :duration-ms 0.923625}
2026-03-20 09:44:52.242 [AUDIT] actor= resource= action= result= corr= tenant= - Database operation successful: admin-list-related-entities {:parent-id 0dca873e-dfcc-44f5-b797-720b15f71330, :entity order-items, :duration-ms 0.74825}
2026-03-20 09:44:55.132 [AUDIT] actor= resource= action= result= corr= tenant= - Processing authentication request {:uri /web/admin/order-items/34491d8d-a4d3-4365-98f5-1b3edeeda0a5, :method :get, :has-session true, :has-bearer false, :cookies (session-token Idea-2e373df0), :session-token-value ymDLwZV0}
2026-03-20 09:44:55.132 [AUDIT] actor= resource= action= result= corr= tenant= - Attempting session authentication {:token-preview ymDLwZV0}
2026-03-20 09:44:55.132 [AUDIT] actor= resource= action= result= corr= tenant= - Validating session token {:session-token ymDLwZV0ecICKXkGsAksmDkSFHuUZ42QqC3OLyQyrVU=, :uri /web/admin/order-items/34491d8d-a4d3-4365-98f5-1b3edeeda0a5}
2026-03-20 09:44:55.136 [AUDIT] actor= resource= action= result= corr= tenant= - Database operation successful: find-session-by-token {:session-token ymDLwZV0ecICKXkGsAksmDkSFHuUZ42QqC3OLyQyrVU=, :duration-ms 3.063292}
2026-03-20 09:44:55.137 [AUDIT] actor= resource= action= result= corr= tenant= - Database operation successful: update-session {:session-entity {:expires-at #object[java.time.Instant 0x41577ec9 2026-03-20T16:20:51.781320Z], :user-agent Mozilla/5.0 (Macintosh; Intel Mac OS X 10_15_7) AppleWebKit/605.1.15 (KHTML, like Gecko) Version/26.3.1 Safari/605.1.15, :session-token ymDLwZV0ecICKXkGsAksmDkSFHuUZ42QqC3OLyQyrVU=, :user-id #uuid "d5fa63dd-4d30-4f4f-9237-6df5ae005e6d", :last-accessed-at #object[java.time.Instant 0x46eba9e5 2026-03-20T08:44:55.136206Z], :id #uuid "e12f2e6f-7726-41df-87b1-900fba57e3a7", :revoked-at nil, :created-at #object[java.time.Instant 0x7ddfb705 2026-03-20T08:20:52.054410Z], :ip-address [0:0:0:0:0:0:0:1]}, :duration-ms 1.020333}
2026-03-20 09:44:55.137 [AUDIT] actor= resource= action= result= corr= tenant= - Session validation successful {:user-id #uuid "d5fa63dd-4d30-4f4f-9237-6df5ae005e6d"}
2026-03-20 09:44:55.139 [AUDIT] actor= resource= action= result= corr= tenant= - Database operation successful: find-user-by-id {:user-id #uuid "d5fa63dd-4d30-4f4f-9237-6df5ae005e6d", :duration-ms 1.196041}
2026-03-20 09:44:55.141 [AUDIT] actor= resource= action= result= corr= tenant= - Database operation successful: admin-get-entity {:entity order-items, :id #uuid "34491d8d-a4d3-4365-98f5-1b3edeeda0a5", :duration-ms 0.666375}
2026-03-20 09:44:55.143 [AUDIT] actor= resource= action= result= corr= tenant= - Database operation successful: admin-get-entity {:entity orders, :id 0dca873e-dfcc-44f5-b797-720b15f71330, :duration-ms 0.701584}
2026-03-20 09:44:55.145 [AUDIT] actor= resource= action= result= corr= tenant= - Database operation successful: admin-list-related-entities {:parent-id 0dca873e-dfcc-44f5-b797-720b15f71330, :entity order-items, :duration-ms 0.387917}
2026-03-20 09:45:02.828 [AUDIT] actor= resource= action= result= corr= tenant= - Processing authentication request {:uri /web/admin/orders/0dca873e-dfcc-44f5-b797-720b15f71330, :method :get, :has-session true, :has-bearer false, :cookies (session-token Idea-2e373df0), :session-token-value ymDLwZV0}
2026-03-20 09:45:02.828 [AUDIT] actor= resource= action= result= corr= tenant= - Attempting session authentication {:token-preview ymDLwZV0}
2026-03-20 09:45:02.829 [AUDIT] actor= resource= action= result= corr= tenant= - Validating session token {:session-token ymDLwZV0ecICKXkGsAksmDkSFHuUZ42QqC3OLyQyrVU=, :uri /web/admin/orders/0dca873e-dfcc-44f5-b797-720b15f71330}
2026-03-20 09:45:02.831 [AUDIT] actor= resource= action= result= corr= tenant= - Database operation successful: find-session-by-token {:session-token ymDLwZV0ecICKXkGsAksmDkSFHuUZ42QqC3OLyQyrVU=, :duration-ms 2.080792}
2026-03-20 09:45:02.833 [AUDIT] actor= resource= action= result= corr= tenant= - Database operation successful: update-session {:session-entity {:expires-at #object[java.time.Instant 0x3eb7a07c 2026-03-20T16:20:51.781320Z], :user-agent Mozilla/5.0 (Macintosh; Intel Mac OS X 10_15_7) AppleWebKit/605.1.15 (KHTML, like Gecko) Version/26.3.1 Safari/605.1.15, :session-token ymDLwZV0ecICKXkGsAksmDkSFHuUZ42QqC3OLyQyrVU=, :user-id #uuid "d5fa63dd-4d30-4f4f-9237-6df5ae005e6d", :last-accessed-at #object[java.time.Instant 0x685d35d4 2026-03-20T08:45:02.831762Z], :id #uuid "e12f2e6f-7726-41df-87b1-900fba57e3a7", :revoked-at nil, :created-at #object[java.time.Instant 0xb566b64 2026-03-20T08:20:52.054410Z], :ip-address [0:0:0:0:0:0:0:1]}, :duration-ms 0.988}
2026-03-20 09:45:02.833 [AUDIT] actor= resource= action= result= corr= tenant= - Session validation successful {:user-id #uuid "d5fa63dd-4d30-4f4f-9237-6df5ae005e6d"}
2026-03-20 09:45:02.834 [AUDIT] actor= resource= action= result= corr= tenant= - Database operation successful: find-user-by-id {:user-id #uuid "d5fa63dd-4d30-4f4f-9237-6df5ae005e6d", :duration-ms 1.39}
2026-03-20 09:45:02.837 [AUDIT] actor= resource= action= result= corr= tenant= - Database operation successful: admin-get-entity {:entity orders, :id #uuid "0dca873e-dfcc-44f5-b797-720b15f71330", :duration-ms 1.295459}
2026-03-20 09:45:02.840 [AUDIT] actor= resource= action= result= corr= tenant= - Database operation successful: admin-list-related-entities {:parent-id 0dca873e-dfcc-44f5-b797-720b15f71330, :entity order-items, :duration-ms 0.438209}
2026-03-20 09:45:08.470 [AUDIT] actor= resource= action= result= corr= tenant= - Processing authentication request {:uri /web/admin/order-items/34491d8d-a4d3-4365-98f5-1b3edeeda0a5, :method :get, :has-session true, :has-bearer false, :cookies (session-token Idea-2e373df0), :session-token-value ymDLwZV0}
2026-03-20 09:45:08.470 [AUDIT] actor= resource= action= result= corr= tenant= - Attempting session authentication {:token-preview ymDLwZV0}
2026-03-20 09:45:08.470 [AUDIT] actor= resource= action= result= corr= tenant= - Validating session token {:session-token ymDLwZV0ecICKXkGsAksmDkSFHuUZ42QqC3OLyQyrVU=, :uri /web/admin/order-items/34491d8d-a4d3-4365-98f5-1b3edeeda0a5}
2026-03-20 09:45:08.472 [AUDIT] actor= resource= action= result= corr= tenant= - Database operation successful: find-session-by-token {:session-token ymDLwZV0ecICKXkGsAksmDkSFHuUZ42QqC3OLyQyrVU=, :duration-ms 1.911625}
2026-03-20 09:45:08.479 [AUDIT] actor= resource= action= result= corr= tenant= - Database operation successful: update-session {:session-entity {:expires-at #object[java.time.Instant 0x2162b355 2026-03-20T16:20:51.781320Z], :user-agent Mozilla/5.0 (Macintosh; Intel Mac OS X 10_15_7) AppleWebKit/605.1.15 (KHTML, like Gecko) Version/26.3.1 Safari/605.1.15, :session-token ymDLwZV0ecICKXkGsAksmDkSFHuUZ42QqC3OLyQyrVU=, :user-id #uuid "d5fa63dd-4d30-4f4f-9237-6df5ae005e6d", :last-accessed-at #object[java.time.Instant 0x5b393086 2026-03-20T08:45:08.473011Z], :id #uuid "e12f2e6f-7726-41df-87b1-900fba57e3a7", :revoked-at nil, :created-at #object[java.time.Instant 0x40861e85 2026-03-20T08:20:52.054410Z], :ip-address [0:0:0:0:0:0:0:1]}, :duration-ms 5.768875}
2026-03-20 09:45:08.479 [AUDIT] actor= resource= action= result= corr= tenant= - Session validation successful {:user-id #uuid "d5fa63dd-4d30-4f4f-9237-6df5ae005e6d"}
2026-03-20 09:45:08.481 [AUDIT] actor= resource= action= result= corr= tenant= - Database operation successful: find-user-by-id {:user-id #uuid "d5fa63dd-4d30-4f4f-9237-6df5ae005e6d", :duration-ms 1.797083}
2026-03-20 09:45:08.482 [AUDIT] actor= resource= action= result= corr= tenant= - Database operation successful: admin-get-entity {:entity order-items, :id #uuid "34491d8d-a4d3-4365-98f5-1b3edeeda0a5", :duration-ms 0.555958}
2026-03-20 09:45:08.484 [AUDIT] actor= resource= action= result= corr= tenant= - Database operation successful: admin-get-entity {:entity orders, :id 0dca873e-dfcc-44f5-b797-720b15f71330, :duration-ms 0.707875}
2026-03-20 09:45:08.485 [AUDIT] actor= resource= action= result= corr= tenant= - Database operation successful: admin-list-related-entities {:parent-id 0dca873e-dfcc-44f5-b797-720b15f71330, :entity order-items, :duration-ms 0.239417}
2026-03-20 09:45:10.958 [AUDIT] actor= resource= action= result= corr= tenant= - Processing authentication request {:uri /web/admin/order-items/954f2cf4-73a4-4a97-8606-2310cbbec449, :method :get, :has-session true, :has-bearer false, :cookies (session-token Idea-2e373df0), :session-token-value ymDLwZV0}
2026-03-20 09:45:10.958 [AUDIT] actor= resource= action= result= corr= tenant= - Attempting session authentication {:token-preview ymDLwZV0}
2026-03-20 09:45:10.958 [AUDIT] actor= resource= action= result= corr= tenant= - Validating session token {:session-token ymDLwZV0ecICKXkGsAksmDkSFHuUZ42QqC3OLyQyrVU=, :uri /web/admin/order-items/954f2cf4-73a4-4a97-8606-2310cbbec449}
2026-03-20 09:45:10.960 [AUDIT] actor= resource= action= result= corr= tenant= - Database operation successful: find-session-by-token {:session-token ymDLwZV0ecICKXkGsAksmDkSFHuUZ42QqC3OLyQyrVU=, :duration-ms 1.864167}
2026-03-20 09:45:10.966 [AUDIT] actor= resource= action= result= corr= tenant= - Database operation successful: update-session {:session-entity {:expires-at #object[java.time.Instant 0x71368d21 2026-03-20T16:20:51.781320Z], :user-agent Mozilla/5.0 (Macintosh; Intel Mac OS X 10_15_7) AppleWebKit/605.1.15 (KHTML, like Gecko) Version/26.3.1 Safari/605.1.15, :session-token ymDLwZV0ecICKXkGsAksmDkSFHuUZ42QqC3OLyQyrVU=, :user-id #uuid "d5fa63dd-4d30-4f4f-9237-6df5ae005e6d", :last-accessed-at #object[java.time.Instant 0x7201773b 2026-03-20T08:45:10.960836Z], :id #uuid "e12f2e6f-7726-41df-87b1-900fba57e3a7", :revoked-at nil, :created-at #object[java.time.Instant 0x73f30f3a 2026-03-20T08:20:52.054410Z], :ip-address [0:0:0:0:0:0:0:1]}, :duration-ms 5.660541}
2026-03-20 09:45:10.967 [AUDIT] actor= resource= action= result= corr= tenant= - Session validation successful {:user-id #uuid "d5fa63dd-4d30-4f4f-9237-6df5ae005e6d"}
2026-03-20 09:45:10.968 [AUDIT] actor= resource= action= result= corr= tenant= - Database operation successful: find-user-by-id {:user-id #uuid "d5fa63dd-4d30-4f4f-9237-6df5ae005e6d", :duration-ms 1.029541}
2026-03-20 09:45:10.969 [AUDIT] actor= resource= action= result= corr= tenant= - Database operation successful: admin-get-entity {:entity order-items, :id #uuid "954f2cf4-73a4-4a97-8606-2310cbbec449", :duration-ms 0.423042}
2026-03-20 09:45:10.971 [AUDIT] actor= resource= action= result= corr= tenant= - Database operation successful: admin-get-entity {:entity orders, :id 0dca873e-dfcc-44f5-b797-720b15f71330, :duration-ms 0.834041}
2026-03-20 09:45:10.972 [AUDIT] actor= resource= action= result= corr= tenant= - Database operation successful: admin-list-related-entities {:parent-id 0dca873e-dfcc-44f5-b797-720b15f71330, :entity order-items, :duration-ms 0.305792}
2026-03-20 09:45:12.635 [AUDIT] actor= resource= action= result= corr= tenant= - Processing authentication request {:uri /web/admin/order-items/f434ae9e-ce99-44e7-8700-a32699b115a6, :method :get, :has-session true, :has-bearer false, :cookies (session-token Idea-2e373df0), :session-token-value ymDLwZV0}
2026-03-20 09:45:12.635 [AUDIT] actor= resource= action= result= corr= tenant= - Attempting session authentication {:token-preview ymDLwZV0}
2026-03-20 09:45:12.635 [AUDIT] actor= resource= action= result= corr= tenant= - Validating session token {:session-token ymDLwZV0ecICKXkGsAksmDkSFHuUZ42QqC3OLyQyrVU=, :uri /web/admin/order-items/f434ae9e-ce99-44e7-8700-a32699b115a6}
2026-03-20 09:45:12.637 [AUDIT] actor= resource= action= result= corr= tenant= - Database operation successful: find-session-by-token {:session-token ymDLwZV0ecICKXkGsAksmDkSFHuUZ42QqC3OLyQyrVU=, :duration-ms 1.836125}
2026-03-20 09:45:12.639 [AUDIT] actor= resource= action= result= corr= tenant= - Database operation successful: update-session {:session-entity {:expires-at #object[java.time.Instant 0x40e1ee0f 2026-03-20T16:20:51.781320Z], :user-agent Mozilla/5.0 (Macintosh; Intel Mac OS X 10_15_7) AppleWebKit/605.1.15 (KHTML, like Gecko) Version/26.3.1 Safari/605.1.15, :session-token ymDLwZV0ecICKXkGsAksmDkSFHuUZ42QqC3OLyQyrVU=, :user-id #uuid "d5fa63dd-4d30-4f4f-9237-6df5ae005e6d", :last-accessed-at #object[java.time.Instant 0x74ad055d 2026-03-20T08:45:12.637965Z], :id #uuid "e12f2e6f-7726-41df-87b1-900fba57e3a7", :revoked-at nil, :created-at #object[java.time.Instant 0x6682a64e 2026-03-20T08:20:52.054410Z], :ip-address [0:0:0:0:0:0:0:1]}, :duration-ms 0.987167}
2026-03-20 09:45:12.639 [AUDIT] actor= resource= action= result= corr= tenant= - Session validation successful {:user-id #uuid "d5fa63dd-4d30-4f4f-9237-6df5ae005e6d"}
2026-03-20 09:45:12.640 [AUDIT] actor= resource= action= result= corr= tenant= - Database operation successful: find-user-by-id {:user-id #uuid "d5fa63dd-4d30-4f4f-9237-6df5ae005e6d", :duration-ms 0.892}
2026-03-20 09:45:12.641 [AUDIT] actor= resource= action= result= corr= tenant= - Database operation successful: admin-get-entity {:entity order-items, :id #uuid "f434ae9e-ce99-44e7-8700-a32699b115a6", :duration-ms 0.642583}
2026-03-20 09:45:12.643 [AUDIT] actor= resource= action= result= corr= tenant= - Database operation successful: admin-get-entity {:entity orders, :id 0dca873e-dfcc-44f5-b797-720b15f71330, :duration-ms 0.678416}
2026-03-20 09:45:12.644 [AUDIT] actor= resource= action= result= corr= tenant= - Database operation successful: admin-list-related-entities {:parent-id 0dca873e-dfcc-44f5-b797-720b15f71330, :entity order-items, :duration-ms 0.194667}
2026-03-20 09:45:15.258 [AUDIT] actor= resource= action= result= corr= tenant= - Processing authentication request {:uri /web/admin/orders/0dca873e-dfcc-44f5-b797-720b15f71330, :method :get, :has-session true, :has-bearer false, :cookies (session-token Idea-2e373df0), :session-token-value ymDLwZV0}
2026-03-20 09:45:15.258 [AUDIT] actor= resource= action= result= corr= tenant= - Attempting session authentication {:token-preview ymDLwZV0}
2026-03-20 09:45:15.258 [AUDIT] actor= resource= action= result= corr= tenant= - Validating session token {:session-token ymDLwZV0ecICKXkGsAksmDkSFHuUZ42QqC3OLyQyrVU=, :uri /web/admin/orders/0dca873e-dfcc-44f5-b797-720b15f71330}
2026-03-20 09:45:15.263 [AUDIT] actor= resource= action= result= corr= tenant= - Database operation successful: find-session-by-token {:session-token ymDLwZV0ecICKXkGsAksmDkSFHuUZ42QqC3OLyQyrVU=, :duration-ms 4.549875}
2026-03-20 09:45:15.265 [AUDIT] actor= resource= action= result= corr= tenant= - Database operation successful: update-session {:session-entity {:expires-at #object[java.time.Instant 0x4b46576b 2026-03-20T16:20:51.781320Z], :user-agent Mozilla/5.0 (Macintosh; Intel Mac OS X 10_15_7) AppleWebKit/605.1.15 (KHTML, like Gecko) Version/26.3.1 Safari/605.1.15, :session-token ymDLwZV0ecICKXkGsAksmDkSFHuUZ42QqC3OLyQyrVU=, :user-id #uuid "d5fa63dd-4d30-4f4f-9237-6df5ae005e6d", :last-accessed-at #object[java.time.Instant 0xedc84a7 2026-03-20T08:45:15.263916Z], :id #uuid "e12f2e6f-7726-41df-87b1-900fba57e3a7", :revoked-at nil, :created-at #object[java.time.Instant 0x779d82e8 2026-03-20T08:20:52.054410Z], :ip-address [0:0:0:0:0:0:0:1]}, :duration-ms 1.443334}
2026-03-20 09:45:15.265 [AUDIT] actor= resource= action= result= corr= tenant= - Session validation successful {:user-id #uuid "d5fa63dd-4d30-4f4f-9237-6df5ae005e6d"}
2026-03-20 09:45:15.266 [AUDIT] actor= resource= action= result= corr= tenant= - Database operation successful: find-user-by-id {:user-id #uuid "d5fa63dd-4d30-4f4f-9237-6df5ae005e6d", :duration-ms 0.816708}
2026-03-20 09:45:15.268 [AUDIT] actor= resource= action= result= corr= tenant= - Database operation successful: admin-get-entity {:entity orders, :id #uuid "0dca873e-dfcc-44f5-b797-720b15f71330", :duration-ms 0.715291}
2026-03-20 09:45:15.269 [AUDIT] actor= resource= action= result= corr= tenant= - Database operation successful: admin-list-related-entities {:parent-id 0dca873e-dfcc-44f5-b797-720b15f71330, :entity order-items, :duration-ms 0.240041}
2026-03-20 09:46:26.556 [AUDIT] actor= resource= action= result= corr= tenant= - Processing authentication request {:uri /web/admin/orders, :method :get, :has-session true, :has-bearer false, :cookies (session-token Idea-2e373df0), :session-token-value ymDLwZV0}
2026-03-20 09:46:26.556 [AUDIT] actor= resource= action= result= corr= tenant= - Attempting session authentication {:token-preview ymDLwZV0}
2026-03-20 09:46:26.556 [AUDIT] actor= resource= action= result= corr= tenant= - Validating session token {:session-token ymDLwZV0ecICKXkGsAksmDkSFHuUZ42QqC3OLyQyrVU=, :uri /web/admin/orders}
2026-03-20 09:46:26.558 [AUDIT] actor= resource= action= result= corr= tenant= - Database operation successful: find-session-by-token {:session-token ymDLwZV0ecICKXkGsAksmDkSFHuUZ42QqC3OLyQyrVU=, :duration-ms 1.418041}
2026-03-20 09:46:26.559 [AUDIT] actor= resource= action= result= corr= tenant= - Database operation successful: update-session {:session-entity {:expires-at #object[java.time.Instant 0x1b198340 2026-03-20T16:20:51.781320Z], :user-agent Mozilla/5.0 (Macintosh; Intel Mac OS X 10_15_7) AppleWebKit/605.1.15 (KHTML, like Gecko) Version/26.3.1 Safari/605.1.15, :session-token ymDLwZV0ecICKXkGsAksmDkSFHuUZ42QqC3OLyQyrVU=, :user-id #uuid "d5fa63dd-4d30-4f4f-9237-6df5ae005e6d", :last-accessed-at #object[java.time.Instant 0x5a46441a 2026-03-20T08:46:26.558488Z], :id #uuid "e12f2e6f-7726-41df-87b1-900fba57e3a7", :revoked-at nil, :created-at #object[java.time.Instant 0x34aceef7 2026-03-20T08:20:52.054410Z], :ip-address [0:0:0:0:0:0:0:1]}, :duration-ms 0.587291}
2026-03-20 09:46:26.559 [AUDIT] actor= resource= action= result= corr= tenant= - Session validation successful {:user-id #uuid "d5fa63dd-4d30-4f4f-9237-6df5ae005e6d"}
2026-03-20 09:46:26.560 [AUDIT] actor= resource= action= result= corr= tenant= - Database operation successful: find-user-by-id {:user-id #uuid "d5fa63dd-4d30-4f4f-9237-6df5ae005e6d", :duration-ms 0.883667}
2026-03-20 09:46:26.562 [AUDIT] actor= resource= action= result= corr= tenant= - Database operation successful: admin-list-entities {:entity orders, :limit nil, :offset nil, :duration-ms 0.848666}
2026-03-20 09:46:39.324 [AUDIT] actor= resource= action= result= corr= tenant= - Processing authentication request {:uri /web/admin/orders/4e9f13d4-ba12-4110-8648-1b82d7df63d9, :method :get, :has-session true, :has-bearer false, :cookies (session-token Idea-2e373df0), :session-token-value ymDLwZV0}
2026-03-20 09:46:39.324 [AUDIT] actor= resource= action= result= corr= tenant= - Attempting session authentication {:token-preview ymDLwZV0}
2026-03-20 09:46:39.324 [AUDIT] actor= resource= action= result= corr= tenant= - Validating session token {:session-token ymDLwZV0ecICKXkGsAksmDkSFHuUZ42QqC3OLyQyrVU=, :uri /web/admin/orders/4e9f13d4-ba12-4110-8648-1b82d7df63d9}
2026-03-20 09:46:39.327 [AUDIT] actor= resource= action= result= corr= tenant= - Database operation successful: find-session-by-token {:session-token ymDLwZV0ecICKXkGsAksmDkSFHuUZ42QqC3OLyQyrVU=, :duration-ms 1.890417}
2026-03-20 09:46:39.328 [AUDIT] actor= resource= action= result= corr= tenant= - Database operation successful: update-session {:session-entity {:expires-at #object[java.time.Instant 0x7a388f4a 2026-03-20T16:20:51.781320Z], :user-agent Mozilla/5.0 (Macintosh; Intel Mac OS X 10_15_7) AppleWebKit/605.1.15 (KHTML, like Gecko) Version/26.3.1 Safari/605.1.15, :session-token ymDLwZV0ecICKXkGsAksmDkSFHuUZ42QqC3OLyQyrVU=, :user-id #uuid "d5fa63dd-4d30-4f4f-9237-6df5ae005e6d", :last-accessed-at #object[java.time.Instant 0x2d6c00ce 2026-03-20T08:46:39.327367Z], :id #uuid "e12f2e6f-7726-41df-87b1-900fba57e3a7", :revoked-at nil, :created-at #object[java.time.Instant 0x4562f7ed 2026-03-20T08:20:52.054410Z], :ip-address [0:0:0:0:0:0:0:1]}, :duration-ms 1.042959}
2026-03-20 09:46:39.328 [AUDIT] actor= resource= action= result= corr= tenant= - Session validation successful {:user-id #uuid "d5fa63dd-4d30-4f4f-9237-6df5ae005e6d"}
2026-03-20 09:46:39.330 [AUDIT] actor= resource= action= result= corr= tenant= - Database operation successful: find-user-by-id {:user-id #uuid "d5fa63dd-4d30-4f4f-9237-6df5ae005e6d", :duration-ms 1.214791}
2026-03-20 09:46:39.331 [AUDIT] actor= resource= action= result= corr= tenant= - Database operation successful: admin-get-entity {:entity orders, :id #uuid "4e9f13d4-ba12-4110-8648-1b82d7df63d9", :duration-ms 0.642167}
2026-03-20 09:46:39.333 [AUDIT] actor= resource= action= result= corr= tenant= - Database operation successful: admin-list-related-entities {:parent-id 4e9f13d4-ba12-4110-8648-1b82d7df63d9, :entity order-items, :duration-ms 0.257209}
2026-03-20 09:46:41.775 [AUDIT] actor= resource= action= result= corr= tenant= - Processing authentication request {:uri /web/admin/orders, :method :get, :has-session true, :has-bearer false, :cookies (session-token Idea-2e373df0), :session-token-value ymDLwZV0}
2026-03-20 09:46:41.775 [AUDIT] actor= resource= action= result= corr= tenant= - Attempting session authentication {:token-preview ymDLwZV0}
2026-03-20 09:46:41.775 [AUDIT] actor= resource= action= result= corr= tenant= - Validating session token {:session-token ymDLwZV0ecICKXkGsAksmDkSFHuUZ42QqC3OLyQyrVU=, :uri /web/admin/orders}
2026-03-20 09:46:41.779 [AUDIT] actor= resource= action= result= corr= tenant= - Database operation successful: find-session-by-token {:session-token ymDLwZV0ecICKXkGsAksmDkSFHuUZ42QqC3OLyQyrVU=, :duration-ms 2.460417}
2026-03-20 09:46:41.780 [AUDIT] actor= resource= action= result= corr= tenant= - Database operation successful: update-session {:session-entity {:expires-at #object[java.time.Instant 0x1680ee2d 2026-03-20T16:20:51.781320Z], :user-agent Mozilla/5.0 (Macintosh; Intel Mac OS X 10_15_7) AppleWebKit/605.1.15 (KHTML, like Gecko) Version/26.3.1 Safari/605.1.15, :session-token ymDLwZV0ecICKXkGsAksmDkSFHuUZ42QqC3OLyQyrVU=, :user-id #uuid "d5fa63dd-4d30-4f4f-9237-6df5ae005e6d", :last-accessed-at #object[java.time.Instant 0x595eeb64 2026-03-20T08:46:41.779588Z], :id #uuid "e12f2e6f-7726-41df-87b1-900fba57e3a7", :revoked-at nil, :created-at #object[java.time.Instant 0x45458aff 2026-03-20T08:20:52.054410Z], :ip-address [0:0:0:0:0:0:0:1]}, :duration-ms 1.038125}
2026-03-20 09:46:41.781 [AUDIT] actor= resource= action= result= corr= tenant= - Session validation successful {:user-id #uuid "d5fa63dd-4d30-4f4f-9237-6df5ae005e6d"}
2026-03-20 09:46:41.782 [AUDIT] actor= resource= action= result= corr= tenant= - Database operation successful: find-user-by-id {:user-id #uuid "d5fa63dd-4d30-4f4f-9237-6df5ae005e6d", :duration-ms 1.38675}
2026-03-20 09:46:41.785 [AUDIT] actor= resource= action= result= corr= tenant= - Database operation successful: admin-list-entities {:entity orders, :limit nil, :offset nil, :duration-ms 1.693333}
2026-03-20 09:46:43.646 [AUDIT] actor= resource= action= result= corr= tenant= - Processing authentication request {:uri /web/admin/orders/0dca873e-dfcc-44f5-b797-720b15f71330, :method :get, :has-session true, :has-bearer false, :cookies (session-token Idea-2e373df0), :session-token-value ymDLwZV0}
2026-03-20 09:46:43.647 [AUDIT] actor= resource= action= result= corr= tenant= - Attempting session authentication {:token-preview ymDLwZV0}
2026-03-20 09:46:43.647 [AUDIT] actor= resource= action= result= corr= tenant= - Validating session token {:session-token ymDLwZV0ecICKXkGsAksmDkSFHuUZ42QqC3OLyQyrVU=, :uri /web/admin/orders/0dca873e-dfcc-44f5-b797-720b15f71330}
2026-03-20 09:46:43.649 [AUDIT] actor= resource= action= result= corr= tenant= - Database operation successful: find-session-by-token {:session-token ymDLwZV0ecICKXkGsAksmDkSFHuUZ42QqC3OLyQyrVU=, :duration-ms 1.680042}
2026-03-20 09:46:43.650 [AUDIT] actor= resource= action= result= corr= tenant= - Database operation successful: update-session {:session-entity {:expires-at #object[java.time.Instant 0x16ea72e0 2026-03-20T16:20:51.781320Z], :user-agent Mozilla/5.0 (Macintosh; Intel Mac OS X 10_15_7) AppleWebKit/605.1.15 (KHTML, like Gecko) Version/26.3.1 Safari/605.1.15, :session-token ymDLwZV0ecICKXkGsAksmDkSFHuUZ42QqC3OLyQyrVU=, :user-id #uuid "d5fa63dd-4d30-4f4f-9237-6df5ae005e6d", :last-accessed-at #object[java.time.Instant 0x2816eda8 2026-03-20T08:46:43.649511Z], :id #uuid "e12f2e6f-7726-41df-87b1-900fba57e3a7", :revoked-at nil, :created-at #object[java.time.Instant 0x6531e214 2026-03-20T08:20:52.054410Z], :ip-address [0:0:0:0:0:0:0:1]}, :duration-ms 0.8655}
2026-03-20 09:46:43.650 [AUDIT] actor= resource= action= result= corr= tenant= - Session validation successful {:user-id #uuid "d5fa63dd-4d30-4f4f-9237-6df5ae005e6d"}
2026-03-20 09:46:43.651 [AUDIT] actor= resource= action= result= corr= tenant= - Database operation successful: find-user-by-id {:user-id #uuid "d5fa63dd-4d30-4f4f-9237-6df5ae005e6d", :duration-ms 0.85975}
2026-03-20 09:46:43.653 [AUDIT] actor= resource= action= result= corr= tenant= - Database operation successful: admin-get-entity {:entity orders, :id #uuid "0dca873e-dfcc-44f5-b797-720b15f71330", :duration-ms 0.607625}
2026-03-20 09:46:43.654 [AUDIT] actor= resource= action= result= corr= tenant= - Database operation successful: admin-list-related-entities {:parent-id 0dca873e-dfcc-44f5-b797-720b15f71330, :entity order-items, :duration-ms 0.261958}
2026-03-20 09:46:47.981 [AUDIT] actor= resource= action= result= corr= tenant= - Processing authentication request {:uri /web/admin/order-items/34491d8d-a4d3-4365-98f5-1b3edeeda0a5, :method :get, :has-session true, :has-bearer false, :cookies (session-token Idea-2e373df0), :session-token-value ymDLwZV0}
2026-03-20 09:46:47.982 [AUDIT] actor= resource= action= result= corr= tenant= - Attempting session authentication {:token-preview ymDLwZV0}
2026-03-20 09:46:47.982 [AUDIT] actor= resource= action= result= corr= tenant= - Validating session token {:session-token ymDLwZV0ecICKXkGsAksmDkSFHuUZ42QqC3OLyQyrVU=, :uri /web/admin/order-items/34491d8d-a4d3-4365-98f5-1b3edeeda0a5}
2026-03-20 09:46:47.984 [AUDIT] actor= resource= action= result= corr= tenant= - Database operation successful: find-session-by-token {:session-token ymDLwZV0ecICKXkGsAksmDkSFHuUZ42QqC3OLyQyrVU=, :duration-ms 2.1415}
2026-03-20 09:46:47.986 [AUDIT] actor= resource= action= result= corr= tenant= - Database operation successful: update-session {:session-entity {:expires-at #object[java.time.Instant 0x3686f4cf 2026-03-20T16:20:51.781320Z], :user-agent Mozilla/5.0 (Macintosh; Intel Mac OS X 10_15_7) AppleWebKit/605.1.15 (KHTML, like Gecko) Version/26.3.1 Safari/605.1.15, :session-token ymDLwZV0ecICKXkGsAksmDkSFHuUZ42QqC3OLyQyrVU=, :user-id #uuid "d5fa63dd-4d30-4f4f-9237-6df5ae005e6d", :last-accessed-at #object[java.time.Instant 0x276695b4 2026-03-20T08:46:47.985026Z], :id #uuid "e12f2e6f-7726-41df-87b1-900fba57e3a7", :revoked-at nil, :created-at #object[java.time.Instant 0x9cd4ff7 2026-03-20T08:20:52.054410Z], :ip-address [0:0:0:0:0:0:0:1]}, :duration-ms 0.930417}
2026-03-20 09:46:47.986 [AUDIT] actor= resource= action= result= corr= tenant= - Session validation successful {:user-id #uuid "d5fa63dd-4d30-4f4f-9237-6df5ae005e6d"}
2026-03-20 09:46:47.987 [AUDIT] actor= resource= action= result= corr= tenant= - Database operation successful: find-user-by-id {:user-id #uuid "d5fa63dd-4d30-4f4f-9237-6df5ae005e6d", :duration-ms 0.754875}
2026-03-20 09:46:47.988 [AUDIT] actor= resource= action= result= corr= tenant= - Database operation successful: admin-get-entity {:entity order-items, :id #uuid "34491d8d-a4d3-4365-98f5-1b3edeeda0a5", :duration-ms 0.3835}
2026-03-20 09:46:47.990 [AUDIT] actor= resource= action= result= corr= tenant= - Database operation successful: admin-get-entity {:entity orders, :id 0dca873e-dfcc-44f5-b797-720b15f71330, :duration-ms 0.819583}
2026-03-20 09:46:47.991 [AUDIT] actor= resource= action= result= corr= tenant= - Database operation successful: admin-list-related-entities {:parent-id 0dca873e-dfcc-44f5-b797-720b15f71330, :entity order-items, :duration-ms 0.254709}
2026-03-20 09:46:50.964 [AUDIT] actor= resource= action= result= corr= tenant= - Processing authentication request {:uri /web/admin/order-items/954f2cf4-73a4-4a97-8606-2310cbbec449, :method :get, :has-session true, :has-bearer false, :cookies (session-token Idea-2e373df0), :session-token-value ymDLwZV0}
2026-03-20 09:46:50.965 [AUDIT] actor= resource= action= result= corr= tenant= - Attempting session authentication {:token-preview ymDLwZV0}
2026-03-20 09:46:50.965 [AUDIT] actor= resource= action= result= corr= tenant= - Validating session token {:session-token ymDLwZV0ecICKXkGsAksmDkSFHuUZ42QqC3OLyQyrVU=, :uri /web/admin/order-items/954f2cf4-73a4-4a97-8606-2310cbbec449}
2026-03-20 09:46:50.967 [AUDIT] actor= resource= action= result= corr= tenant= - Database operation successful: find-session-by-token {:session-token ymDLwZV0ecICKXkGsAksmDkSFHuUZ42QqC3OLyQyrVU=, :duration-ms 1.412708}
2026-03-20 09:46:50.968 [AUDIT] actor= resource= action= result= corr= tenant= - Database operation successful: update-session {:session-entity {:expires-at #object[java.time.Instant 0x37bebcc0 2026-03-20T16:20:51.781320Z], :user-agent Mozilla/5.0 (Macintosh; Intel Mac OS X 10_15_7) AppleWebKit/605.1.15 (KHTML, like Gecko) Version/26.3.1 Safari/605.1.15, :session-token ymDLwZV0ecICKXkGsAksmDkSFHuUZ42QqC3OLyQyrVU=, :user-id #uuid "d5fa63dd-4d30-4f4f-9237-6df5ae005e6d", :last-accessed-at #object[java.time.Instant 0x7286a5a5 2026-03-20T08:46:50.967439Z], :id #uuid "e12f2e6f-7726-41df-87b1-900fba57e3a7", :revoked-at nil, :created-at #object[java.time.Instant 0x6de26df0 2026-03-20T08:20:52.054410Z], :ip-address [0:0:0:0:0:0:0:1]}, :duration-ms 0.868584}
2026-03-20 09:46:50.968 [AUDIT] actor= resource= action= result= corr= tenant= - Session validation successful {:user-id #uuid "d5fa63dd-4d30-4f4f-9237-6df5ae005e6d"}
2026-03-20 09:46:50.969 [AUDIT] actor= resource= action= result= corr= tenant= - Database operation successful: find-user-by-id {:user-id #uuid "d5fa63dd-4d30-4f4f-9237-6df5ae005e6d", :duration-ms 0.756833}
2026-03-20 09:46:50.970 [AUDIT] actor= resource= action= result= corr= tenant= - Database operation successful: admin-get-entity {:entity order-items, :id #uuid "954f2cf4-73a4-4a97-8606-2310cbbec449", :duration-ms 0.580417}
2026-03-20 09:46:50.973 [AUDIT] actor= resource= action= result= corr= tenant= - Database operation successful: admin-get-entity {:entity orders, :id 0dca873e-dfcc-44f5-b797-720b15f71330, :duration-ms 0.667917}
2026-03-20 09:46:50.974 [AUDIT] actor= resource= action= result= corr= tenant= - Database operation successful: admin-list-related-entities {:parent-id 0dca873e-dfcc-44f5-b797-720b15f71330, :entity order-items, :duration-ms 0.294166}
2026-03-20 09:46:53.067 [AUDIT] actor= resource= action= result= corr= tenant= - Processing authentication request {:uri /web/admin/order-items/f434ae9e-ce99-44e7-8700-a32699b115a6, :method :get, :has-session true, :has-bearer false, :cookies (session-token Idea-2e373df0), :session-token-value ymDLwZV0}
2026-03-20 09:46:53.067 [AUDIT] actor= resource= action= result= corr= tenant= - Attempting session authentication {:token-preview ymDLwZV0}
2026-03-20 09:46:53.067 [AUDIT] actor= resource= action= result= corr= tenant= - Validating session token {:session-token ymDLwZV0ecICKXkGsAksmDkSFHuUZ42QqC3OLyQyrVU=, :uri /web/admin/order-items/f434ae9e-ce99-44e7-8700-a32699b115a6}
2026-03-20 09:46:53.069 [AUDIT] actor= resource= action= result= corr= tenant= - Database operation successful: find-session-by-token {:session-token ymDLwZV0ecICKXkGsAksmDkSFHuUZ42QqC3OLyQyrVU=, :duration-ms 1.608666}
2026-03-20 09:46:53.071 [AUDIT] actor= resource= action= result= corr= tenant= - Database operation successful: update-session {:session-entity {:expires-at #object[java.time.Instant 0x60362e43 2026-03-20T16:20:51.781320Z], :user-agent Mozilla/5.0 (Macintosh; Intel Mac OS X 10_15_7) AppleWebKit/605.1.15 (KHTML, like Gecko) Version/26.3.1 Safari/605.1.15, :session-token ymDLwZV0ecICKXkGsAksmDkSFHuUZ42QqC3OLyQyrVU=, :user-id #uuid "d5fa63dd-4d30-4f4f-9237-6df5ae005e6d", :last-accessed-at #object[java.time.Instant 0x61979e06 2026-03-20T08:46:53.069824Z], :id #uuid "e12f2e6f-7726-41df-87b1-900fba57e3a7", :revoked-at nil, :created-at #object[java.time.Instant 0x72cf6cb5 2026-03-20T08:20:52.054410Z], :ip-address [0:0:0:0:0:0:0:1]}, :duration-ms 1.002584}
2026-03-20 09:46:53.071 [AUDIT] actor= resource= action= result= corr= tenant= - Session validation successful {:user-id #uuid "d5fa63dd-4d30-4f4f-9237-6df5ae005e6d"}
2026-03-20 09:46:53.072 [AUDIT] actor= resource= action= result= corr= tenant= - Database operation successful: find-user-by-id {:user-id #uuid "d5fa63dd-4d30-4f4f-9237-6df5ae005e6d", :duration-ms 0.808292}
2026-03-20 09:46:53.073 [AUDIT] actor= resource= action= result= corr= tenant= - Database operation successful: admin-get-entity {:entity order-items, :id #uuid "f434ae9e-ce99-44e7-8700-a32699b115a6", :duration-ms 0.560042}
2026-03-20 09:46:53.074 [AUDIT] actor= resource= action= result= corr= tenant= - Database operation successful: admin-get-entity {:entity orders, :id 0dca873e-dfcc-44f5-b797-720b15f71330, :duration-ms 0.54275}
2026-03-20 09:46:53.075 [AUDIT] actor= resource= action= result= corr= tenant= - Database operation successful: admin-list-related-entities {:parent-id 0dca873e-dfcc-44f5-b797-720b15f71330, :entity order-items, :duration-ms 0.268}
2026-03-20 09:46:54.044 [AUDIT] actor= resource= action= result= corr= tenant= - Processing authentication request {:uri /web/admin/order-items/954f2cf4-73a4-4a97-8606-2310cbbec449, :method :get, :has-session true, :has-bearer false, :cookies (session-token Idea-2e373df0), :session-token-value ymDLwZV0}
2026-03-20 09:46:54.044 [AUDIT] actor= resource= action= result= corr= tenant= - Attempting session authentication {:token-preview ymDLwZV0}
2026-03-20 09:46:54.044 [AUDIT] actor= resource= action= result= corr= tenant= - Validating session token {:session-token ymDLwZV0ecICKXkGsAksmDkSFHuUZ42QqC3OLyQyrVU=, :uri /web/admin/order-items/954f2cf4-73a4-4a97-8606-2310cbbec449}
2026-03-20 09:46:54.048 [AUDIT] actor= resource= action= result= corr= tenant= - Database operation successful: find-session-by-token {:session-token ymDLwZV0ecICKXkGsAksmDkSFHuUZ42QqC3OLyQyrVU=, :duration-ms 3.362125}
2026-03-20 09:46:54.050 [AUDIT] actor= resource= action= result= corr= tenant= - Database operation successful: update-session {:session-entity {:expires-at #object[java.time.Instant 0x7a9131a 2026-03-20T16:20:51.781320Z], :user-agent Mozilla/5.0 (Macintosh; Intel Mac OS X 10_15_7) AppleWebKit/605.1.15 (KHTML, like Gecko) Version/26.3.1 Safari/605.1.15, :session-token ymDLwZV0ecICKXkGsAksmDkSFHuUZ42QqC3OLyQyrVU=, :user-id #uuid "d5fa63dd-4d30-4f4f-9237-6df5ae005e6d", :last-accessed-at #object[java.time.Instant 0x45b3e793 2026-03-20T08:46:54.048549Z], :id #uuid "e12f2e6f-7726-41df-87b1-900fba57e3a7", :revoked-at nil, :created-at #object[java.time.Instant 0x2dfd90d 2026-03-20T08:20:52.054410Z], :ip-address [0:0:0:0:0:0:0:1]}, :duration-ms 2.003375}
2026-03-20 09:46:54.050 [AUDIT] actor= resource= action= result= corr= tenant= - Session validation successful {:user-id #uuid "d5fa63dd-4d30-4f4f-9237-6df5ae005e6d"}
2026-03-20 09:46:54.051 [AUDIT] actor= resource= action= result= corr= tenant= - Database operation successful: find-user-by-id {:user-id #uuid "d5fa63dd-4d30-4f4f-9237-6df5ae005e6d", :duration-ms 0.566042}
2026-03-20 09:46:54.052 [AUDIT] actor= resource= action= result= corr= tenant= - Database operation successful: admin-get-entity {:entity order-items, :id #uuid "954f2cf4-73a4-4a97-8606-2310cbbec449", :duration-ms 0.301542}
2026-03-20 09:46:54.053 [AUDIT] actor= resource= action= result= corr= tenant= - Database operation successful: admin-get-entity {:entity orders, :id 0dca873e-dfcc-44f5-b797-720b15f71330, :duration-ms 0.411833}
2026-03-20 09:46:54.053 [AUDIT] actor= resource= action= result= corr= tenant= - Database operation successful: admin-list-related-entities {:parent-id 0dca873e-dfcc-44f5-b797-720b15f71330, :entity order-items, :duration-ms 0.126833}
2026-03-20 09:46:54.760 [AUDIT] actor= resource= action= result= corr= tenant= - Processing authentication request {:uri /web/admin/order-items/34491d8d-a4d3-4365-98f5-1b3edeeda0a5, :method :get, :has-session true, :has-bearer false, :cookies (session-token Idea-2e373df0), :session-token-value ymDLwZV0}
2026-03-20 09:46:54.760 [AUDIT] actor= resource= action= result= corr= tenant= - Attempting session authentication {:token-preview ymDLwZV0}
2026-03-20 09:46:54.760 [AUDIT] actor= resource= action= result= corr= tenant= - Validating session token {:session-token ymDLwZV0ecICKXkGsAksmDkSFHuUZ42QqC3OLyQyrVU=, :uri /web/admin/order-items/34491d8d-a4d3-4365-98f5-1b3edeeda0a5}
2026-03-20 09:46:54.763 [AUDIT] actor= resource= action= result= corr= tenant= - Database operation successful: find-session-by-token {:session-token ymDLwZV0ecICKXkGsAksmDkSFHuUZ42QqC3OLyQyrVU=, :duration-ms 2.258083}
2026-03-20 09:46:54.765 [AUDIT] actor= resource= action= result= corr= tenant= - Database operation successful: update-session {:session-entity {:expires-at #object[java.time.Instant 0x111e37ec 2026-03-20T16:20:51.781320Z], :user-agent Mozilla/5.0 (Macintosh; Intel Mac OS X 10_15_7) AppleWebKit/605.1.15 (KHTML, like Gecko) Version/26.3.1 Safari/605.1.15, :session-token ymDLwZV0ecICKXkGsAksmDkSFHuUZ42QqC3OLyQyrVU=, :user-id #uuid "d5fa63dd-4d30-4f4f-9237-6df5ae005e6d", :last-accessed-at #object[java.time.Instant 0x400b57ba 2026-03-20T08:46:54.763882Z], :id #uuid "e12f2e6f-7726-41df-87b1-900fba57e3a7", :revoked-at nil, :created-at #object[java.time.Instant 0x1db18613 2026-03-20T08:20:52.054410Z], :ip-address [0:0:0:0:0:0:0:1]}, :duration-ms 1.218958}
2026-03-20 09:46:54.765 [AUDIT] actor= resource= action= result= corr= tenant= - Session validation successful {:user-id #uuid "d5fa63dd-4d30-4f4f-9237-6df5ae005e6d"}
2026-03-20 09:46:54.767 [AUDIT] actor= resource= action= result= corr= tenant= - Database operation successful: find-user-by-id {:user-id #uuid "d5fa63dd-4d30-4f4f-9237-6df5ae005e6d", :duration-ms 1.160542}
2026-03-20 09:46:54.768 [AUDIT] actor= resource= action= result= corr= tenant= - Database operation successful: admin-get-entity {:entity order-items, :id #uuid "34491d8d-a4d3-4365-98f5-1b3edeeda0a5", :duration-ms 0.603458}
2026-03-20 09:46:54.770 [AUDIT] actor= resource= action= result= corr= tenant= - Database operation successful: admin-get-entity {:entity orders, :id 0dca873e-dfcc-44f5-b797-720b15f71330, :duration-ms 0.707958}
2026-03-20 09:46:54.771 [AUDIT] actor= resource= action= result= corr= tenant= - Database operation successful: admin-list-related-entities {:parent-id 0dca873e-dfcc-44f5-b797-720b15f71330, :entity order-items, :duration-ms 0.249208}
2026-03-20 09:46:56.470 [AUDIT] actor= resource= action= result= corr= tenant= - Processing authentication request {:uri /web/admin/orders/0dca873e-dfcc-44f5-b797-720b15f71330, :method :get, :has-session true, :has-bearer false, :cookies (session-token Idea-2e373df0), :session-token-value ymDLwZV0}
2026-03-20 09:46:56.470 [AUDIT] actor= resource= action= result= corr= tenant= - Attempting session authentication {:token-preview ymDLwZV0}
2026-03-20 09:46:56.470 [AUDIT] actor= resource= action= result= corr= tenant= - Validating session token {:session-token ymDLwZV0ecICKXkGsAksmDkSFHuUZ42QqC3OLyQyrVU=, :uri /web/admin/orders/0dca873e-dfcc-44f5-b797-720b15f71330}
2026-03-20 09:46:56.473 [AUDIT] actor= resource= action= result= corr= tenant= - Database operation successful: find-session-by-token {:session-token ymDLwZV0ecICKXkGsAksmDkSFHuUZ42QqC3OLyQyrVU=, :duration-ms 2.259667}
2026-03-20 09:46:56.475 [AUDIT] actor= resource= action= result= corr= tenant= - Database operation successful: update-session {:session-entity {:expires-at #object[java.time.Instant 0x7cacb94b 2026-03-20T16:20:51.781320Z], :user-agent Mozilla/5.0 (Macintosh; Intel Mac OS X 10_15_7) AppleWebKit/605.1.15 (KHTML, like Gecko) Version/26.3.1 Safari/605.1.15, :session-token ymDLwZV0ecICKXkGsAksmDkSFHuUZ42QqC3OLyQyrVU=, :user-id #uuid "d5fa63dd-4d30-4f4f-9237-6df5ae005e6d", :last-accessed-at #object[java.time.Instant 0x33525407 2026-03-20T08:46:56.473608Z], :id #uuid "e12f2e6f-7726-41df-87b1-900fba57e3a7", :revoked-at nil, :created-at #object[java.time.Instant 0x6987a281 2026-03-20T08:20:52.054410Z], :ip-address [0:0:0:0:0:0:0:1]}, :duration-ms 1.216292}
2026-03-20 09:46:56.475 [AUDIT] actor= resource= action= result= corr= tenant= - Session validation successful {:user-id #uuid "d5fa63dd-4d30-4f4f-9237-6df5ae005e6d"}
2026-03-20 09:46:56.476 [AUDIT] actor= resource= action= result= corr= tenant= - Database operation successful: find-user-by-id {:user-id #uuid "d5fa63dd-4d30-4f4f-9237-6df5ae005e6d", :duration-ms 1.063333}
2026-03-20 09:46:56.479 [AUDIT] actor= resource= action= result= corr= tenant= - Database operation successful: admin-get-entity {:entity orders, :id #uuid "0dca873e-dfcc-44f5-b797-720b15f71330", :duration-ms 2.179666}
2026-03-20 09:46:56.481 [AUDIT] actor= resource= action= result= corr= tenant= - Database operation successful: admin-list-related-entities {:parent-id 0dca873e-dfcc-44f5-b797-720b15f71330, :entity order-items, :duration-ms 0.247625}
2026-03-20 09:46:58.871 [AUDIT] actor= resource= action= result= corr= tenant= - Processing authentication request {:uri /web/admin/orders, :method :get, :has-session true, :has-bearer false, :cookies (session-token Idea-2e373df0), :session-token-value ymDLwZV0}
2026-03-20 09:46:58.872 [AUDIT] actor= resource= action= result= corr= tenant= - Attempting session authentication {:token-preview ymDLwZV0}
2026-03-20 09:46:58.872 [AUDIT] actor= resource= action= result= corr= tenant= - Validating session token {:session-token ymDLwZV0ecICKXkGsAksmDkSFHuUZ42QqC3OLyQyrVU=, :uri /web/admin/orders}
2026-03-20 09:46:58.875 [AUDIT] actor= resource= action= result= corr= tenant= - Database operation successful: find-session-by-token {:session-token ymDLwZV0ecICKXkGsAksmDkSFHuUZ42QqC3OLyQyrVU=, :duration-ms 2.212042}
2026-03-20 09:46:58.876 [AUDIT] actor= resource= action= result= corr= tenant= - Database operation successful: update-session {:session-entity {:expires-at #object[java.time.Instant 0x74530ffd 2026-03-20T16:20:51.781320Z], :user-agent Mozilla/5.0 (Macintosh; Intel Mac OS X 10_15_7) AppleWebKit/605.1.15 (KHTML, like Gecko) Version/26.3.1 Safari/605.1.15, :session-token ymDLwZV0ecICKXkGsAksmDkSFHuUZ42QqC3OLyQyrVU=, :user-id #uuid "d5fa63dd-4d30-4f4f-9237-6df5ae005e6d", :last-accessed-at #object[java.time.Instant 0x6e7f204a 2026-03-20T08:46:58.875173Z], :id #uuid "e12f2e6f-7726-41df-87b1-900fba57e3a7", :revoked-at nil, :created-at #object[java.time.Instant 0x7f6fb288 2026-03-20T08:20:52.054410Z], :ip-address [0:0:0:0:0:0:0:1]}, :duration-ms 0.713333}
2026-03-20 09:46:58.876 [AUDIT] actor= resource= action= result= corr= tenant= - Session validation successful {:user-id #uuid "d5fa63dd-4d30-4f4f-9237-6df5ae005e6d"}
2026-03-20 09:46:58.877 [AUDIT] actor= resource= action= result= corr= tenant= - Database operation successful: find-user-by-id {:user-id #uuid "d5fa63dd-4d30-4f4f-9237-6df5ae005e6d", :duration-ms 0.844583}
2026-03-20 09:46:58.879 [AUDIT] actor= resource= action= result= corr= tenant= - Database operation successful: admin-list-entities {:entity orders, :limit nil, :offset nil, :duration-ms 1.242041}
2026-03-20 09:47:08.021 [AUDIT] actor= resource= action= result= corr= tenant= - Processing authentication request {:uri /web/admin/orders/table, :method :get, :has-session true, :has-bearer false, :cookies (session-token Idea-2e373df0), :session-token-value ymDLwZV0}
2026-03-20 09:47:08.021 [AUDIT] actor= resource= action= result= corr= tenant= - Attempting session authentication {:token-preview ymDLwZV0}
2026-03-20 09:47:08.021 [AUDIT] actor= resource= action= result= corr= tenant= - Validating session token {:session-token ymDLwZV0ecICKXkGsAksmDkSFHuUZ42QqC3OLyQyrVU=, :uri /web/admin/orders/table}
2026-03-20 09:47:08.024 [AUDIT] actor= resource= action= result= corr= tenant= - Database operation successful: find-session-by-token {:session-token ymDLwZV0ecICKXkGsAksmDkSFHuUZ42QqC3OLyQyrVU=, :duration-ms 2.539334}
2026-03-20 09:47:08.025 [AUDIT] actor= resource= action= result= corr= tenant= - Database operation successful: update-session {:session-entity {:expires-at #object[java.time.Instant 0x156c090d 2026-03-20T16:20:51.781320Z], :user-agent Mozilla/5.0 (Macintosh; Intel Mac OS X 10_15_7) AppleWebKit/605.1.15 (KHTML, like Gecko) Version/26.3.1 Safari/605.1.15, :session-token ymDLwZV0ecICKXkGsAksmDkSFHuUZ42QqC3OLyQyrVU=, :user-id #uuid "d5fa63dd-4d30-4f4f-9237-6df5ae005e6d", :last-accessed-at #object[java.time.Instant 0xc939c0a 2026-03-20T08:47:08.024508Z], :id #uuid "e12f2e6f-7726-41df-87b1-900fba57e3a7", :revoked-at nil, :created-at #object[java.time.Instant 0x2dc003f3 2026-03-20T08:20:52.054410Z], :ip-address [0:0:0:0:0:0:0:1]}, :duration-ms 0.893417}
2026-03-20 09:47:08.025 [AUDIT] actor= resource= action= result= corr= tenant= - Session validation successful {:user-id #uuid "d5fa63dd-4d30-4f4f-9237-6df5ae005e6d"}
2026-03-20 09:47:08.026 [AUDIT] actor= resource= action= result= corr= tenant= - Database operation successful: find-user-by-id {:user-id #uuid "d5fa63dd-4d30-4f4f-9237-6df5ae005e6d", :duration-ms 0.746167}
2026-03-20 09:47:08.028 [AUDIT] actor= resource= action= result= corr= tenant= - Database operation successful: admin-list-entities {:entity orders, :limit nil, :offset nil, :duration-ms 0.748}
2026-03-20 09:47:08.909 [AUDIT] actor= resource= action= result= corr= tenant= - Processing authentication request {:uri /web/admin/orders/table, :method :get, :has-session true, :has-bearer false, :cookies (session-token Idea-2e373df0), :session-token-value ymDLwZV0}
2026-03-20 09:47:08.909 [AUDIT] actor= resource= action= result= corr= tenant= - Attempting session authentication {:token-preview ymDLwZV0}
2026-03-20 09:47:08.909 [AUDIT] actor= resource= action= result= corr= tenant= - Validating session token {:session-token ymDLwZV0ecICKXkGsAksmDkSFHuUZ42QqC3OLyQyrVU=, :uri /web/admin/orders/table}
2026-03-20 09:47:08.913 [AUDIT] actor= resource= action= result= corr= tenant= - Database operation successful: find-session-by-token {:session-token ymDLwZV0ecICKXkGsAksmDkSFHuUZ42QqC3OLyQyrVU=, :duration-ms 4.165708}
2026-03-20 09:47:08.916 [AUDIT] actor= resource= action= result= corr= tenant= - Database operation successful: update-session {:session-entity {:expires-at #object[java.time.Instant 0x10e0fe74 2026-03-20T16:20:51.781320Z], :user-agent Mozilla/5.0 (Macintosh; Intel Mac OS X 10_15_7) AppleWebKit/605.1.15 (KHTML, like Gecko) Version/26.3.1 Safari/605.1.15, :session-token ymDLwZV0ecICKXkGsAksmDkSFHuUZ42QqC3OLyQyrVU=, :user-id #uuid "d5fa63dd-4d30-4f4f-9237-6df5ae005e6d", :last-accessed-at #object[java.time.Instant 0x70ae152 2026-03-20T08:47:08.914038Z], :id #uuid "e12f2e6f-7726-41df-87b1-900fba57e3a7", :revoked-at nil, :created-at #object[java.time.Instant 0x573e8c9 2026-03-20T08:20:52.054410Z], :ip-address [0:0:0:0:0:0:0:1]}, :duration-ms 1.990167}
2026-03-20 09:47:08.916 [AUDIT] actor= resource= action= result= corr= tenant= - Session validation successful {:user-id #uuid "d5fa63dd-4d30-4f4f-9237-6df5ae005e6d"}
2026-03-20 09:47:08.918 [AUDIT] actor= resource= action= result= corr= tenant= - Database operation successful: find-user-by-id {:user-id #uuid "d5fa63dd-4d30-4f4f-9237-6df5ae005e6d", :duration-ms 1.212958}
2026-03-20 09:47:08.920 [AUDIT] actor= resource= action= result= corr= tenant= - Database operation successful: admin-list-entities {:entity orders, :limit nil, :offset nil, :duration-ms 1.0185}
2026-03-20 09:47:12.060 [AUDIT] actor= resource= action= result= corr= tenant= - Processing authentication request {:uri /web/admin/orders/table, :method :get, :has-session true, :has-bearer false, :cookies (session-token Idea-2e373df0), :session-token-value ymDLwZV0}
2026-03-20 09:47:12.060 [AUDIT] actor= resource= action= result= corr= tenant= - Attempting session authentication {:token-preview ymDLwZV0}
2026-03-20 09:47:12.060 [AUDIT] actor= resource= action= result= corr= tenant= - Validating session token {:session-token ymDLwZV0ecICKXkGsAksmDkSFHuUZ42QqC3OLyQyrVU=, :uri /web/admin/orders/table}
2026-03-20 09:47:12.061 [AUDIT] actor= resource= action= result= corr= tenant= - Database operation successful: find-session-by-token {:session-token ymDLwZV0ecICKXkGsAksmDkSFHuUZ42QqC3OLyQyrVU=, :duration-ms 0.763667}
2026-03-20 09:47:12.061 [AUDIT] actor= resource= action= result= corr= tenant= - Database operation successful: update-session {:session-entity {:expires-at #object[java.time.Instant 0x79072f60 2026-03-20T16:20:51.781320Z], :user-agent Mozilla/5.0 (Macintosh; Intel Mac OS X 10_15_7) AppleWebKit/605.1.15 (KHTML, like Gecko) Version/26.3.1 Safari/605.1.15, :session-token ymDLwZV0ecICKXkGsAksmDkSFHuUZ42QqC3OLyQyrVU=, :user-id #uuid "d5fa63dd-4d30-4f4f-9237-6df5ae005e6d", :last-accessed-at #object[java.time.Instant 0xcd6752c 2026-03-20T08:47:12.061103Z], :id #uuid "e12f2e6f-7726-41df-87b1-900fba57e3a7", :revoked-at nil, :created-at #object[java.time.Instant 0x1c35cb70 2026-03-20T08:20:52.054410Z], :ip-address [0:0:0:0:0:0:0:1]}, :duration-ms 0.41825}
2026-03-20 09:47:12.061 [AUDIT] actor= resource= action= result= corr= tenant= - Session validation successful {:user-id #uuid "d5fa63dd-4d30-4f4f-9237-6df5ae005e6d"}
2026-03-20 09:47:12.061 [AUDIT] actor= resource= action= result= corr= tenant= - Database operation successful: find-user-by-id {:user-id #uuid "d5fa63dd-4d30-4f4f-9237-6df5ae005e6d", :duration-ms 0.2645}
2026-03-20 09:47:12.062 [AUDIT] actor= resource= action= result= corr= tenant= - Database operation successful: admin-list-entities {:entity orders, :limit nil, :offset nil, :duration-ms 0.475959}
2026-03-20 09:47:18.310 [AUDIT] actor= resource= action= result= corr= tenant= - Processing authentication request {:uri /web/admin/orders/4e9f13d4-ba12-4110-8648-1b82d7df63d9, :method :get, :has-session true, :has-bearer false, :cookies (session-token Idea-2e373df0), :session-token-value ymDLwZV0}
2026-03-20 09:47:18.311 [AUDIT] actor= resource= action= result= corr= tenant= - Attempting session authentication {:token-preview ymDLwZV0}
2026-03-20 09:47:18.311 [AUDIT] actor= resource= action= result= corr= tenant= - Validating session token {:session-token ymDLwZV0ecICKXkGsAksmDkSFHuUZ42QqC3OLyQyrVU=, :uri /web/admin/orders/4e9f13d4-ba12-4110-8648-1b82d7df63d9}
2026-03-20 09:47:18.314 [AUDIT] actor= resource= action= result= corr= tenant= - Database operation successful: find-session-by-token {:session-token ymDLwZV0ecICKXkGsAksmDkSFHuUZ42QqC3OLyQyrVU=, :duration-ms 2.516792}
2026-03-20 09:47:18.315 [AUDIT] actor= resource= action= result= corr= tenant= - Database operation successful: update-session {:session-entity {:expires-at #object[java.time.Instant 0x7879f567 2026-03-20T16:20:51.781320Z], :user-agent Mozilla/5.0 (Macintosh; Intel Mac OS X 10_15_7) AppleWebKit/605.1.15 (KHTML, like Gecko) Version/26.3.1 Safari/605.1.15, :session-token ymDLwZV0ecICKXkGsAksmDkSFHuUZ42QqC3OLyQyrVU=, :user-id #uuid "d5fa63dd-4d30-4f4f-9237-6df5ae005e6d", :last-accessed-at #object[java.time.Instant 0x6ffdb742 2026-03-20T08:47:18.314389Z], :id #uuid "e12f2e6f-7726-41df-87b1-900fba57e3a7", :revoked-at nil, :created-at #object[java.time.Instant 0x3faddb9e 2026-03-20T08:20:52.054410Z], :ip-address [0:0:0:0:0:0:0:1]}, :duration-ms 0.856916}
2026-03-20 09:47:18.315 [AUDIT] actor= resource= action= result= corr= tenant= - Session validation successful {:user-id #uuid "d5fa63dd-4d30-4f4f-9237-6df5ae005e6d"}
2026-03-20 09:47:18.316 [AUDIT] actor= resource= action= result= corr= tenant= - Database operation successful: find-user-by-id {:user-id #uuid "d5fa63dd-4d30-4f4f-9237-6df5ae005e6d", :duration-ms 0.779}
2026-03-20 09:47:18.317 [AUDIT] actor= resource= action= result= corr= tenant= - Database operation successful: admin-get-entity {:entity orders, :id #uuid "4e9f13d4-ba12-4110-8648-1b82d7df63d9", :duration-ms 0.631}
2026-03-20 09:47:18.319 [AUDIT] actor= resource= action= result= corr= tenant= - Database operation successful: admin-list-related-entities {:parent-id 4e9f13d4-ba12-4110-8648-1b82d7df63d9, :entity order-items, :duration-ms 0.171208}
2026-03-20 09:47:47.653 [AUDIT] actor= resource= action= result= corr= tenant= - Processing authentication request {:uri /web/admin/orders, :method :get, :has-session true, :has-bearer false, :cookies (session-token Idea-2e373df0), :session-token-value ymDLwZV0}
2026-03-20 09:47:47.654 [AUDIT] actor= resource= action= result= corr= tenant= - Attempting session authentication {:token-preview ymDLwZV0}
2026-03-20 09:47:47.654 [AUDIT] actor= resource= action= result= corr= tenant= - Validating session token {:session-token ymDLwZV0ecICKXkGsAksmDkSFHuUZ42QqC3OLyQyrVU=, :uri /web/admin/orders}
2026-03-20 09:47:47.656 [AUDIT] actor= resource= action= result= corr= tenant= - Database operation successful: find-session-by-token {:session-token ymDLwZV0ecICKXkGsAksmDkSFHuUZ42QqC3OLyQyrVU=, :duration-ms 1.650292}
2026-03-20 09:47:47.657 [AUDIT] actor= resource= action= result= corr= tenant= - Database operation successful: update-session {:session-entity {:expires-at #object[java.time.Instant 0x5f4e408e 2026-03-20T16:20:51.781320Z], :user-agent Mozilla/5.0 (Macintosh; Intel Mac OS X 10_15_7) AppleWebKit/605.1.15 (KHTML, like Gecko) Version/26.3.1 Safari/605.1.15, :session-token ymDLwZV0ecICKXkGsAksmDkSFHuUZ42QqC3OLyQyrVU=, :user-id #uuid "d5fa63dd-4d30-4f4f-9237-6df5ae005e6d", :last-accessed-at #object[java.time.Instant 0x1ad24b70 2026-03-20T08:47:47.656720Z], :id #uuid "e12f2e6f-7726-41df-87b1-900fba57e3a7", :revoked-at nil, :created-at #object[java.time.Instant 0x43c57120 2026-03-20T08:20:52.054410Z], :ip-address [0:0:0:0:0:0:0:1]}, :duration-ms 0.813291}
2026-03-20 09:47:47.657 [AUDIT] actor= resource= action= result= corr= tenant= - Session validation successful {:user-id #uuid "d5fa63dd-4d30-4f4f-9237-6df5ae005e6d"}
2026-03-20 09:47:47.659 [AUDIT] actor= resource= action= result= corr= tenant= - Database operation successful: find-user-by-id {:user-id #uuid "d5fa63dd-4d30-4f4f-9237-6df5ae005e6d", :duration-ms 0.990292}
2026-03-20 09:47:47.661 [AUDIT] actor= resource= action= result= corr= tenant= - Database operation successful: admin-list-entities {:entity orders, :limit nil, :offset nil, :duration-ms 1.231708}
2026-03-20 09:47:51.732 [AUDIT] actor= resource= action= result= corr= tenant= - Processing authentication request {:uri /web/admin/orders/0dca873e-dfcc-44f5-b797-720b15f71330, :method :get, :has-session true, :has-bearer false, :cookies (session-token Idea-2e373df0), :session-token-value ymDLwZV0}
2026-03-20 09:47:51.732 [AUDIT] actor= resource= action= result= corr= tenant= - Attempting session authentication {:token-preview ymDLwZV0}
2026-03-20 09:47:51.732 [AUDIT] actor= resource= action= result= corr= tenant= - Validating session token {:session-token ymDLwZV0ecICKXkGsAksmDkSFHuUZ42QqC3OLyQyrVU=, :uri /web/admin/orders/0dca873e-dfcc-44f5-b797-720b15f71330}
2026-03-20 09:47:51.735 [AUDIT] actor= resource= action= result= corr= tenant= - Database operation successful: find-session-by-token {:session-token ymDLwZV0ecICKXkGsAksmDkSFHuUZ42QqC3OLyQyrVU=, :duration-ms 2.021291}
2026-03-20 09:47:51.736 [AUDIT] actor= resource= action= result= corr= tenant= - Database operation successful: update-session {:session-entity {:expires-at #object[java.time.Instant 0x25825902 2026-03-20T16:20:51.781320Z], :user-agent Mozilla/5.0 (Macintosh; Intel Mac OS X 10_15_7) AppleWebKit/605.1.15 (KHTML, like Gecko) Version/26.3.1 Safari/605.1.15, :session-token ymDLwZV0ecICKXkGsAksmDkSFHuUZ42QqC3OLyQyrVU=, :user-id #uuid "d5fa63dd-4d30-4f4f-9237-6df5ae005e6d", :last-accessed-at #object[java.time.Instant 0x12e75218 2026-03-20T08:47:51.735446Z], :id #uuid "e12f2e6f-7726-41df-87b1-900fba57e3a7", :revoked-at nil, :created-at #object[java.time.Instant 0x10a2b0a1 2026-03-20T08:20:52.054410Z], :ip-address [0:0:0:0:0:0:0:1]}, :duration-ms 0.82175}
2026-03-20 09:47:51.736 [AUDIT] actor= resource= action= result= corr= tenant= - Session validation successful {:user-id #uuid "d5fa63dd-4d30-4f4f-9237-6df5ae005e6d"}
2026-03-20 09:47:51.738 [AUDIT] actor= resource= action= result= corr= tenant= - Database operation successful: find-user-by-id {:user-id #uuid "d5fa63dd-4d30-4f4f-9237-6df5ae005e6d", :duration-ms 1.189375}
2026-03-20 09:47:51.739 [AUDIT] actor= resource= action= result= corr= tenant= - Database operation successful: admin-get-entity {:entity orders, :id #uuid "0dca873e-dfcc-44f5-b797-720b15f71330", :duration-ms 0.734417}
2026-03-20 09:47:51.741 [AUDIT] actor= resource= action= result= corr= tenant= - Database operation successful: admin-list-related-entities {:parent-id 0dca873e-dfcc-44f5-b797-720b15f71330, :entity order-items, :duration-ms 0.290958}
2026-03-20 09:47:58.464 [AUDIT] actor= resource= action= result= corr= tenant= - Processing authentication request {:uri /web/admin/order-items/f434ae9e-ce99-44e7-8700-a32699b115a6, :method :get, :has-session true, :has-bearer false, :cookies (session-token Idea-2e373df0), :session-token-value ymDLwZV0}
2026-03-20 09:47:58.465 [AUDIT] actor= resource= action= result= corr= tenant= - Attempting session authentication {:token-preview ymDLwZV0}
2026-03-20 09:47:58.465 [AUDIT] actor= resource= action= result= corr= tenant= - Validating session token {:session-token ymDLwZV0ecICKXkGsAksmDkSFHuUZ42QqC3OLyQyrVU=, :uri /web/admin/order-items/f434ae9e-ce99-44e7-8700-a32699b115a6}
2026-03-20 09:47:58.466 [AUDIT] actor= resource= action= result= corr= tenant= - Database operation successful: find-session-by-token {:session-token ymDLwZV0ecICKXkGsAksmDkSFHuUZ42QqC3OLyQyrVU=, :duration-ms 1.557042}
2026-03-20 09:47:58.468 [AUDIT] actor= resource= action= result= corr= tenant= - Database operation successful: update-session {:session-entity {:expires-at #object[java.time.Instant 0x29a80478 2026-03-20T16:20:51.781320Z], :user-agent Mozilla/5.0 (Macintosh; Intel Mac OS X 10_15_7) AppleWebKit/605.1.15 (KHTML, like Gecko) Version/26.3.1 Safari/605.1.15, :session-token ymDLwZV0ecICKXkGsAksmDkSFHuUZ42QqC3OLyQyrVU=, :user-id #uuid "d5fa63dd-4d30-4f4f-9237-6df5ae005e6d", :last-accessed-at #object[java.time.Instant 0x44f6bf3 2026-03-20T08:47:58.467098Z], :id #uuid "e12f2e6f-7726-41df-87b1-900fba57e3a7", :revoked-at nil, :created-at #object[java.time.Instant 0xcce29c1 2026-03-20T08:20:52.054410Z], :ip-address [0:0:0:0:0:0:0:1]}, :duration-ms 0.949084}
2026-03-20 09:47:58.468 [AUDIT] actor= resource= action= result= corr= tenant= - Session validation successful {:user-id #uuid "d5fa63dd-4d30-4f4f-9237-6df5ae005e6d"}
2026-03-20 09:47:58.469 [AUDIT] actor= resource= action= result= corr= tenant= - Database operation successful: find-user-by-id {:user-id #uuid "d5fa63dd-4d30-4f4f-9237-6df5ae005e6d", :duration-ms 1.083125}
2026-03-20 09:47:58.471 [AUDIT] actor= resource= action= result= corr= tenant= - Database operation successful: admin-get-entity {:entity order-items, :id #uuid "f434ae9e-ce99-44e7-8700-a32699b115a6", :duration-ms 0.917333}
2026-03-20 09:47:58.473 [AUDIT] actor= resource= action= result= corr= tenant= - Database operation successful: admin-get-entity {:entity orders, :id 0dca873e-dfcc-44f5-b797-720b15f71330, :duration-ms 0.63275}
2026-03-20 09:47:58.474 [AUDIT] actor= resource= action= result= corr= tenant= - Database operation successful: admin-list-related-entities {:parent-id 0dca873e-dfcc-44f5-b797-720b15f71330, :entity order-items, :duration-ms 0.232875}
2026-03-20 09:48:01.440 [AUDIT] actor= resource= action= result= corr= tenant= - Processing authentication request {:uri /web/admin/order-items/954f2cf4-73a4-4a97-8606-2310cbbec449, :method :get, :has-session true, :has-bearer false, :cookies (session-token Idea-2e373df0), :session-token-value ymDLwZV0}
2026-03-20 09:48:01.440 [AUDIT] actor= resource= action= result= corr= tenant= - Attempting session authentication {:token-preview ymDLwZV0}
2026-03-20 09:48:01.440 [AUDIT] actor= resource= action= result= corr= tenant= - Validating session token {:session-token ymDLwZV0ecICKXkGsAksmDkSFHuUZ42QqC3OLyQyrVU=, :uri /web/admin/order-items/954f2cf4-73a4-4a97-8606-2310cbbec449}
2026-03-20 09:48:01.442 [AUDIT] actor= resource= action= result= corr= tenant= - Database operation successful: find-session-by-token {:session-token ymDLwZV0ecICKXkGsAksmDkSFHuUZ42QqC3OLyQyrVU=, :duration-ms 1.987541}
2026-03-20 09:48:01.444 [AUDIT] actor= resource= action= result= corr= tenant= - Database operation successful: update-session {:session-entity {:expires-at #object[java.time.Instant 0x4102e800 2026-03-20T16:20:51.781320Z], :user-agent Mozilla/5.0 (Macintosh; Intel Mac OS X 10_15_7) AppleWebKit/605.1.15 (KHTML, like Gecko) Version/26.3.1 Safari/605.1.15, :session-token ymDLwZV0ecICKXkGsAksmDkSFHuUZ42QqC3OLyQyrVU=, :user-id #uuid "d5fa63dd-4d30-4f4f-9237-6df5ae005e6d", :last-accessed-at #object[java.time.Instant 0x76fff36b 2026-03-20T08:48:01.442833Z], :id #uuid "e12f2e6f-7726-41df-87b1-900fba57e3a7", :revoked-at nil, :created-at #object[java.time.Instant 0x5ea0183e 2026-03-20T08:20:52.054410Z], :ip-address [0:0:0:0:0:0:0:1]}, :duration-ms 0.919708}
2026-03-20 09:48:01.444 [AUDIT] actor= resource= action= result= corr= tenant= - Session validation successful {:user-id #uuid "d5fa63dd-4d30-4f4f-9237-6df5ae005e6d"}
2026-03-20 09:48:01.445 [AUDIT] actor= resource= action= result= corr= tenant= - Database operation successful: find-user-by-id {:user-id #uuid "d5fa63dd-4d30-4f4f-9237-6df5ae005e6d", :duration-ms 1.10925}
2026-03-20 09:48:01.446 [AUDIT] actor= resource= action= result= corr= tenant= - Database operation successful: admin-get-entity {:entity order-items, :id #uuid "954f2cf4-73a4-4a97-8606-2310cbbec449", :duration-ms 0.287916}
2026-03-20 09:48:01.448 [AUDIT] actor= resource= action= result= corr= tenant= - Database operation successful: admin-get-entity {:entity orders, :id 0dca873e-dfcc-44f5-b797-720b15f71330, :duration-ms 0.917917}
2026-03-20 09:48:01.449 [AUDIT] actor= resource= action= result= corr= tenant= - Database operation successful: admin-list-related-entities {:parent-id 0dca873e-dfcc-44f5-b797-720b15f71330, :entity order-items, :duration-ms 0.259459}
2026-03-20 09:48:04.084 [AUDIT] actor= resource= action= result= corr= tenant= - Processing authentication request {:uri /web/admin/order-items/34491d8d-a4d3-4365-98f5-1b3edeeda0a5, :method :get, :has-session true, :has-bearer false, :cookies (session-token Idea-2e373df0), :session-token-value ymDLwZV0}
2026-03-20 09:48:04.085 [AUDIT] actor= resource= action= result= corr= tenant= - Attempting session authentication {:token-preview ymDLwZV0}
2026-03-20 09:48:04.085 [AUDIT] actor= resource= action= result= corr= tenant= - Validating session token {:session-token ymDLwZV0ecICKXkGsAksmDkSFHuUZ42QqC3OLyQyrVU=, :uri /web/admin/order-items/34491d8d-a4d3-4365-98f5-1b3edeeda0a5}
2026-03-20 09:48:04.087 [AUDIT] actor= resource= action= result= corr= tenant= - Database operation successful: find-session-by-token {:session-token ymDLwZV0ecICKXkGsAksmDkSFHuUZ42QqC3OLyQyrVU=, :duration-ms 1.432458}
2026-03-20 09:48:04.088 [AUDIT] actor= resource= action= result= corr= tenant= - Database operation successful: update-session {:session-entity {:expires-at #object[java.time.Instant 0x646a1509 2026-03-20T16:20:51.781320Z], :user-agent Mozilla/5.0 (Macintosh; Intel Mac OS X 10_15_7) AppleWebKit/605.1.15 (KHTML, like Gecko) Version/26.3.1 Safari/605.1.15, :session-token ymDLwZV0ecICKXkGsAksmDkSFHuUZ42QqC3OLyQyrVU=, :user-id #uuid "d5fa63dd-4d30-4f4f-9237-6df5ae005e6d", :last-accessed-at #object[java.time.Instant 0xd084638 2026-03-20T08:48:04.087150Z], :id #uuid "e12f2e6f-7726-41df-87b1-900fba57e3a7", :revoked-at nil, :created-at #object[java.time.Instant 0x7267a499 2026-03-20T08:20:52.054410Z], :ip-address [0:0:0:0:0:0:0:1]}, :duration-ms 0.94775}
2026-03-20 09:48:04.088 [AUDIT] actor= resource= action= result= corr= tenant= - Session validation successful {:user-id #uuid "d5fa63dd-4d30-4f4f-9237-6df5ae005e6d"}
2026-03-20 09:48:04.089 [AUDIT] actor= resource= action= result= corr= tenant= - Database operation successful: find-user-by-id {:user-id #uuid "d5fa63dd-4d30-4f4f-9237-6df5ae005e6d", :duration-ms 0.833416}
2026-03-20 09:48:04.090 [AUDIT] actor= resource= action= result= corr= tenant= - Database operation successful: admin-get-entity {:entity order-items, :id #uuid "34491d8d-a4d3-4365-98f5-1b3edeeda0a5", :duration-ms 0.412417}
2026-03-20 09:48:04.103 [AUDIT] actor= resource= action= result= corr= tenant= - Database operation successful: admin-get-entity {:entity orders, :id 0dca873e-dfcc-44f5-b797-720b15f71330, :duration-ms 1.006292}
2026-03-20 09:48:04.104 [AUDIT] actor= resource= action= result= corr= tenant= - Database operation successful: admin-list-related-entities {:parent-id 0dca873e-dfcc-44f5-b797-720b15f71330, :entity order-items, :duration-ms 0.202083}
2026-03-20 09:48:10.726 [AUDIT] actor= resource= action= result= corr= tenant= - Processing authentication request {:uri /web/admin/order-items/34491d8d-a4d3-4365-98f5-1b3edeeda0a5, :method :put, :has-session true, :has-bearer false, :cookies (session-token Idea-2e373df0), :session-token-value ymDLwZV0}
2026-03-20 09:48:10.726 [AUDIT] actor= resource= action= result= corr= tenant= - Attempting session authentication {:token-preview ymDLwZV0}
2026-03-20 09:48:10.726 [AUDIT] actor= resource= action= result= corr= tenant= - Validating session token {:session-token ymDLwZV0ecICKXkGsAksmDkSFHuUZ42QqC3OLyQyrVU=, :uri /web/admin/order-items/34491d8d-a4d3-4365-98f5-1b3edeeda0a5}
2026-03-20 09:48:10.728 [AUDIT] actor= resource= action= result= corr= tenant= - Database operation successful: find-session-by-token {:session-token ymDLwZV0ecICKXkGsAksmDkSFHuUZ42QqC3OLyQyrVU=, :duration-ms 1.803917}
2026-03-20 09:48:10.730 [AUDIT] actor= resource= action= result= corr= tenant= - Database operation successful: update-session {:session-entity {:expires-at #object[java.time.Instant 0xf9a0b35 2026-03-20T16:20:51.781320Z], :user-agent Mozilla/5.0 (Macintosh; Intel Mac OS X 10_15_7) AppleWebKit/605.1.15 (KHTML, like Gecko) Version/26.3.1 Safari/605.1.15, :session-token ymDLwZV0ecICKXkGsAksmDkSFHuUZ42QqC3OLyQyrVU=, :user-id #uuid "d5fa63dd-4d30-4f4f-9237-6df5ae005e6d", :last-accessed-at #object[java.time.Instant 0x3bec9592 2026-03-20T08:48:10.728710Z], :id #uuid "e12f2e6f-7726-41df-87b1-900fba57e3a7", :revoked-at nil, :created-at #object[java.time.Instant 0x749a3d51 2026-03-20T08:20:52.054410Z], :ip-address [0:0:0:0:0:0:0:1]}, :duration-ms 1.072125}
2026-03-20 09:48:10.730 [AUDIT] actor= resource= action= result= corr= tenant= - Session validation successful {:user-id #uuid "d5fa63dd-4d30-4f4f-9237-6df5ae005e6d"}
2026-03-20 09:48:10.731 [AUDIT] actor= resource= action= result= corr= tenant= - Database operation successful: find-user-by-id {:user-id #uuid "d5fa63dd-4d30-4f4f-9237-6df5ae005e6d", :duration-ms 1.042083}
2026-03-20 09:48:10.736 [AUDIT] actor= resource= action= result= corr= tenant= - Query failed {:adapter nil, :sql UPDATE order_items SET product_name = ?, product_price_cents = ?, quantity = ?, total_cents = ?, updated_at = ? WHERE id = ?, :error [SQLITE_ERROR] SQL error or missing database (no such column: updated_at)}
2026-03-20 09:48:10.740 [AUDIT] actor= resource= action= result= corr= tenant= - Database operation failed: admin-update-entity {:operation admin-update-entity}
clojure.lang.ExceptionInfo: Database query failed {:adapter nil, :sql "UPDATE order_items SET product_name = ?, product_price_cents = ?, quantity = ?, total_cents = ?, updated_at = ? WHERE id = ?", :params ("Boundary Framework T-Shirt" 2999 5 5998 "2026-03-20T08:48:10.735619Z" "34491d8d-a4d3-4365-98f5-1b3edeeda0a5"), :original-error "[SQLITE_ERROR] SQL error or missing database (no such column: updated_at)"}
	at boundary.platform.shell.adapters.database.common.execution$execute_query_BANG_.invokeStatic(execution.clj:129)
	at boundary.platform.shell.adapters.database.common.execution$execute_query_BANG_.invoke(execution.clj:52)
	at boundary.platform.shell.adapters.database.common.execution$execute_one_BANG_.invokeStatic(execution.clj:149)
	at boundary.platform.shell.adapters.database.common.execution$execute_one_BANG_.invoke(execution.clj:136)
	at boundary.admin.shell.service.AdminService$fn__24700.invoke(service.clj:392)
	at boundary.platform.shell.persistence_interceptors$create_persistence_pipeline$fn__17889.invoke(persistence_interceptors.clj:179)
	at boundary.core.interceptor$execute_interceptor_fn.invokeStatic(interceptor.clj:31)
	at boundary.core.interceptor$execute_interceptor_fn.invoke(interceptor.clj:22)
	at boundary.core.interceptor$run_enter_phase$fn__17780.invoke(interceptor.clj:58)
	at clojure.lang.ArrayChunk.reduce(ArrayChunk.java:60)
	at clojure.core.protocols$fn__8274.invokeStatic(protocols.clj:135)
	at clojure.core.protocols$fn__8274.invoke(protocols.clj:123)
	at clojure.core.protocols$fn__8233$G__8228__8242.invoke(protocols.clj:19)
	at clojure.core.protocols$seq_reduce.invokeStatic(protocols.clj:31)
	at clojure.core.protocols$fn__8266.invokeStatic(protocols.clj:74)
	at clojure.core.protocols$fn__8266.invoke(protocols.clj:74)
	at clojure.core.protocols$fn__8207$G__8202__8220.invoke(protocols.clj:13)
	at clojure.core$reduce.invokeStatic(core.clj:6965)
	at clojure.core$reduce.invoke(core.clj:6947)
	at boundary.core.interceptor$run_enter_phase.invokeStatic(interceptor.clj:51)
	at boundary.core.interceptor$run_enter_phase.invoke(interceptor.clj:45)
	at boundary.core.interceptor$run_pipeline.invokeStatic(interceptor.clj:104)
	at boundary.core.interceptor$run_pipeline.invoke(interceptor.clj:85)
	at boundary.platform.shell.persistence_interceptors$execute_persistence_operation.invokeStatic(persistence_interceptors.clj:222)
	at boundary.platform.shell.persistence_interceptors$execute_persistence_operation.doInvoke(persistence_interceptors.clj:189)
	at clojure.lang.RestFn.invoke(RestFn.java:473)
	at boundary.admin.shell.service.AdminService.update_entity(service.clj:362)
	at boundary.admin.shell.http$update_entity_handler$fn__26773.invoke(http.clj:840)
	at boundary.user.shell.middleware$session_authentication_middleware$fn__26568.invoke(middleware.clj:181)
	at boundary.user.shell.middleware$flexible_authentication_middleware$fn__26584.invoke(middleware.clj:249)
	at reitit.ring$ring_handler$fn__7042.invoke(ring.cljc:388)
	at clojure.lang.AFn.applyToHelper(AFn.java:154)
	at clojure.lang.AFn.applyTo(AFn.java:144)
	at clojure.lang.AFunction$1.doInvoke(AFunction.java:33)
	at clojure.lang.RestFn.invoke(RestFn.java:411)
	at boundary.admin.shell.http$wrap_method_override$fn__26605.invoke(http.clj:57)
	at ring.middleware.params$wrap_params$fn__4637.invoke(params.clj:75)
	at ring.middleware.cookies$wrap_cookies$fn__4558.invoke(cookies.clj:198)
	at ecommerce.shared.http.middleware$wrap_json_body$fn__14039.invoke(middleware.clj:31)
	at ecommerce.shared.http.middleware$wrap_session_id$fn__14043.invoke(middleware.clj:44)
	at ecommerce.shared.http.middleware$wrap_cors$fn__14050.invoke(middleware.clj:82)
	at ring.middleware.resource$wrap_resource_prefer_resources$fn__4823.invoke(resource.clj:25)
	at ecommerce.shared.http.middleware$wrap_exception_handler$fn__14047.invoke(middleware.clj:57)
	at ecommerce.shared.http.middleware$wrap_request_logging$fn__14053.invoke(middleware.clj:94)
	at ring.adapter.jetty$proxy_handler$fn__4203.invoke(jetty.clj:115)
	at ring.adapter.jetty.proxy$org.eclipse.jetty.ee9.servlet.ServletHandler$ff19274a.doHandle(Unknown Source)
	at org.eclipse.jetty.ee9.nested.ScopedHandler.nextHandle(ScopedHandler.java:193)
	at org.eclipse.jetty.ee9.nested.ContextHandler.doHandle(ContextHandler.java:1041)
	at org.eclipse.jetty.ee9.nested.ScopedHandler.nextScope(ScopedHandler.java:162)
	at org.eclipse.jetty.ee9.servlet.ServletHandler.doScope(ServletHandler.java:483)
	at ring.adapter.jetty.proxy$org.eclipse.jetty.ee9.servlet.ServletHandler$ff19274a.doScope(Unknown Source)
	at org.eclipse.jetty.ee9.nested.ScopedHandler.nextScope(ScopedHandler.java:160)
	at org.eclipse.jetty.ee9.nested.ContextHandler.doScope(ContextHandler.java:962)
	at org.eclipse.jetty.ee9.nested.ScopedHandler.handle(ScopedHandler.java:123)
	at org.eclipse.jetty.ee9.nested.ContextHandler.handle(ContextHandler.java:1723)
	at org.eclipse.jetty.ee9.nested.HttpChannel$RequestDispatchable.dispatch(HttpChannel.java:1581)
	at org.eclipse.jetty.ee9.nested.HttpChannel.dispatch(HttpChannel.java:733)
	at org.eclipse.jetty.ee9.nested.HttpChannel.handle(HttpChannel.java:520)
	at org.eclipse.jetty.ee9.nested.ContextHandler$CoreContextHandler$CoreToNestedHandler.handle(ContextHandler.java:3048)
	at org.eclipse.jetty.server.handler.ContextHandler.handle(ContextHandler.java:1174)
	at org.eclipse.jetty.server.Server.handle(Server.java:182)
	at org.eclipse.jetty.server.internal.HttpChannelState$HandlerInvoker.run(HttpChannelState.java:682)
	at org.eclipse.jetty.server.internal.HttpConnection.onFillable(HttpConnection.java:411)
	at org.eclipse.jetty.server.internal.HttpConnection$FillableCallback.succeeded(HttpConnection.java:1819)
	at org.eclipse.jetty.io.FillInterest.fillable(FillInterest.java:99)
	at org.eclipse.jetty.io.SelectableChannelEndPoint$1.run(SelectableChannelEndPoint.java:54)
	at org.eclipse.jetty.util.thread.strategy.AdaptiveExecutionStrategy.runTask(AdaptiveExecutionStrategy.java:521)
	at org.eclipse.jetty.util.thread.strategy.AdaptiveExecutionStrategy.epcRunTask(AdaptiveExecutionStrategy.java:492)
	at org.eclipse.jetty.util.thread.strategy.AdaptiveExecutionStrategy.consumeTask(AdaptiveExecutionStrategy.java:447)
	at org.eclipse.jetty.util.thread.strategy.AdaptiveExecutionStrategy.tryProduce(AdaptiveExecutionStrategy.java:297)
	at org.eclipse.jetty.util.thread.strategy.AdaptiveExecutionStrategy.run(AdaptiveExecutionStrategy.java:202)
	at org.eclipse.jetty.util.thread.ReservedThreadExecutor$ReservedThread.run(ReservedThreadExecutor.java:312)
	at org.eclipse.jetty.util.thread.QueuedThreadPool.runJob(QueuedThreadPool.java:999)
	at org.eclipse.jetty.util.thread.QueuedThreadPool$Runner.doRunJob(QueuedThreadPool.java:1229)
	at org.eclipse.jetty.util.thread.QueuedThreadPool$Runner.run(QueuedThreadPool.java:1184)
	at java.base/java.lang.Thread.run(Thread.java:1474)
Caused by: org.sqlite.SQLiteException: [SQLITE_ERROR] SQL error or missing database (no such column: updated_at)
	at org.sqlite.core.DB.newSQLException(DB.java:1179)
	at org.sqlite.core.DB.newSQLException(DB.java:1190)
	at org.sqlite.core.DB.throwex(DB.java:1150)
	at org.sqlite.core.NativeDB.prepare_utf8(Native Method)
	at org.sqlite.core.NativeDB.prepare(NativeDB.java:135)
	at org.sqlite.core.DB.prepare(DB.java:264)
	at org.sqlite.core.CorePreparedStatement.<init>(CorePreparedStatement.java:46)
	at org.sqlite.jdbc3.JDBC3PreparedStatement.<init>(JDBC3PreparedStatement.java:32)
	at org.sqlite.jdbc4.JDBC4PreparedStatement.<init>(JDBC4PreparedStatement.java:28)
	at org.sqlite.jdbc4.JDBC4Connection.prepareStatement(JDBC4Connection.java:34)
	at org.sqlite.jdbc3.JDBC3Connection.prepareStatement(JDBC3Connection.java:225)
	at org.sqlite.jdbc3.JDBC3Connection.prepareStatement(JDBC3Connection.java:205)
	at com.zaxxer.hikari.pool.ProxyConnection.prepareStatement(ProxyConnection.java:328)
	at com.zaxxer.hikari.pool.HikariProxyConnection.prepareStatement(HikariProxyConnection.java)
	at next.jdbc.prepare$create.invokeStatic(prepare.clj:134)
	at next.jdbc.prepare$create.invoke(prepare.clj:84)
	at next.jdbc.result_set$eval3442$fn__3450.invoke(result_set.clj:943)
	at next.jdbc.protocols$eval2472$fn__2488$G__2463__2497.invoke(protocols.clj:34)
	at next.jdbc$execute_BANG_.invokeStatic(jdbc.clj:272)
	at next.jdbc$execute_BANG_.invoke(jdbc.clj:254)
	at boundary.platform.shell.adapters.database.common.execution$execute_query_BANG_.invokeStatic(execution.clj:94)
	... 75 common frames omitted
2026-03-20 09:48:10.747 [AUDIT] actor= resource= action= result= corr= tenant= - Database operation successful: admin-list-entities {:entity order-items, :limit nil, :offset nil, :duration-ms 0.908375}
2026-03-20 09:51:06.681 [AUDIT] actor= resource= action= result= corr= tenant= - Processing authentication request {:uri /web/admin/order-items/f434ae9e-ce99-44e7-8700-a32699b115a6, :method :get, :has-session true, :has-bearer false, :cookies (session-token Idea-2e373df0), :session-token-value ymDLwZV0}
2026-03-20 09:51:06.682 [AUDIT] actor= resource= action= result= corr= tenant= - Attempting session authentication {:token-preview ymDLwZV0}
2026-03-20 09:51:06.682 [AUDIT] actor= resource= action= result= corr= tenant= - Validating session token {:session-token ymDLwZV0ecICKXkGsAksmDkSFHuUZ42QqC3OLyQyrVU=, :uri /web/admin/order-items/f434ae9e-ce99-44e7-8700-a32699b115a6}
2026-03-20 09:51:06.685 [AUDIT] actor= resource= action= result= corr= tenant= - Database operation successful: find-session-by-token {:session-token ymDLwZV0ecICKXkGsAksmDkSFHuUZ42QqC3OLyQyrVU=, :duration-ms 2.227542}
2026-03-20 09:51:06.686 [AUDIT] actor= resource= action= result= corr= tenant= - Database operation successful: update-session {:session-entity {:expires-at #object[java.time.Instant 0x65f82815 2026-03-20T16:20:51.781320Z], :user-agent Mozilla/5.0 (Macintosh; Intel Mac OS X 10_15_7) AppleWebKit/605.1.15 (KHTML, like Gecko) Version/26.3.1 Safari/605.1.15, :session-token ymDLwZV0ecICKXkGsAksmDkSFHuUZ42QqC3OLyQyrVU=, :user-id #uuid "d5fa63dd-4d30-4f4f-9237-6df5ae005e6d", :last-accessed-at #object[java.time.Instant 0xf6b61b1 2026-03-20T08:51:06.685265Z], :id #uuid "e12f2e6f-7726-41df-87b1-900fba57e3a7", :revoked-at nil, :created-at #object[java.time.Instant 0x147a2876 2026-03-20T08:20:52.054410Z], :ip-address [0:0:0:0:0:0:0:1]}, :duration-ms 0.807041}
2026-03-20 09:51:06.686 [AUDIT] actor= resource= action= result= corr= tenant= - Session validation successful {:user-id #uuid "d5fa63dd-4d30-4f4f-9237-6df5ae005e6d"}
2026-03-20 09:51:06.687 [AUDIT] actor= resource= action= result= corr= tenant= - Database operation successful: find-user-by-id {:user-id #uuid "d5fa63dd-4d30-4f4f-9237-6df5ae005e6d", :duration-ms 0.8605}
2026-03-20 09:51:06.688 [AUDIT] actor= resource= action= result= corr= tenant= - Database operation successful: admin-get-entity {:entity order-items, :id #uuid "f434ae9e-ce99-44e7-8700-a32699b115a6", :duration-ms 0.48725}
2026-03-20 09:51:10.345 [AUDIT] actor= resource= action= result= corr= tenant= - Processing authentication request {:uri /web/admin/order-items, :method :get, :has-session true, :has-bearer false, :cookies (session-token Idea-2e373df0), :session-token-value ymDLwZV0}
2026-03-20 09:51:10.345 [AUDIT] actor= resource= action= result= corr= tenant= - Attempting session authentication {:token-preview ymDLwZV0}
2026-03-20 09:51:10.345 [AUDIT] actor= resource= action= result= corr= tenant= - Validating session token {:session-token ymDLwZV0ecICKXkGsAksmDkSFHuUZ42QqC3OLyQyrVU=, :uri /web/admin/order-items}
2026-03-20 09:51:10.347 [AUDIT] actor= resource= action= result= corr= tenant= - Database operation successful: find-session-by-token {:session-token ymDLwZV0ecICKXkGsAksmDkSFHuUZ42QqC3OLyQyrVU=, :duration-ms 1.778}
2026-03-20 09:51:10.349 [AUDIT] actor= resource= action= result= corr= tenant= - Database operation successful: update-session {:session-entity {:expires-at #object[java.time.Instant 0x6e33a02e 2026-03-20T16:20:51.781320Z], :user-agent Mozilla/5.0 (Macintosh; Intel Mac OS X 10_15_7) AppleWebKit/605.1.15 (KHTML, like Gecko) Version/26.3.1 Safari/605.1.15, :session-token ymDLwZV0ecICKXkGsAksmDkSFHuUZ42QqC3OLyQyrVU=, :user-id #uuid "d5fa63dd-4d30-4f4f-9237-6df5ae005e6d", :last-accessed-at #object[java.time.Instant 0x4a2f957d 2026-03-20T08:51:10.347502Z], :id #uuid "e12f2e6f-7726-41df-87b1-900fba57e3a7", :revoked-at nil, :created-at #object[java.time.Instant 0x1e1d0360 2026-03-20T08:20:52.054410Z], :ip-address [0:0:0:0:0:0:0:1]}, :duration-ms 1.209833}
2026-03-20 09:51:10.349 [AUDIT] actor= resource= action= result= corr= tenant= - Session validation successful {:user-id #uuid "d5fa63dd-4d30-4f4f-9237-6df5ae005e6d"}
2026-03-20 09:51:10.350 [AUDIT] actor= resource= action= result= corr= tenant= - Database operation successful: find-user-by-id {:user-id #uuid "d5fa63dd-4d30-4f4f-9237-6df5ae005e6d", :duration-ms 1.088625}
2026-03-20 09:51:10.351 [AUDIT] actor= resource= action= result= corr= tenant= - Database operation successful: admin-list-entities {:entity order-items, :limit nil, :offset nil, :duration-ms 0.600041}
2026-03-20 09:51:15.570 [AUDIT] actor= resource= action= result= corr= tenant= - Processing authentication request {:uri /web/admin/orders, :method :get, :has-session true, :has-bearer false, :cookies (session-token Idea-2e373df0), :session-token-value ymDLwZV0}
2026-03-20 09:51:15.570 [AUDIT] actor= resource= action= result= corr= tenant= - Attempting session authentication {:token-preview ymDLwZV0}
2026-03-20 09:51:15.570 [AUDIT] actor= resource= action= result= corr= tenant= - Validating session token {:session-token ymDLwZV0ecICKXkGsAksmDkSFHuUZ42QqC3OLyQyrVU=, :uri /web/admin/orders}
2026-03-20 09:51:15.572 [AUDIT] actor= resource= action= result= corr= tenant= - Database operation successful: find-session-by-token {:session-token ymDLwZV0ecICKXkGsAksmDkSFHuUZ42QqC3OLyQyrVU=, :duration-ms 1.243791}
2026-03-20 09:51:15.573 [AUDIT] actor= resource= action= result= corr= tenant= - Database operation successful: update-session {:session-entity {:expires-at #object[java.time.Instant 0x5b828cf3 2026-03-20T16:20:51.781320Z], :user-agent Mozilla/5.0 (Macintosh; Intel Mac OS X 10_15_7) AppleWebKit/605.1.15 (KHTML, like Gecko) Version/26.3.1 Safari/605.1.15, :session-token ymDLwZV0ecICKXkGsAksmDkSFHuUZ42QqC3OLyQyrVU=, :user-id #uuid "d5fa63dd-4d30-4f4f-9237-6df5ae005e6d", :last-accessed-at #object[java.time.Instant 0xd162d6b 2026-03-20T08:51:15.572117Z], :id #uuid "e12f2e6f-7726-41df-87b1-900fba57e3a7", :revoked-at nil, :created-at #object[java.time.Instant 0x4fbf309 2026-03-20T08:20:52.054410Z], :ip-address [0:0:0:0:0:0:0:1]}, :duration-ms 0.959125}
2026-03-20 09:51:15.573 [AUDIT] actor= resource= action= result= corr= tenant= - Session validation successful {:user-id #uuid "d5fa63dd-4d30-4f4f-9237-6df5ae005e6d"}
2026-03-20 09:51:15.574 [AUDIT] actor= resource= action= result= corr= tenant= - Database operation successful: find-user-by-id {:user-id #uuid "d5fa63dd-4d30-4f4f-9237-6df5ae005e6d", :duration-ms 1.041583}
2026-03-20 09:51:15.576 [AUDIT] actor= resource= action= result= corr= tenant= - Database operation successful: admin-list-entities {:entity orders, :limit nil, :offset nil, :duration-ms 0.876709}
2026-03-20 09:51:20.363 [AUDIT] actor= resource= action= result= corr= tenant= - Processing authentication request {:uri /web/admin/orders/0dca873e-dfcc-44f5-b797-720b15f71330, :method :get, :has-session true, :has-bearer false, :cookies (session-token Idea-2e373df0), :session-token-value ymDLwZV0}
2026-03-20 09:51:20.364 [AUDIT] actor= resource= action= result= corr= tenant= - Attempting session authentication {:token-preview ymDLwZV0}
2026-03-20 09:51:20.364 [AUDIT] actor= resource= action= result= corr= tenant= - Validating session token {:session-token ymDLwZV0ecICKXkGsAksmDkSFHuUZ42QqC3OLyQyrVU=, :uri /web/admin/orders/0dca873e-dfcc-44f5-b797-720b15f71330}
2026-03-20 09:51:20.365 [AUDIT] actor= resource= action= result= corr= tenant= - Database operation successful: find-session-by-token {:session-token ymDLwZV0ecICKXkGsAksmDkSFHuUZ42QqC3OLyQyrVU=, :duration-ms 1.492667}
2026-03-20 09:51:20.367 [AUDIT] actor= resource= action= result= corr= tenant= - Database operation successful: update-session {:session-entity {:expires-at #object[java.time.Instant 0x5b61b14d 2026-03-20T16:20:51.781320Z], :user-agent Mozilla/5.0 (Macintosh; Intel Mac OS X 10_15_7) AppleWebKit/605.1.15 (KHTML, like Gecko) Version/26.3.1 Safari/605.1.15, :session-token ymDLwZV0ecICKXkGsAksmDkSFHuUZ42QqC3OLyQyrVU=, :user-id #uuid "d5fa63dd-4d30-4f4f-9237-6df5ae005e6d", :last-accessed-at #object[java.time.Instant 0x28a048df 2026-03-20T08:51:20.365976Z], :id #uuid "e12f2e6f-7726-41df-87b1-900fba57e3a7", :revoked-at nil, :created-at #object[java.time.Instant 0x1e92b4cb 2026-03-20T08:20:52.054410Z], :ip-address [0:0:0:0:0:0:0:1]}, :duration-ms 0.79475}
2026-03-20 09:51:20.367 [AUDIT] actor= resource= action= result= corr= tenant= - Session validation successful {:user-id #uuid "d5fa63dd-4d30-4f4f-9237-6df5ae005e6d"}
2026-03-20 09:51:20.368 [AUDIT] actor= resource= action= result= corr= tenant= - Database operation successful: find-user-by-id {:user-id #uuid "d5fa63dd-4d30-4f4f-9237-6df5ae005e6d", :duration-ms 0.8885}
2026-03-20 09:51:20.369 [AUDIT] actor= resource= action= result= corr= tenant= - Database operation successful: admin-get-entity {:entity orders, :id #uuid "0dca873e-dfcc-44f5-b797-720b15f71330", :duration-ms 0.649166}
2026-03-20 09:51:20.370 [AUDIT] actor= resource= action= result= corr= tenant= - Database operation successful: admin-list-related-entities {:parent-id 0dca873e-dfcc-44f5-b797-720b15f71330, :entity order-items, :duration-ms 0.238167}
2026-03-20 09:51:33.034 [AUDIT] actor= resource= action= result= corr= tenant= - Processing authentication request {:uri /web/admin/orders, :method :get, :has-session true, :has-bearer false, :cookies (session-token Idea-2e373df0), :session-token-value ymDLwZV0}
2026-03-20 09:51:33.034 [AUDIT] actor= resource= action= result= corr= tenant= - Attempting session authentication {:token-preview ymDLwZV0}
2026-03-20 09:51:33.034 [AUDIT] actor= resource= action= result= corr= tenant= - Validating session token {:session-token ymDLwZV0ecICKXkGsAksmDkSFHuUZ42QqC3OLyQyrVU=, :uri /web/admin/orders}
2026-03-20 09:51:33.036 [AUDIT] actor= resource= action= result= corr= tenant= - Database operation successful: find-session-by-token {:session-token ymDLwZV0ecICKXkGsAksmDkSFHuUZ42QqC3OLyQyrVU=, :duration-ms 2.156792}
2026-03-20 09:51:33.041 [AUDIT] actor= resource= action= result= corr= tenant= - Database operation successful: update-session {:session-entity {:expires-at #object[java.time.Instant 0x5ac47a40 2026-03-20T16:20:51.781320Z], :user-agent Mozilla/5.0 (Macintosh; Intel Mac OS X 10_15_7) AppleWebKit/605.1.15 (KHTML, like Gecko) Version/26.3.1 Safari/605.1.15, :session-token ymDLwZV0ecICKXkGsAksmDkSFHuUZ42QqC3OLyQyrVU=, :user-id #uuid "d5fa63dd-4d30-4f4f-9237-6df5ae005e6d", :last-accessed-at #object[java.time.Instant 0x156e80ff 2026-03-20T08:51:33.036883Z], :id #uuid "e12f2e6f-7726-41df-87b1-900fba57e3a7", :revoked-at nil, :created-at #object[java.time.Instant 0x292f8a4c 2026-03-20T08:20:52.054410Z], :ip-address [0:0:0:0:0:0:0:1]}, :duration-ms 3.983458}
2026-03-20 09:51:33.041 [AUDIT] actor= resource= action= result= corr= tenant= - Session validation successful {:user-id #uuid "d5fa63dd-4d30-4f4f-9237-6df5ae005e6d"}
2026-03-20 09:51:33.042 [AUDIT] actor= resource= action= result= corr= tenant= - Database operation successful: find-user-by-id {:user-id #uuid "d5fa63dd-4d30-4f4f-9237-6df5ae005e6d", :duration-ms 1.162959}
2026-03-20 09:51:33.045 [AUDIT] actor= resource= action= result= corr= tenant= - Database operation successful: admin-list-entities {:entity orders, :limit nil, :offset nil, :duration-ms 1.069292}
2026-03-20 10:01:54.971 [AUDIT] actor= resource= action= result= corr= tenant= - User module routes halted (no cleanup needed)
2026-03-20 10:01:54.971 [AUDIT] actor= resource= action= result= corr= tenant= - User module database schema component halted
2026-03-20 10:01:54.971 [AUDIT] actor= resource= action= result= corr= tenant= - User service halted (no cleanup needed)
2026-03-20 10:01:54.971 [AUDIT] actor= resource= action= result= corr= tenant= - Authentication service halted (no cleanup needed)
2026-03-20 10:01:54.971 [AUDIT] actor= resource= action= result= corr= tenant= - Session repository halted (no cleanup needed)
2026-03-20 10:01:54.972 [AUDIT] actor= resource= action= result= corr= tenant= - MFA service halted (no cleanup needed)
2026-03-20 10:01:54.972 [AUDIT] actor= resource= action= result= corr= tenant= - User repository halted (no cleanup needed)
2026-03-20 10:01:54.972 [AUDIT] actor= resource= action= result= corr= tenant= - Audit repository halted (no cleanup needed)
2026-03-20 10:01:54.972 [AUDIT] actor= resource= action= result= corr= tenant= - Closing database context {:adapter nil}
2026-03-20 10:01:54.972 [AUDIT] actor= resource= action= result= corr= tenant= - Closing database connection pool {:pool-name default-Pool}
2026-03-20 10:01:54.972 [AUDIT] actor= resource= action= result= corr= tenant= - Database connection pool closed {:pool-name default-Pool}
2026-03-20 10:01:59.546 [AUDIT] actor= resource= action= result= corr= tenant= - Creating database connection pool {:adapter nil, :pool-size 5, :pool-name default-Pool}
2026-03-20 10:01:59.807 [AUDIT] actor= resource= action= result= corr= tenant= - SQLite PRAGMA initialization completed {:successful-pragmas 7, :failed-pragmas 0, :total-pragmas 7}
2026-03-20 10:01:59.807 [AUDIT] actor= resource= action= result= corr= tenant= - Database connection pool created successfully {:adapter nil, :pool-name default-Pool}
2026-03-20 10:01:59.807 [AUDIT] actor= resource= action= result= corr= tenant= - Created database context {:adapter nil}
2026-03-20 10:01:59.809 [AUDIT] actor= resource= action= result= corr= tenant= - Initializing audit repository
2026-03-20 10:01:59.809 [AUDIT] actor= resource= action= result= corr= tenant= - Audit repository initialized
2026-03-20 10:01:59.810 [AUDIT] actor= resource= action= result= corr= tenant= - Initializing user repository
2026-03-20 10:01:59.814 [AUDIT] actor= resource= action= result= corr= tenant= - User repository initialized
2026-03-20 10:01:59.814 [AUDIT] actor= resource= action= result= corr= tenant= - Initializing MFA service
2026-03-20 10:01:59.814 [AUDIT] actor= resource= action= result= corr= tenant= - MFA service initialized
2026-03-20 10:01:59.814 [AUDIT] actor= resource= action= result= corr= tenant= - Initializing session repository
2026-03-20 10:01:59.815 [AUDIT] actor= resource= action= result= corr= tenant= - Session repository initialized
2026-03-20 10:01:59.815 [AUDIT] actor= resource= action= result= corr= tenant= - Initializing authentication service
2026-03-20 10:01:59.815 [AUDIT] actor= resource= action= result= corr= tenant= - Authentication service initialized
2026-03-20 10:01:59.815 [AUDIT] actor= resource= action= result= corr= tenant= - Initializing user service {:cache-enabled? false}
2026-03-20 10:01:59.816 [AUDIT] actor= resource= action= result= corr= tenant= - User service initialized
2026-03-20 10:01:59.818 [AUDIT] actor= resource= action= result= corr= tenant= - Initializing user module database schema
2026-03-20 10:01:59.818 [AUDIT] actor= resource= action= result= corr= tenant= - Initializing user schema from Malli definitions (split-table architecture)
2026-03-20 10:01:59.819 [AUDIT] actor= resource= action= result= corr= tenant= - Initializing database schema from Malli definitions {:dialect nil, :tables (auth_users users user_sessions user_audit_log)}
2026-03-20 10:01:59.820 [AUDIT] actor= resource= action= result= corr= tenant= - DDL statement executed successfully {:adapter nil, :statement-preview CREATE TABLE IF NOT EXISTS auth_users (
  id UUID NOT NULL PRIMARY KEY,
  email VARCHAR(255) NOT NULL,
  password_hash VARCHAR(255) NOT NULL,
  active BOOLEAN NOT NULL DEFAULT true,
  mfa_enabled BOOLEAN,
  mfa_secret VARCHAR(255),
  mfa_backup_codes VARCHAR(255),
  mfa_backup_codes_used VARCHAR(255),
  mfa_enabled_at VARCHAR(255),
  failed_login_count INTEGER,
  lockout_until VARCHAR(255),
  created_at VARCHAR(255) NOT NULL,
  updated_at VARCHAR(255),
  deleted_at VARCHAR(255),
  CONSTRAINT uk_auth_users_email UNIQUE(email)
);}
2026-03-20 10:01:59.821 [AUDIT] actor= resource= action= result= corr= tenant= - DDL statement executed successfully {:adapter nil, :statement-preview CREATE TABLE IF NOT EXISTS users (
  id UUID NOT NULL PRIMARY KEY,
  tenant_id UUID,
  name VARCHAR(255) NOT NULL,
  role VARCHAR(50) NOT NULL CHECK(role IN ('admin', 'user', 'viewer')),
  avatar_url VARCHAR(255),
  login_count INTEGER,
  last_login VARCHAR(255),
  notifications_email BOOLEAN,
  notifications_push BOOLEAN,
  notifications_sms BOOLEAN,
  theme VARCHAR(50) CHECK(theme IN ('light', 'dark', 'auto')),
  language VARCHAR(255),
  timezone VARCHAR(255),
  date_format VARCHAR(50) CHECK(date_format IN ('iso', 'us', 'eu')),
  time_format VARCHAR(50) CHECK(time_format IN ('12h', '24h')),
  created_at VARCHAR(255) NOT NULL,
  updated_at VARCHAR(255),
  deleted_at VARCHAR(255)
);}
2026-03-20 10:01:59.821 [AUDIT] actor= resource= action= result= corr= tenant= - DDL statement executed successfully {:adapter nil, :statement-preview CREATE TABLE IF NOT EXISTS user_sessions (
  id UUID NOT NULL PRIMARY KEY,
  user_id UUID NOT NULL,
  session_token VARCHAR(255) NOT NULL,
  expires_at VARCHAR(255) NOT NULL,
  created_at VARCHAR(255) NOT NULL,
  last_accessed_at VARCHAR(255),
  revoked_at VARCHAR(255),
  user_agent VARCHAR(255),
  ip_address VARCHAR(255),
  CONSTRAINT uk_user_sessions_token UNIQUE(session_token)
);}
2026-03-20 10:01:59.821 [AUDIT] actor= resource= action= result= corr= tenant= - DDL statement executed successfully {:adapter nil, :statement-preview CREATE TABLE IF NOT EXISTS user_audit_log (
  id UUID NOT NULL PRIMARY KEY,
  action VARCHAR(50) NOT NULL CHECK(action IN ('create', 'update', 'delete', 'activate', 'deactivate', 'role-change', 'bulk-action', 'login', 'logout')),
  actor_id UUID,
  actor_email VARCHAR(255),
  target_user_id UUID NOT NULL,
  target_user_email VARCHAR(255) NOT NULL,
  changes JSONB,
  metadata JSONB,
  ip_address VARCHAR(255),
  user_agent VARCHAR(255),
  result VARCHAR(50) NOT NULL CHECK(result IN ('success', 'failure')),
  error_message VARCHAR(255),
  created_at VARCHAR(255) NOT NULL
);}
2026-03-20 10:01:59.822 [AUDIT] actor= resource= action= result= corr= tenant= - DDL statement executed successfully {:adapter nil, :statement-preview CREATE INDEX IF NOT EXISTS idx_auth_users_mfa_enabled_at ON auth_users (mfa_enabled_at)}
2026-03-20 10:01:59.822 [AUDIT] actor= resource= action= result= corr= tenant= - DDL statement executed successfully {:adapter nil, :statement-preview CREATE INDEX IF NOT EXISTS idx_auth_users_created_at ON auth_users (created_at)}
2026-03-20 10:01:59.822 [AUDIT] actor= resource= action= result= corr= tenant= - DDL statement executed successfully {:adapter nil, :statement-preview CREATE INDEX IF NOT EXISTS idx_auth_users_updated_at ON auth_users (updated_at)}
2026-03-20 10:01:59.822 [AUDIT] actor= resource= action= result= corr= tenant= - DDL statement executed successfully {:adapter nil, :statement-preview CREATE INDEX IF NOT EXISTS idx_auth_users_deleted_at ON auth_users (deleted_at)}
2026-03-20 10:01:59.822 [AUDIT] actor= resource= action= result= corr= tenant= - DDL statement executed successfully {:adapter nil, :statement-preview CREATE INDEX IF NOT EXISTS idx_auth_users_email ON auth_users (email)}
2026-03-20 10:01:59.822 [AUDIT] actor= resource= action= result= corr= tenant= - DDL statement executed successfully {:adapter nil, :statement-preview CREATE INDEX IF NOT EXISTS idx_auth_users_active ON auth_users (active)}
2026-03-20 10:01:59.822 [AUDIT] actor= resource= action= result= corr= tenant= - DDL statement executed successfully {:adapter nil, :statement-preview CREATE INDEX IF NOT EXISTS idx_users_tenant_id ON users (tenant_id)}
2026-03-20 10:01:59.822 [AUDIT] actor= resource= action= result= corr= tenant= - DDL statement executed successfully {:adapter nil, :statement-preview CREATE INDEX IF NOT EXISTS idx_users_role ON users (role)}
2026-03-20 10:01:59.823 [AUDIT] actor= resource= action= result= corr= tenant= - DDL statement executed successfully {:adapter nil, :statement-preview CREATE INDEX IF NOT EXISTS idx_users_theme ON users (theme)}
2026-03-20 10:01:59.823 [AUDIT] actor= resource= action= result= corr= tenant= - DDL statement executed successfully {:adapter nil, :statement-preview CREATE INDEX IF NOT EXISTS idx_users_date_format ON users (date_format)}
2026-03-20 10:01:59.823 [AUDIT] actor= resource= action= result= corr= tenant= - DDL statement executed successfully {:adapter nil, :statement-preview CREATE INDEX IF NOT EXISTS idx_users_time_format ON users (time_format)}
2026-03-20 10:01:59.823 [AUDIT] actor= resource= action= result= corr= tenant= - DDL statement executed successfully {:adapter nil, :statement-preview CREATE INDEX IF NOT EXISTS idx_users_created_at ON users (created_at)}
2026-03-20 10:01:59.823 [AUDIT] actor= resource= action= result= corr= tenant= - DDL statement executed successfully {:adapter nil, :statement-preview CREATE INDEX IF NOT EXISTS idx_users_updated_at ON users (updated_at)}
2026-03-20 10:01:59.823 [AUDIT] actor= resource= action= result= corr= tenant= - DDL statement executed successfully {:adapter nil, :statement-preview CREATE INDEX IF NOT EXISTS idx_users_deleted_at ON users (deleted_at)}
2026-03-20 10:01:59.823 [AUDIT] actor= resource= action= result= corr= tenant= - DDL statement executed successfully {:adapter nil, :statement-preview CREATE INDEX IF NOT EXISTS idx_users_role ON users (role)}
2026-03-20 10:01:59.823 [AUDIT] actor= resource= action= result= corr= tenant= - DDL statement executed successfully {:adapter nil, :statement-preview CREATE INDEX IF NOT EXISTS idx_user_sessions_user_id ON user_sessions (user_id)}
2026-03-20 10:01:59.823 [AUDIT] actor= resource= action= result= corr= tenant= - DDL statement executed successfully {:adapter nil, :statement-preview CREATE INDEX IF NOT EXISTS idx_user_sessions_expires_at ON user_sessions (expires_at)}
2026-03-20 10:01:59.823 [AUDIT] actor= resource= action= result= corr= tenant= - DDL statement executed successfully {:adapter nil, :statement-preview CREATE INDEX IF NOT EXISTS idx_user_sessions_created_at ON user_sessions (created_at)}
2026-03-20 10:01:59.823 [AUDIT] actor= resource= action= result= corr= tenant= - DDL statement executed successfully {:adapter nil, :statement-preview CREATE INDEX IF NOT EXISTS idx_user_sessions_last_accessed_at ON user_sessions (last_accessed_at)}
2026-03-20 10:01:59.824 [AUDIT] actor= resource= action= result= corr= tenant= - DDL statement executed successfully {:adapter nil, :statement-preview CREATE INDEX IF NOT EXISTS idx_user_sessions_revoked_at ON user_sessions (revoked_at)}
2026-03-20 10:01:59.824 [AUDIT] actor= resource= action= result= corr= tenant= - DDL statement executed successfully {:adapter nil, :statement-preview CREATE INDEX IF NOT EXISTS idx_sessions_token ON user_sessions (session_token)}
2026-03-20 10:01:59.824 [AUDIT] actor= resource= action= result= corr= tenant= - DDL statement executed successfully {:adapter nil, :statement-preview CREATE INDEX IF NOT EXISTS idx_sessions_expires_at ON user_sessions (expires_at)}
2026-03-20 10:01:59.824 [AUDIT] actor= resource= action= result= corr= tenant= - DDL statement executed successfully {:adapter nil, :statement-preview CREATE INDEX IF NOT EXISTS idx_user_audit_log_actor_id ON user_audit_log (actor_id)}
2026-03-20 10:01:59.824 [AUDIT] actor= resource= action= result= corr= tenant= - DDL statement executed successfully {:adapter nil, :statement-preview CREATE INDEX IF NOT EXISTS idx_user_audit_log_target_user_id ON user_audit_log (target_user_id)}
2026-03-20 10:01:59.824 [AUDIT] actor= resource= action= result= corr= tenant= - DDL statement executed successfully {:adapter nil, :statement-preview CREATE INDEX IF NOT EXISTS idx_user_audit_log_action ON user_audit_log (action)}
2026-03-20 10:01:59.824 [AUDIT] actor= resource= action= result= corr= tenant= - DDL statement executed successfully {:adapter nil, :statement-preview CREATE INDEX IF NOT EXISTS idx_user_audit_log_result ON user_audit_log (result)}
2026-03-20 10:01:59.824 [AUDIT] actor= resource= action= result= corr= tenant= - DDL statement executed successfully {:adapter nil, :statement-preview CREATE INDEX IF NOT EXISTS idx_user_audit_log_created_at ON user_audit_log (created_at)}
2026-03-20 10:01:59.824 [AUDIT] actor= resource= action= result= corr= tenant= - Database schema initialization completed successfully {:dialect nil, :tables (auth_users users user_sessions user_audit_log)}
2026-03-20 10:01:59.825 [AUDIT] actor= resource= action= result= corr= tenant= - User module database schema initialized
2026-03-20 10:01:59.826 [AUDIT] actor= resource= action= result= corr= tenant= - Initializing user module routes (normalized format)
2026-03-20 10:01:59.927 [AUDIT] actor= resource= action= result= corr= tenant= - User module routes initialized successfully {:route-keys (:api :web :static), :api-count 9, :web-count 22}
2026-03-20 10:02:06.033 [AUDIT] actor= resource= action= result= corr= tenant= - Processing authentication request {:uri /web/admin/orders, :method :get, :has-session true, :has-bearer false, :cookies (session-token Idea-2e373df0), :session-token-value ymDLwZV0}
2026-03-20 10:02:06.033 [AUDIT] actor= resource= action= result= corr= tenant= - Attempting session authentication {:token-preview ymDLwZV0}
2026-03-20 10:02:06.034 [AUDIT] actor= resource= action= result= corr= tenant= - Validating session token {:session-token ymDLwZV0ecICKXkGsAksmDkSFHuUZ42QqC3OLyQyrVU=, :uri /web/admin/orders}
2026-03-20 10:02:06.039 [AUDIT] actor= resource= action= result= corr= tenant= - Database operation successful: find-session-by-token {:session-token ymDLwZV0ecICKXkGsAksmDkSFHuUZ42QqC3OLyQyrVU=, :duration-ms 3.613291}
2026-03-20 10:02:06.040 [AUDIT] actor= resource= action= result= corr= tenant= - Database operation successful: update-session {:session-entity {:expires-at #object[java.time.Instant 0x17732dcc 2026-03-20T16:20:51.781320Z], :user-agent Mozilla/5.0 (Macintosh; Intel Mac OS X 10_15_7) AppleWebKit/605.1.15 (KHTML, like Gecko) Version/26.3.1 Safari/605.1.15, :session-token ymDLwZV0ecICKXkGsAksmDkSFHuUZ42QqC3OLyQyrVU=, :user-id #uuid "d5fa63dd-4d30-4f4f-9237-6df5ae005e6d", :last-accessed-at #object[java.time.Instant 0x60a19863 2026-03-20T09:02:06.039510Z], :id #uuid "e12f2e6f-7726-41df-87b1-900fba57e3a7", :revoked-at nil, :created-at #object[java.time.Instant 0x2a84b477 2026-03-20T08:20:52.054410Z], :ip-address [0:0:0:0:0:0:0:1]}, :duration-ms 0.666042}
2026-03-20 10:02:06.041 [AUDIT] actor= resource= action= result= corr= tenant= - Session validation successful {:user-id #uuid "d5fa63dd-4d30-4f4f-9237-6df5ae005e6d"}
2026-03-20 10:02:06.043 [AUDIT] actor= resource= action= result= corr= tenant= - Database operation successful: find-user-by-id {:user-id #uuid "d5fa63dd-4d30-4f4f-9237-6df5ae005e6d", :duration-ms 1.771667}
2026-03-20 10:02:06.047 [AUDIT] actor= resource= action= result= corr= tenant= - Database operation successful: admin-list-entities {:entity orders, :limit nil, :offset nil, :duration-ms 1.908875}
2026-03-20 10:02:10.481 [AUDIT] actor= resource= action= result= corr= tenant= - Processing authentication request {:uri /web/admin/orders/0dca873e-dfcc-44f5-b797-720b15f71330, :method :get, :has-session true, :has-bearer false, :cookies (session-token Idea-2e373df0), :session-token-value ymDLwZV0}
2026-03-20 10:02:10.482 [AUDIT] actor= resource= action= result= corr= tenant= - Attempting session authentication {:token-preview ymDLwZV0}
2026-03-20 10:02:10.482 [AUDIT] actor= resource= action= result= corr= tenant= - Validating session token {:session-token ymDLwZV0ecICKXkGsAksmDkSFHuUZ42QqC3OLyQyrVU=, :uri /web/admin/orders/0dca873e-dfcc-44f5-b797-720b15f71330}
2026-03-20 10:02:10.486 [AUDIT] actor= resource= action= result= corr= tenant= - Database operation successful: find-session-by-token {:session-token ymDLwZV0ecICKXkGsAksmDkSFHuUZ42QqC3OLyQyrVU=, :duration-ms 2.928292}
2026-03-20 10:02:10.488 [AUDIT] actor= resource= action= result= corr= tenant= - Database operation successful: update-session {:session-entity {:expires-at #object[java.time.Instant 0x3e473973 2026-03-20T16:20:51.781320Z], :user-agent Mozilla/5.0 (Macintosh; Intel Mac OS X 10_15_7) AppleWebKit/605.1.15 (KHTML, like Gecko) Version/26.3.1 Safari/605.1.15, :session-token ymDLwZV0ecICKXkGsAksmDkSFHuUZ42QqC3OLyQyrVU=, :user-id #uuid "d5fa63dd-4d30-4f4f-9237-6df5ae005e6d", :last-accessed-at #object[java.time.Instant 0x88777f9 2026-03-20T09:02:10.486751Z], :id #uuid "e12f2e6f-7726-41df-87b1-900fba57e3a7", :revoked-at nil, :created-at #object[java.time.Instant 0x46dedde9 2026-03-20T08:20:52.054410Z], :ip-address [0:0:0:0:0:0:0:1]}, :duration-ms 1.132792}
2026-03-20 10:02:10.488 [AUDIT] actor= resource= action= result= corr= tenant= - Session validation successful {:user-id #uuid "d5fa63dd-4d30-4f4f-9237-6df5ae005e6d"}
2026-03-20 10:02:10.490 [AUDIT] actor= resource= action= result= corr= tenant= - Database operation successful: find-user-by-id {:user-id #uuid "d5fa63dd-4d30-4f4f-9237-6df5ae005e6d", :duration-ms 1.870208}
2026-03-20 10:02:10.493 [AUDIT] actor= resource= action= result= corr= tenant= - Database operation successful: admin-get-entity {:entity orders, :id #uuid "0dca873e-dfcc-44f5-b797-720b15f71330", :duration-ms 1.438}
2026-03-20 10:02:10.497 [AUDIT] actor= resource= action= result= corr= tenant= - Database operation successful: admin-list-related-entities {:parent-id 0dca873e-dfcc-44f5-b797-720b15f71330, :entity order-items, :duration-ms 0.530958}
2026-03-20 10:02:14.807 [AUDIT] actor= resource= action= result= corr= tenant= - Processing authentication request {:uri /web/admin/order-items/34491d8d-a4d3-4365-98f5-1b3edeeda0a5, :method :get, :has-session true, :has-bearer false, :cookies (session-token Idea-2e373df0), :session-token-value ymDLwZV0}
2026-03-20 10:02:14.808 [AUDIT] actor= resource= action= result= corr= tenant= - Attempting session authentication {:token-preview ymDLwZV0}
2026-03-20 10:02:14.808 [AUDIT] actor= resource= action= result= corr= tenant= - Validating session token {:session-token ymDLwZV0ecICKXkGsAksmDkSFHuUZ42QqC3OLyQyrVU=, :uri /web/admin/order-items/34491d8d-a4d3-4365-98f5-1b3edeeda0a5}
2026-03-20 10:02:14.811 [AUDIT] actor= resource= action= result= corr= tenant= - Database operation successful: find-session-by-token {:session-token ymDLwZV0ecICKXkGsAksmDkSFHuUZ42QqC3OLyQyrVU=, :duration-ms 2.728}
2026-03-20 10:02:14.813 [AUDIT] actor= resource= action= result= corr= tenant= - Database operation successful: update-session {:session-entity {:expires-at #object[java.time.Instant 0xdd36a16 2026-03-20T16:20:51.781320Z], :user-agent Mozilla/5.0 (Macintosh; Intel Mac OS X 10_15_7) AppleWebKit/605.1.15 (KHTML, like Gecko) Version/26.3.1 Safari/605.1.15, :session-token ymDLwZV0ecICKXkGsAksmDkSFHuUZ42QqC3OLyQyrVU=, :user-id #uuid "d5fa63dd-4d30-4f4f-9237-6df5ae005e6d", :last-accessed-at #object[java.time.Instant 0x4362a1a5 2026-03-20T09:02:14.811818Z], :id #uuid "e12f2e6f-7726-41df-87b1-900fba57e3a7", :revoked-at nil, :created-at #object[java.time.Instant 0x4c093413 2026-03-20T08:20:52.054410Z], :ip-address [0:0:0:0:0:0:0:1]}, :duration-ms 0.833167}
2026-03-20 10:02:14.813 [AUDIT] actor= resource= action= result= corr= tenant= - Session validation successful {:user-id #uuid "d5fa63dd-4d30-4f4f-9237-6df5ae005e6d"}
2026-03-20 10:02:14.815 [AUDIT] actor= resource= action= result= corr= tenant= - Database operation successful: find-user-by-id {:user-id #uuid "d5fa63dd-4d30-4f4f-9237-6df5ae005e6d", :duration-ms 2.449667}
2026-03-20 10:02:14.818 [AUDIT] actor= resource= action= result= corr= tenant= - Database operation successful: admin-get-entity {:entity order-items, :id #uuid "34491d8d-a4d3-4365-98f5-1b3edeeda0a5", :duration-ms 1.900917}
2026-03-20 10:02:14.824 [AUDIT] actor= resource= action= result= corr= tenant= - Database operation successful: admin-get-entity {:entity orders, :id 0dca873e-dfcc-44f5-b797-720b15f71330, :duration-ms 1.950791}
2026-03-20 10:02:14.826 [AUDIT] actor= resource= action= result= corr= tenant= - Database operation successful: admin-list-related-entities {:parent-id 0dca873e-dfcc-44f5-b797-720b15f71330, :entity order-items, :duration-ms 0.736125}
2026-03-20 10:02:20.890 [AUDIT] actor= resource= action= result= corr= tenant= - Processing authentication request {:uri /web/admin/order-items/34491d8d-a4d3-4365-98f5-1b3edeeda0a5, :method :put, :has-session true, :has-bearer false, :cookies (session-token Idea-2e373df0), :session-token-value ymDLwZV0}
2026-03-20 10:02:20.890 [AUDIT] actor= resource= action= result= corr= tenant= - Attempting session authentication {:token-preview ymDLwZV0}
2026-03-20 10:02:20.890 [AUDIT] actor= resource= action= result= corr= tenant= - Validating session token {:session-token ymDLwZV0ecICKXkGsAksmDkSFHuUZ42QqC3OLyQyrVU=, :uri /web/admin/order-items/34491d8d-a4d3-4365-98f5-1b3edeeda0a5}
2026-03-20 10:02:20.893 [AUDIT] actor= resource= action= result= corr= tenant= - Database operation successful: find-session-by-token {:session-token ymDLwZV0ecICKXkGsAksmDkSFHuUZ42QqC3OLyQyrVU=, :duration-ms 2.039458}
2026-03-20 10:02:20.894 [AUDIT] actor= resource= action= result= corr= tenant= - Database operation successful: update-session {:session-entity {:expires-at #object[java.time.Instant 0x1af1f46e 2026-03-20T16:20:51.781320Z], :user-agent Mozilla/5.0 (Macintosh; Intel Mac OS X 10_15_7) AppleWebKit/605.1.15 (KHTML, like Gecko) Version/26.3.1 Safari/605.1.15, :session-token ymDLwZV0ecICKXkGsAksmDkSFHuUZ42QqC3OLyQyrVU=, :user-id #uuid "d5fa63dd-4d30-4f4f-9237-6df5ae005e6d", :last-accessed-at #object[java.time.Instant 0x7ee41ade 2026-03-20T09:02:20.893463Z], :id #uuid "e12f2e6f-7726-41df-87b1-900fba57e3a7", :revoked-at nil, :created-at #object[java.time.Instant 0x28360114 2026-03-20T08:20:52.054410Z], :ip-address [0:0:0:0:0:0:0:1]}, :duration-ms 0.88875}
2026-03-20 10:02:20.894 [AUDIT] actor= resource= action= result= corr= tenant= - Session validation successful {:user-id #uuid "d5fa63dd-4d30-4f4f-9237-6df5ae005e6d"}
2026-03-20 10:02:20.897 [AUDIT] actor= resource= action= result= corr= tenant= - Database operation successful: find-user-by-id {:user-id #uuid "d5fa63dd-4d30-4f4f-9237-6df5ae005e6d", :duration-ms 1.774459}
2026-03-20 10:02:20.901 [AUDIT] actor= resource= action= result= corr= tenant= - Query failed {:adapter nil, :sql UPDATE order_items SET product_name = ?, product_price_cents = ?, quantity = ?, total_cents = ?, updated_at = ? WHERE id = ?, :error [SQLITE_ERROR] SQL error or missing database (no such column: updated_at)}
2026-03-20 10:02:20.903 [AUDIT] actor= resource= action= result= corr= tenant= - Database operation failed: admin-update-entity {:operation admin-update-entity}
clojure.lang.ExceptionInfo: Database query failed {:adapter nil, :sql "UPDATE order_items SET product_name = ?, product_price_cents = ?, quantity = ?, total_cents = ?, updated_at = ? WHERE id = ?", :params ("Boundary Framework T-Shirt" 2999 5 5998 "2026-03-20T09:02:20.900152Z" "34491d8d-a4d3-4365-98f5-1b3edeeda0a5"), :original-error "[SQLITE_ERROR] SQL error or missing database (no such column: updated_at)"}
	at boundary.platform.shell.adapters.database.common.execution$execute_query_BANG_.invokeStatic(execution.clj:129)
	at boundary.platform.shell.adapters.database.common.execution$execute_query_BANG_.invoke(execution.clj:52)
	at boundary.platform.shell.adapters.database.common.execution$execute_one_BANG_.invokeStatic(execution.clj:149)
	at boundary.platform.shell.adapters.database.common.execution$execute_one_BANG_.invoke(execution.clj:136)
	at boundary.admin.shell.service.AdminService$fn__24700.invoke(service.clj:392)
	at boundary.platform.shell.persistence_interceptors$create_persistence_pipeline$fn__17889.invoke(persistence_interceptors.clj:179)
	at boundary.core.interceptor$execute_interceptor_fn.invokeStatic(interceptor.clj:31)
	at boundary.core.interceptor$execute_interceptor_fn.invoke(interceptor.clj:22)
	at boundary.core.interceptor$run_enter_phase$fn__17780.invoke(interceptor.clj:58)
	at clojure.lang.ArrayChunk.reduce(ArrayChunk.java:60)
	at clojure.core.protocols$fn__8274.invokeStatic(protocols.clj:135)
	at clojure.core.protocols$fn__8274.invoke(protocols.clj:123)
	at clojure.core.protocols$fn__8233$G__8228__8242.invoke(protocols.clj:19)
	at clojure.core.protocols$seq_reduce.invokeStatic(protocols.clj:31)
	at clojure.core.protocols$fn__8266.invokeStatic(protocols.clj:74)
	at clojure.core.protocols$fn__8266.invoke(protocols.clj:74)
	at clojure.core.protocols$fn__8207$G__8202__8220.invoke(protocols.clj:13)
	at clojure.core$reduce.invokeStatic(core.clj:6965)
	at clojure.core$reduce.invoke(core.clj:6947)
	at boundary.core.interceptor$run_enter_phase.invokeStatic(interceptor.clj:51)
	at boundary.core.interceptor$run_enter_phase.invoke(interceptor.clj:45)
	at boundary.core.interceptor$run_pipeline.invokeStatic(interceptor.clj:104)
	at boundary.core.interceptor$run_pipeline.invoke(interceptor.clj:85)
	at boundary.platform.shell.persistence_interceptors$execute_persistence_operation.invokeStatic(persistence_interceptors.clj:222)
	at boundary.platform.shell.persistence_interceptors$execute_persistence_operation.doInvoke(persistence_interceptors.clj:189)
	at clojure.lang.RestFn.invoke(RestFn.java:473)
	at boundary.admin.shell.service.AdminService.update_entity(service.clj:362)
	at boundary.admin.shell.http$update_entity_handler$fn__26781.invoke(http.clj:852)
	at boundary.user.shell.middleware$session_authentication_middleware$fn__26575.invoke(middleware.clj:181)
	at boundary.user.shell.middleware$flexible_authentication_middleware$fn__26591.invoke(middleware.clj:249)
	at reitit.ring$ring_handler$fn__7042.invoke(ring.cljc:388)
	at clojure.lang.AFn.applyToHelper(AFn.java:154)
	at clojure.lang.AFn.applyTo(AFn.java:144)
	at clojure.lang.AFunction$1.doInvoke(AFunction.java:33)
	at clojure.lang.RestFn.invoke(RestFn.java:411)
	at boundary.admin.shell.http$wrap_method_override$fn__26612.invoke(http.clj:57)
	at ring.middleware.params$wrap_params$fn__4637.invoke(params.clj:75)
	at ring.middleware.cookies$wrap_cookies$fn__4558.invoke(cookies.clj:198)
	at ecommerce.shared.http.middleware$wrap_json_body$fn__14039.invoke(middleware.clj:31)
	at ecommerce.shared.http.middleware$wrap_session_id$fn__14043.invoke(middleware.clj:44)
	at ecommerce.shared.http.middleware$wrap_cors$fn__14050.invoke(middleware.clj:82)
	at ring.middleware.resource$wrap_resource_prefer_resources$fn__4823.invoke(resource.clj:25)
	at ecommerce.shared.http.middleware$wrap_exception_handler$fn__14047.invoke(middleware.clj:57)
	at ecommerce.shared.http.middleware$wrap_request_logging$fn__14053.invoke(middleware.clj:94)
	at ring.adapter.jetty$proxy_handler$fn__4203.invoke(jetty.clj:115)
	at ring.adapter.jetty.proxy$org.eclipse.jetty.ee9.servlet.ServletHandler$ff19274a.doHandle(Unknown Source)
	at org.eclipse.jetty.ee9.nested.ScopedHandler.nextHandle(ScopedHandler.java:193)
	at org.eclipse.jetty.ee9.nested.ContextHandler.doHandle(ContextHandler.java:1041)
	at org.eclipse.jetty.ee9.nested.ScopedHandler.nextScope(ScopedHandler.java:162)
	at org.eclipse.jetty.ee9.servlet.ServletHandler.doScope(ServletHandler.java:483)
	at ring.adapter.jetty.proxy$org.eclipse.jetty.ee9.servlet.ServletHandler$ff19274a.doScope(Unknown Source)
	at org.eclipse.jetty.ee9.nested.ScopedHandler.nextScope(ScopedHandler.java:160)
	at org.eclipse.jetty.ee9.nested.ContextHandler.doScope(ContextHandler.java:962)
	at org.eclipse.jetty.ee9.nested.ScopedHandler.handle(ScopedHandler.java:123)
	at org.eclipse.jetty.ee9.nested.ContextHandler.handle(ContextHandler.java:1723)
	at org.eclipse.jetty.ee9.nested.HttpChannel$RequestDispatchable.dispatch(HttpChannel.java:1581)
	at org.eclipse.jetty.ee9.nested.HttpChannel.dispatch(HttpChannel.java:733)
	at org.eclipse.jetty.ee9.nested.HttpChannel.handle(HttpChannel.java:520)
	at org.eclipse.jetty.ee9.nested.ContextHandler$CoreContextHandler$CoreToNestedHandler.handle(ContextHandler.java:3048)
	at org.eclipse.jetty.server.handler.ContextHandler.handle(ContextHandler.java:1174)
	at org.eclipse.jetty.server.Server.handle(Server.java:182)
	at org.eclipse.jetty.server.internal.HttpChannelState$HandlerInvoker.run(HttpChannelState.java:682)
	at org.eclipse.jetty.server.internal.HttpConnection.onFillable(HttpConnection.java:411)
	at org.eclipse.jetty.server.internal.HttpConnection$FillableCallback.succeeded(HttpConnection.java:1819)
	at org.eclipse.jetty.io.FillInterest.fillable(FillInterest.java:99)
	at org.eclipse.jetty.io.SelectableChannelEndPoint$1.run(SelectableChannelEndPoint.java:54)
	at org.eclipse.jetty.util.thread.strategy.AdaptiveExecutionStrategy.runTask(AdaptiveExecutionStrategy.java:521)
	at org.eclipse.jetty.util.thread.strategy.AdaptiveExecutionStrategy.epcRunTask(AdaptiveExecutionStrategy.java:492)
	at org.eclipse.jetty.util.thread.strategy.AdaptiveExecutionStrategy.consumeTask(AdaptiveExecutionStrategy.java:447)
	at org.eclipse.jetty.util.thread.strategy.AdaptiveExecutionStrategy.tryProduce(AdaptiveExecutionStrategy.java:297)
	at org.eclipse.jetty.util.thread.strategy.AdaptiveExecutionStrategy.run(AdaptiveExecutionStrategy.java:202)
	at org.eclipse.jetty.util.thread.ReservedThreadExecutor$ReservedThread.run(ReservedThreadExecutor.java:312)
	at org.eclipse.jetty.util.thread.QueuedThreadPool.runJob(QueuedThreadPool.java:999)
	at org.eclipse.jetty.util.thread.QueuedThreadPool$Runner.doRunJob(QueuedThreadPool.java:1229)
	at org.eclipse.jetty.util.thread.QueuedThreadPool$Runner.run(QueuedThreadPool.java:1184)
	at java.base/java.lang.Thread.run(Thread.java:1474)
Caused by: org.sqlite.SQLiteException: [SQLITE_ERROR] SQL error or missing database (no such column: updated_at)
	at org.sqlite.core.DB.newSQLException(DB.java:1179)
	at org.sqlite.core.DB.newSQLException(DB.java:1190)
	at org.sqlite.core.DB.throwex(DB.java:1150)
	at org.sqlite.core.NativeDB.prepare_utf8(Native Method)
	at org.sqlite.core.NativeDB.prepare(NativeDB.java:135)
	at org.sqlite.core.DB.prepare(DB.java:264)
	at org.sqlite.core.CorePreparedStatement.<init>(CorePreparedStatement.java:46)
	at org.sqlite.jdbc3.JDBC3PreparedStatement.<init>(JDBC3PreparedStatement.java:32)
	at org.sqlite.jdbc4.JDBC4PreparedStatement.<init>(JDBC4PreparedStatement.java:28)
	at org.sqlite.jdbc4.JDBC4Connection.prepareStatement(JDBC4Connection.java:34)
	at org.sqlite.jdbc3.JDBC3Connection.prepareStatement(JDBC3Connection.java:225)
	at org.sqlite.jdbc3.JDBC3Connection.prepareStatement(JDBC3Connection.java:205)
	at com.zaxxer.hikari.pool.ProxyConnection.prepareStatement(ProxyConnection.java:328)
	at com.zaxxer.hikari.pool.HikariProxyConnection.prepareStatement(HikariProxyConnection.java)
	at next.jdbc.prepare$create.invokeStatic(prepare.clj:134)
	at next.jdbc.prepare$create.invoke(prepare.clj:84)
	at next.jdbc.result_set$eval3442$fn__3450.invoke(result_set.clj:943)
	at next.jdbc.protocols$eval2472$fn__2488$G__2463__2497.invoke(protocols.clj:34)
	at next.jdbc$execute_BANG_.invokeStatic(jdbc.clj:272)
	at next.jdbc$execute_BANG_.invoke(jdbc.clj:254)
	at boundary.platform.shell.adapters.database.common.execution$execute_query_BANG_.invokeStatic(execution.clj:94)
	... 75 common frames omitted
2026-03-20 10:02:20.907 [AUDIT] actor= resource= action= result= corr= tenant= - Database operation successful: admin-get-entity {:entity order-items, :id #uuid "34491d8d-a4d3-4365-98f5-1b3edeeda0a5", :duration-ms 1.057375}
2026-03-20 10:02:20.910 [AUDIT] actor= resource= action= result= corr= tenant= - Database operation successful: admin-get-entity {:entity orders, :id 0dca873e-dfcc-44f5-b797-720b15f71330, :duration-ms 1.099417}
2026-03-20 10:02:20.912 [AUDIT] actor= resource= action= result= corr= tenant= - Database operation successful: admin-list-related-entities {:parent-id 0dca873e-dfcc-44f5-b797-720b15f71330, :entity order-items, :duration-ms 0.357083}
2026-03-20 10:02:29.371 [AUDIT] actor= resource= action= result= corr= tenant= - Processing authentication request {:uri /web/admin/order-items/34491d8d-a4d3-4365-98f5-1b3edeeda0a5, :method :put, :has-session true, :has-bearer false, :cookies (session-token Idea-2e373df0), :session-token-value ymDLwZV0}
2026-03-20 10:02:29.371 [AUDIT] actor= resource= action= result= corr= tenant= - Attempting session authentication {:token-preview ymDLwZV0}
2026-03-20 10:02:29.371 [AUDIT] actor= resource= action= result= corr= tenant= - Validating session token {:session-token ymDLwZV0ecICKXkGsAksmDkSFHuUZ42QqC3OLyQyrVU=, :uri /web/admin/order-items/34491d8d-a4d3-4365-98f5-1b3edeeda0a5}
2026-03-20 10:02:29.373 [AUDIT] actor= resource= action= result= corr= tenant= - Database operation successful: find-session-by-token {:session-token ymDLwZV0ecICKXkGsAksmDkSFHuUZ42QqC3OLyQyrVU=, :duration-ms 1.802167}
2026-03-20 10:02:29.375 [AUDIT] actor= resource= action= result= corr= tenant= - Database operation successful: update-session {:session-entity {:expires-at #object[java.time.Instant 0x4738248a 2026-03-20T16:20:51.781320Z], :user-agent Mozilla/5.0 (Macintosh; Intel Mac OS X 10_15_7) AppleWebKit/605.1.15 (KHTML, like Gecko) Version/26.3.1 Safari/605.1.15, :session-token ymDLwZV0ecICKXkGsAksmDkSFHuUZ42QqC3OLyQyrVU=, :user-id #uuid "d5fa63dd-4d30-4f4f-9237-6df5ae005e6d", :last-accessed-at #object[java.time.Instant 0x49ffc21d 2026-03-20T09:02:29.374030Z], :id #uuid "e12f2e6f-7726-41df-87b1-900fba57e3a7", :revoked-at nil, :created-at #object[java.time.Instant 0x4dc04ffa 2026-03-20T08:20:52.054410Z], :ip-address [0:0:0:0:0:0:0:1]}, :duration-ms 0.677625}
2026-03-20 10:02:29.375 [AUDIT] actor= resource= action= result= corr= tenant= - Session validation successful {:user-id #uuid "d5fa63dd-4d30-4f4f-9237-6df5ae005e6d"}
2026-03-20 10:02:29.377 [AUDIT] actor= resource= action= result= corr= tenant= - Database operation successful: find-user-by-id {:user-id #uuid "d5fa63dd-4d30-4f4f-9237-6df5ae005e6d", :duration-ms 1.529708}
2026-03-20 10:02:29.379 [AUDIT] actor= resource= action= result= corr= tenant= - Query failed {:adapter nil, :sql UPDATE order_items SET product_name = ?, product_price_cents = ?, quantity = ?, total_cents = ?, updated_at = ? WHERE id = ?, :error [SQLITE_ERROR] SQL error or missing database (no such column: updated_at)}
2026-03-20 10:02:29.379 [AUDIT] actor= resource= action= result= corr= tenant= - Database operation failed: admin-update-entity {:operation admin-update-entity}
clojure.lang.ExceptionInfo: Database query failed {:adapter nil, :sql "UPDATE order_items SET product_name = ?, product_price_cents = ?, quantity = ?, total_cents = ?, updated_at = ? WHERE id = ?", :params ("Boundary Framework T-Shirt" 2999 5 5998 "2026-03-20T09:02:29.378852Z" "34491d8d-a4d3-4365-98f5-1b3edeeda0a5"), :original-error "[SQLITE_ERROR] SQL error or missing database (no such column: updated_at)"}
	at boundary.platform.shell.adapters.database.common.execution$execute_query_BANG_.invokeStatic(execution.clj:129)
	at boundary.platform.shell.adapters.database.common.execution$execute_query_BANG_.invoke(execution.clj:52)
	at boundary.platform.shell.adapters.database.common.execution$execute_one_BANG_.invokeStatic(execution.clj:149)
	at boundary.platform.shell.adapters.database.common.execution$execute_one_BANG_.invoke(execution.clj:136)
	at boundary.admin.shell.service.AdminService$fn__24700.invoke(service.clj:392)
	at boundary.platform.shell.persistence_interceptors$create_persistence_pipeline$fn__17889.invoke(persistence_interceptors.clj:179)
	at boundary.core.interceptor$execute_interceptor_fn.invokeStatic(interceptor.clj:31)
	at boundary.core.interceptor$execute_interceptor_fn.invoke(interceptor.clj:22)
	at boundary.core.interceptor$run_enter_phase$fn__17780.invoke(interceptor.clj:58)
	at clojure.lang.ArrayChunk.reduce(ArrayChunk.java:60)
	at clojure.core.protocols$fn__8274.invokeStatic(protocols.clj:135)
	at clojure.core.protocols$fn__8274.invoke(protocols.clj:123)
	at clojure.core.protocols$fn__8233$G__8228__8242.invoke(protocols.clj:19)
	at clojure.core.protocols$seq_reduce.invokeStatic(protocols.clj:31)
	at clojure.core.protocols$fn__8266.invokeStatic(protocols.clj:74)
	at clojure.core.protocols$fn__8266.invoke(protocols.clj:74)
	at clojure.core.protocols$fn__8207$G__8202__8220.invoke(protocols.clj:13)
	at clojure.core$reduce.invokeStatic(core.clj:6965)
	at clojure.core$reduce.invoke(core.clj:6947)
	at boundary.core.interceptor$run_enter_phase.invokeStatic(interceptor.clj:51)
	at boundary.core.interceptor$run_enter_phase.invoke(interceptor.clj:45)
	at boundary.core.interceptor$run_pipeline.invokeStatic(interceptor.clj:104)
	at boundary.core.interceptor$run_pipeline.invoke(interceptor.clj:85)
	at boundary.platform.shell.persistence_interceptors$execute_persistence_operation.invokeStatic(persistence_interceptors.clj:222)
	at boundary.platform.shell.persistence_interceptors$execute_persistence_operation.doInvoke(persistence_interceptors.clj:189)
	at clojure.lang.RestFn.invoke(RestFn.java:473)
	at boundary.admin.shell.service.AdminService.update_entity(service.clj:362)
	at boundary.admin.shell.http$update_entity_handler$fn__26781.invoke(http.clj:852)
	at boundary.user.shell.middleware$session_authentication_middleware$fn__26575.invoke(middleware.clj:181)
	at boundary.user.shell.middleware$flexible_authentication_middleware$fn__26591.invoke(middleware.clj:249)
	at reitit.ring$ring_handler$fn__7042.invoke(ring.cljc:388)
	at clojure.lang.AFn.applyToHelper(AFn.java:154)
	at clojure.lang.AFn.applyTo(AFn.java:144)
	at clojure.lang.AFunction$1.doInvoke(AFunction.java:33)
	at clojure.lang.RestFn.invoke(RestFn.java:411)
	at boundary.admin.shell.http$wrap_method_override$fn__26612.invoke(http.clj:57)
	at ring.middleware.params$wrap_params$fn__4637.invoke(params.clj:75)
	at ring.middleware.cookies$wrap_cookies$fn__4558.invoke(cookies.clj:198)
	at ecommerce.shared.http.middleware$wrap_json_body$fn__14039.invoke(middleware.clj:31)
	at ecommerce.shared.http.middleware$wrap_session_id$fn__14043.invoke(middleware.clj:44)
	at ecommerce.shared.http.middleware$wrap_cors$fn__14050.invoke(middleware.clj:82)
	at ring.middleware.resource$wrap_resource_prefer_resources$fn__4823.invoke(resource.clj:25)
	at ecommerce.shared.http.middleware$wrap_exception_handler$fn__14047.invoke(middleware.clj:57)
	at ecommerce.shared.http.middleware$wrap_request_logging$fn__14053.invoke(middleware.clj:94)
	at ring.adapter.jetty$proxy_handler$fn__4203.invoke(jetty.clj:115)
	at ring.adapter.jetty.proxy$org.eclipse.jetty.ee9.servlet.ServletHandler$ff19274a.doHandle(Unknown Source)
	at org.eclipse.jetty.ee9.nested.ScopedHandler.nextHandle(ScopedHandler.java:193)
	at org.eclipse.jetty.ee9.nested.ContextHandler.doHandle(ContextHandler.java:1041)
	at org.eclipse.jetty.ee9.nested.ScopedHandler.nextScope(ScopedHandler.java:162)
	at org.eclipse.jetty.ee9.servlet.ServletHandler.doScope(ServletHandler.java:483)
	at ring.adapter.jetty.proxy$org.eclipse.jetty.ee9.servlet.ServletHandler$ff19274a.doScope(Unknown Source)
	at org.eclipse.jetty.ee9.nested.ScopedHandler.nextScope(ScopedHandler.java:160)
	at org.eclipse.jetty.ee9.nested.ContextHandler.doScope(ContextHandler.java:962)
	at org.eclipse.jetty.ee9.nested.ScopedHandler.handle(ScopedHandler.java:123)
	at org.eclipse.jetty.ee9.nested.ContextHandler.handle(ContextHandler.java:1723)
	at org.eclipse.jetty.ee9.nested.HttpChannel$RequestDispatchable.dispatch(HttpChannel.java:1581)
	at org.eclipse.jetty.ee9.nested.HttpChannel.dispatch(HttpChannel.java:733)
	at org.eclipse.jetty.ee9.nested.HttpChannel.handle(HttpChannel.java:520)
	at org.eclipse.jetty.ee9.nested.ContextHandler$CoreContextHandler$CoreToNestedHandler.handle(ContextHandler.java:3048)
	at org.eclipse.jetty.server.handler.ContextHandler.handle(ContextHandler.java:1174)
	at org.eclipse.jetty.server.Server.handle(Server.java:182)
	at org.eclipse.jetty.server.internal.HttpChannelState$HandlerInvoker.run(HttpChannelState.java:682)
	at org.eclipse.jetty.server.internal.HttpConnection.onFillable(HttpConnection.java:411)
	at org.eclipse.jetty.server.internal.HttpConnection$FillableCallback.succeeded(HttpConnection.java:1819)
	at org.eclipse.jetty.io.FillInterest.fillable(FillInterest.java:99)
	at org.eclipse.jetty.io.SelectableChannelEndPoint$1.run(SelectableChannelEndPoint.java:54)
	at org.eclipse.jetty.util.thread.strategy.AdaptiveExecutionStrategy.runTask(AdaptiveExecutionStrategy.java:521)
	at org.eclipse.jetty.util.thread.strategy.AdaptiveExecutionStrategy.epcRunTask(AdaptiveExecutionStrategy.java:492)
	at org.eclipse.jetty.util.thread.strategy.AdaptiveExecutionStrategy.consumeTask(AdaptiveExecutionStrategy.java:447)
	at org.eclipse.jetty.util.thread.strategy.AdaptiveExecutionStrategy.tryProduce(AdaptiveExecutionStrategy.java:297)
	at org.eclipse.jetty.util.thread.strategy.AdaptiveExecutionStrategy.run(AdaptiveExecutionStrategy.java:202)
	at org.eclipse.jetty.util.thread.ReservedThreadExecutor$ReservedThread.run(ReservedThreadExecutor.java:312)
	at org.eclipse.jetty.util.thread.QueuedThreadPool.runJob(QueuedThreadPool.java:999)
	at org.eclipse.jetty.util.thread.QueuedThreadPool$Runner.doRunJob(QueuedThreadPool.java:1229)
	at org.eclipse.jetty.util.thread.QueuedThreadPool$Runner.run(QueuedThreadPool.java:1184)
	at java.base/java.lang.Thread.run(Thread.java:1474)
Caused by: org.sqlite.SQLiteException: [SQLITE_ERROR] SQL error or missing database (no such column: updated_at)
	at org.sqlite.core.DB.newSQLException(DB.java:1179)
	at org.sqlite.core.DB.newSQLException(DB.java:1190)
	at org.sqlite.core.DB.throwex(DB.java:1150)
	at org.sqlite.core.NativeDB.prepare_utf8(Native Method)
	at org.sqlite.core.NativeDB.prepare(NativeDB.java:135)
	at org.sqlite.core.DB.prepare(DB.java:264)
	at org.sqlite.core.CorePreparedStatement.<init>(CorePreparedStatement.java:46)
	at org.sqlite.jdbc3.JDBC3PreparedStatement.<init>(JDBC3PreparedStatement.java:32)
	at org.sqlite.jdbc4.JDBC4PreparedStatement.<init>(JDBC4PreparedStatement.java:28)
	at org.sqlite.jdbc4.JDBC4Connection.prepareStatement(JDBC4Connection.java:34)
	at org.sqlite.jdbc3.JDBC3Connection.prepareStatement(JDBC3Connection.java:225)
	at org.sqlite.jdbc3.JDBC3Connection.prepareStatement(JDBC3Connection.java:205)
	at com.zaxxer.hikari.pool.ProxyConnection.prepareStatement(ProxyConnection.java:328)
	at com.zaxxer.hikari.pool.HikariProxyConnection.prepareStatement(HikariProxyConnection.java)
	at next.jdbc.prepare$create.invokeStatic(prepare.clj:134)
	at next.jdbc.prepare$create.invoke(prepare.clj:84)
	at next.jdbc.result_set$eval3442$fn__3450.invoke(result_set.clj:943)
	at next.jdbc.protocols$eval2472$fn__2488$G__2463__2497.invoke(protocols.clj:34)
	at next.jdbc$execute_BANG_.invokeStatic(jdbc.clj:272)
	at next.jdbc$execute_BANG_.invoke(jdbc.clj:254)
	at boundary.platform.shell.adapters.database.common.execution$execute_query_BANG_.invokeStatic(execution.clj:94)
	... 75 common frames omitted
2026-03-20 10:02:29.381 [AUDIT] actor= resource= action= result= corr= tenant= - Database operation successful: admin-get-entity {:entity order-items, :id #uuid "34491d8d-a4d3-4365-98f5-1b3edeeda0a5", :duration-ms 0.899916}
2026-03-20 10:02:29.385 [AUDIT] actor= resource= action= result= corr= tenant= - Database operation successful: admin-get-entity {:entity orders, :id 0dca873e-dfcc-44f5-b797-720b15f71330, :duration-ms 0.992916}
2026-03-20 10:02:29.386 [AUDIT] actor= resource= action= result= corr= tenant= - Database operation successful: admin-list-related-entities {:parent-id 0dca873e-dfcc-44f5-b797-720b15f71330, :entity order-items, :duration-ms 0.373541}
2026-03-20 10:02:34.320 [AUDIT] actor= resource= action= result= corr= tenant= - Processing authentication request {:uri /web/admin/orders/0dca873e-dfcc-44f5-b797-720b15f71330, :method :get, :has-session true, :has-bearer false, :cookies (session-token Idea-2e373df0), :session-token-value ymDLwZV0}
2026-03-20 10:02:34.321 [AUDIT] actor= resource= action= result= corr= tenant= - Attempting session authentication {:token-preview ymDLwZV0}
2026-03-20 10:02:34.321 [AUDIT] actor= resource= action= result= corr= tenant= - Validating session token {:session-token ymDLwZV0ecICKXkGsAksmDkSFHuUZ42QqC3OLyQyrVU=, :uri /web/admin/orders/0dca873e-dfcc-44f5-b797-720b15f71330}
2026-03-20 10:02:34.323 [AUDIT] actor= resource= action= result= corr= tenant= - Database operation successful: find-session-by-token {:session-token ymDLwZV0ecICKXkGsAksmDkSFHuUZ42QqC3OLyQyrVU=, :duration-ms 1.846167}
2026-03-20 10:02:34.324 [AUDIT] actor= resource= action= result= corr= tenant= - Database operation successful: update-session {:session-entity {:expires-at #object[java.time.Instant 0x3bc3f050 2026-03-20T16:20:51.781320Z], :user-agent Mozilla/5.0 (Macintosh; Intel Mac OS X 10_15_7) AppleWebKit/605.1.15 (KHTML, like Gecko) Version/26.3.1 Safari/605.1.15, :session-token ymDLwZV0ecICKXkGsAksmDkSFHuUZ42QqC3OLyQyrVU=, :user-id #uuid "d5fa63dd-4d30-4f4f-9237-6df5ae005e6d", :last-accessed-at #object[java.time.Instant 0x810d44d 2026-03-20T09:02:34.323631Z], :id #uuid "e12f2e6f-7726-41df-87b1-900fba57e3a7", :revoked-at nil, :created-at #object[java.time.Instant 0x327d1809 2026-03-20T08:20:52.054410Z], :ip-address [0:0:0:0:0:0:0:1]}, :duration-ms 0.777292}
2026-03-20 10:02:34.324 [AUDIT] actor= resource= action= result= corr= tenant= - Session validation successful {:user-id #uuid "d5fa63dd-4d30-4f4f-9237-6df5ae005e6d"}
2026-03-20 10:02:34.326 [AUDIT] actor= resource= action= result= corr= tenant= - Database operation successful: find-user-by-id {:user-id #uuid "d5fa63dd-4d30-4f4f-9237-6df5ae005e6d", :duration-ms 1.232542}
2026-03-20 10:02:34.329 [AUDIT] actor= resource= action= result= corr= tenant= - Database operation successful: admin-get-entity {:entity orders, :id #uuid "0dca873e-dfcc-44f5-b797-720b15f71330", :duration-ms 1.553583}
2026-03-20 10:02:34.332 [AUDIT] actor= resource= action= result= corr= tenant= - Database operation successful: admin-list-related-entities {:parent-id 0dca873e-dfcc-44f5-b797-720b15f71330, :entity order-items, :duration-ms 0.573125}
2026-03-20 10:03:25.344 [AUDIT] actor= resource= action= result= corr= tenant= - Processing authentication request {:uri /web/admin/orders/0dca873e-dfcc-44f5-b797-720b15f71330, :method :put, :has-session true, :has-bearer false, :cookies (session-token Idea-2e373df0), :session-token-value ymDLwZV0}
2026-03-20 10:03:25.347 [AUDIT] actor= resource= action= result= corr= tenant= - Attempting session authentication {:token-preview ymDLwZV0}
2026-03-20 10:03:25.347 [AUDIT] actor= resource= action= result= corr= tenant= - Validating session token {:session-token ymDLwZV0ecICKXkGsAksmDkSFHuUZ42QqC3OLyQyrVU=, :uri /web/admin/orders/0dca873e-dfcc-44f5-b797-720b15f71330}
2026-03-20 10:03:25.350 [AUDIT] actor= resource= action= result= corr= tenant= - Database operation successful: find-session-by-token {:session-token ymDLwZV0ecICKXkGsAksmDkSFHuUZ42QqC3OLyQyrVU=, :duration-ms 1.825125}
2026-03-20 10:03:25.351 [AUDIT] actor= resource= action= result= corr= tenant= - Database operation successful: update-session {:session-entity {:expires-at #object[java.time.Instant 0x7f83d081 2026-03-20T16:20:51.781320Z], :user-agent Mozilla/5.0 (Macintosh; Intel Mac OS X 10_15_7) AppleWebKit/605.1.15 (KHTML, like Gecko) Version/26.3.1 Safari/605.1.15, :session-token ymDLwZV0ecICKXkGsAksmDkSFHuUZ42QqC3OLyQyrVU=, :user-id #uuid "d5fa63dd-4d30-4f4f-9237-6df5ae005e6d", :last-accessed-at #object[java.time.Instant 0x713fd180 2026-03-20T09:03:25.350318Z], :id #uuid "e12f2e6f-7726-41df-87b1-900fba57e3a7", :revoked-at nil, :created-at #object[java.time.Instant 0x2bd832fe 2026-03-20T08:20:52.054410Z], :ip-address [0:0:0:0:0:0:0:1]}, :duration-ms 0.699542}
2026-03-20 10:03:25.351 [AUDIT] actor= resource= action= result= corr= tenant= - Session validation successful {:user-id #uuid "d5fa63dd-4d30-4f4f-9237-6df5ae005e6d"}
2026-03-20 10:03:25.353 [AUDIT] actor= resource= action= result= corr= tenant= - Database operation successful: find-user-by-id {:user-id #uuid "d5fa63dd-4d30-4f4f-9237-6df5ae005e6d", :duration-ms 1.972417}
2026-03-20 10:03:25.358 [AUDIT] actor= resource= action= result= corr= tenant= - Database operation successful: admin-get-entity {:entity orders, :id #uuid "0dca873e-dfcc-44f5-b797-720b15f71330", :duration-ms 1.8195}
2026-03-20 10:03:25.361 [AUDIT] actor= resource= action= result= corr= tenant= - Database operation successful: admin-list-related-entities {:parent-id 0dca873e-dfcc-44f5-b797-720b15f71330, :entity order-items, :duration-ms 0.518875}
2026-03-20 10:03:28.258 [AUDIT] actor= resource= action= result= corr= tenant= - Processing authentication request {:uri /web/admin/orders, :method :get, :has-session true, :has-bearer false, :cookies (session-token Idea-2e373df0), :session-token-value ymDLwZV0}
2026-03-20 10:03:28.259 [AUDIT] actor= resource= action= result= corr= tenant= - Attempting session authentication {:token-preview ymDLwZV0}
2026-03-20 10:03:28.259 [AUDIT] actor= resource= action= result= corr= tenant= - Validating session token {:session-token ymDLwZV0ecICKXkGsAksmDkSFHuUZ42QqC3OLyQyrVU=, :uri /web/admin/orders}
2026-03-20 10:03:28.261 [AUDIT] actor= resource= action= result= corr= tenant= - Database operation successful: find-session-by-token {:session-token ymDLwZV0ecICKXkGsAksmDkSFHuUZ42QqC3OLyQyrVU=, :duration-ms 1.465916}
2026-03-20 10:03:28.262 [AUDIT] actor= resource= action= result= corr= tenant= - Database operation successful: update-session {:session-entity {:expires-at #object[java.time.Instant 0x5330f550 2026-03-20T16:20:51.781320Z], :user-agent Mozilla/5.0 (Macintosh; Intel Mac OS X 10_15_7) AppleWebKit/605.1.15 (KHTML, like Gecko) Version/26.3.1 Safari/605.1.15, :session-token ymDLwZV0ecICKXkGsAksmDkSFHuUZ42QqC3OLyQyrVU=, :user-id #uuid "d5fa63dd-4d30-4f4f-9237-6df5ae005e6d", :last-accessed-at #object[java.time.Instant 0x16327152 2026-03-20T09:03:28.261228Z], :id #uuid "e12f2e6f-7726-41df-87b1-900fba57e3a7", :revoked-at nil, :created-at #object[java.time.Instant 0xb96d42a 2026-03-20T08:20:52.054410Z], :ip-address [0:0:0:0:0:0:0:1]}, :duration-ms 0.49775}
2026-03-20 10:03:28.262 [AUDIT] actor= resource= action= result= corr= tenant= - Session validation successful {:user-id #uuid "d5fa63dd-4d30-4f4f-9237-6df5ae005e6d"}
2026-03-20 10:03:28.264 [AUDIT] actor= resource= action= result= corr= tenant= - Database operation successful: find-user-by-id {:user-id #uuid "d5fa63dd-4d30-4f4f-9237-6df5ae005e6d", :duration-ms 1.56775}
2026-03-20 10:03:28.266 [AUDIT] actor= resource= action= result= corr= tenant= - Database operation successful: admin-list-entities {:entity orders, :limit nil, :offset nil, :duration-ms 1.430042}
2026-03-20 10:03:31.270 [AUDIT] actor= resource= action= result= corr= tenant= - Processing authentication request {:uri /web/admin/orders/0dca873e-dfcc-44f5-b797-720b15f71330, :method :get, :has-session true, :has-bearer false, :cookies (session-token Idea-2e373df0), :session-token-value ymDLwZV0}
2026-03-20 10:03:31.270 [AUDIT] actor= resource= action= result= corr= tenant= - Attempting session authentication {:token-preview ymDLwZV0}
2026-03-20 10:03:31.270 [AUDIT] actor= resource= action= result= corr= tenant= - Validating session token {:session-token ymDLwZV0ecICKXkGsAksmDkSFHuUZ42QqC3OLyQyrVU=, :uri /web/admin/orders/0dca873e-dfcc-44f5-b797-720b15f71330}
2026-03-20 10:03:31.273 [AUDIT] actor= resource= action= result= corr= tenant= - Database operation successful: find-session-by-token {:session-token ymDLwZV0ecICKXkGsAksmDkSFHuUZ42QqC3OLyQyrVU=, :duration-ms 2.120125}
2026-03-20 10:03:31.274 [AUDIT] actor= resource= action= result= corr= tenant= - Database operation successful: update-session {:session-entity {:expires-at #object[java.time.Instant 0x12e6c5a0 2026-03-20T16:20:51.781320Z], :user-agent Mozilla/5.0 (Macintosh; Intel Mac OS X 10_15_7) AppleWebKit/605.1.15 (KHTML, like Gecko) Version/26.3.1 Safari/605.1.15, :session-token ymDLwZV0ecICKXkGsAksmDkSFHuUZ42QqC3OLyQyrVU=, :user-id #uuid "d5fa63dd-4d30-4f4f-9237-6df5ae005e6d", :last-accessed-at #object[java.time.Instant 0x5e0c2b2d 2026-03-20T09:03:31.273304Z], :id #uuid "e12f2e6f-7726-41df-87b1-900fba57e3a7", :revoked-at nil, :created-at #object[java.time.Instant 0x320d6488 2026-03-20T08:20:52.054410Z], :ip-address [0:0:0:0:0:0:0:1]}, :duration-ms 0.728333}
2026-03-20 10:03:31.274 [AUDIT] actor= resource= action= result= corr= tenant= - Session validation successful {:user-id #uuid "d5fa63dd-4d30-4f4f-9237-6df5ae005e6d"}
2026-03-20 10:03:31.276 [AUDIT] actor= resource= action= result= corr= tenant= - Database operation successful: find-user-by-id {:user-id #uuid "d5fa63dd-4d30-4f4f-9237-6df5ae005e6d", :duration-ms 1.30025}
2026-03-20 10:03:31.278 [AUDIT] actor= resource= action= result= corr= tenant= - Database operation successful: admin-get-entity {:entity orders, :id #uuid "0dca873e-dfcc-44f5-b797-720b15f71330", :duration-ms 1.478125}
2026-03-20 10:03:31.281 [AUDIT] actor= resource= action= result= corr= tenant= - Database operation successful: admin-list-related-entities {:parent-id 0dca873e-dfcc-44f5-b797-720b15f71330, :entity order-items, :duration-ms 0.630875}
2026-03-20 10:03:36.654 [AUDIT] actor= resource= action= result= corr= tenant= - Processing authentication request {:uri /web/admin/orders/4e9f13d4-ba12-4110-8648-1b82d7df63d9, :method :get, :has-session true, :has-bearer false, :cookies (session-token Idea-2e373df0), :session-token-value ymDLwZV0}
2026-03-20 10:03:36.655 [AUDIT] actor= resource= action= result= corr= tenant= - Attempting session authentication {:token-preview ymDLwZV0}
2026-03-20 10:03:36.655 [AUDIT] actor= resource= action= result= corr= tenant= - Validating session token {:session-token ymDLwZV0ecICKXkGsAksmDkSFHuUZ42QqC3OLyQyrVU=, :uri /web/admin/orders/4e9f13d4-ba12-4110-8648-1b82d7df63d9}
2026-03-20 10:03:36.657 [AUDIT] actor= resource= action= result= corr= tenant= - Database operation successful: find-session-by-token {:session-token ymDLwZV0ecICKXkGsAksmDkSFHuUZ42QqC3OLyQyrVU=, :duration-ms 2.036375}
2026-03-20 10:03:36.658 [AUDIT] actor= resource= action= result= corr= tenant= - Database operation successful: update-session {:session-entity {:expires-at #object[java.time.Instant 0x3980652c 2026-03-20T16:20:51.781320Z], :user-agent Mozilla/5.0 (Macintosh; Intel Mac OS X 10_15_7) AppleWebKit/605.1.15 (KHTML, like Gecko) Version/26.3.1 Safari/605.1.15, :session-token ymDLwZV0ecICKXkGsAksmDkSFHuUZ42QqC3OLyQyrVU=, :user-id #uuid "d5fa63dd-4d30-4f4f-9237-6df5ae005e6d", :last-accessed-at #object[java.time.Instant 0x76705279 2026-03-20T09:03:36.657725Z], :id #uuid "e12f2e6f-7726-41df-87b1-900fba57e3a7", :revoked-at nil, :created-at #object[java.time.Instant 0x68ed3769 2026-03-20T08:20:52.054410Z], :ip-address [0:0:0:0:0:0:0:1]}, :duration-ms 0.501334}
2026-03-20 10:03:36.658 [AUDIT] actor= resource= action= result= corr= tenant= - Session validation successful {:user-id #uuid "d5fa63dd-4d30-4f4f-9237-6df5ae005e6d"}
2026-03-20 10:03:36.659 [AUDIT] actor= resource= action= result= corr= tenant= - Database operation successful: find-user-by-id {:user-id #uuid "d5fa63dd-4d30-4f4f-9237-6df5ae005e6d", :duration-ms 1.107959}
2026-03-20 10:03:36.662 [AUDIT] actor= resource= action= result= corr= tenant= - Database operation successful: admin-get-entity {:entity orders, :id #uuid "4e9f13d4-ba12-4110-8648-1b82d7df63d9", :duration-ms 1.071791}
2026-03-20 10:03:36.664 [AUDIT] actor= resource= action= result= corr= tenant= - Database operation successful: admin-list-related-entities {:parent-id 4e9f13d4-ba12-4110-8648-1b82d7df63d9, :entity order-items, :duration-ms 0.608916}
2026-03-20 10:04:39.620 [AUDIT] actor= resource= action= result= corr= tenant= - Processing authentication request {:uri /web/admin/orders, :method :get, :has-session true, :has-bearer false, :cookies (session-token Idea-2e373df0), :session-token-value ymDLwZV0}
2026-03-20 10:04:39.621 [AUDIT] actor= resource= action= result= corr= tenant= - Attempting session authentication {:token-preview ymDLwZV0}
2026-03-20 10:04:39.621 [AUDIT] actor= resource= action= result= corr= tenant= - Validating session token {:session-token ymDLwZV0ecICKXkGsAksmDkSFHuUZ42QqC3OLyQyrVU=, :uri /web/admin/orders}
2026-03-20 10:04:39.623 [AUDIT] actor= resource= action= result= corr= tenant= - Database operation successful: find-session-by-token {:session-token ymDLwZV0ecICKXkGsAksmDkSFHuUZ42QqC3OLyQyrVU=, :duration-ms 1.52525}
2026-03-20 10:04:39.624 [AUDIT] actor= resource= action= result= corr= tenant= - Database operation successful: update-session {:session-entity {:expires-at #object[java.time.Instant 0x2f148915 2026-03-20T16:20:51.781320Z], :user-agent Mozilla/5.0 (Macintosh; Intel Mac OS X 10_15_7) AppleWebKit/605.1.15 (KHTML, like Gecko) Version/26.3.1 Safari/605.1.15, :session-token ymDLwZV0ecICKXkGsAksmDkSFHuUZ42QqC3OLyQyrVU=, :user-id #uuid "d5fa63dd-4d30-4f4f-9237-6df5ae005e6d", :last-accessed-at #object[java.time.Instant 0x59d0129d 2026-03-20T09:04:39.623981Z], :id #uuid "e12f2e6f-7726-41df-87b1-900fba57e3a7", :revoked-at nil, :created-at #object[java.time.Instant 0xe0bbf81 2026-03-20T08:20:52.054410Z], :ip-address [0:0:0:0:0:0:0:1]}, :duration-ms 0.589}
2026-03-20 10:04:39.625 [AUDIT] actor= resource= action= result= corr= tenant= - Session validation successful {:user-id #uuid "d5fa63dd-4d30-4f4f-9237-6df5ae005e6d"}
2026-03-20 10:04:39.627 [AUDIT] actor= resource= action= result= corr= tenant= - Database operation successful: find-user-by-id {:user-id #uuid "d5fa63dd-4d30-4f4f-9237-6df5ae005e6d", :duration-ms 1.62325}
2026-03-20 10:04:39.630 [AUDIT] actor= resource= action= result= corr= tenant= - Database operation successful: admin-list-entities {:entity orders, :limit nil, :offset nil, :duration-ms 2.209667}
2026-03-20 10:04:43.502 [AUDIT] actor= resource= action= result= corr= tenant= - Processing authentication request {:uri /web/admin/orders/0dca873e-dfcc-44f5-b797-720b15f71330, :method :get, :has-session true, :has-bearer false, :cookies (session-token Idea-2e373df0), :session-token-value ymDLwZV0}
2026-03-20 10:04:43.502 [AUDIT] actor= resource= action= result= corr= tenant= - Attempting session authentication {:token-preview ymDLwZV0}
2026-03-20 10:04:43.502 [AUDIT] actor= resource= action= result= corr= tenant= - Validating session token {:session-token ymDLwZV0ecICKXkGsAksmDkSFHuUZ42QqC3OLyQyrVU=, :uri /web/admin/orders/0dca873e-dfcc-44f5-b797-720b15f71330}
2026-03-20 10:04:43.505 [AUDIT] actor= resource= action= result= corr= tenant= - Database operation successful: find-session-by-token {:session-token ymDLwZV0ecICKXkGsAksmDkSFHuUZ42QqC3OLyQyrVU=, :duration-ms 2.151625}
2026-03-20 10:04:43.506 [AUDIT] actor= resource= action= result= corr= tenant= - Database operation successful: update-session {:session-entity {:expires-at #object[java.time.Instant 0x7454548 2026-03-20T16:20:51.781320Z], :user-agent Mozilla/5.0 (Macintosh; Intel Mac OS X 10_15_7) AppleWebKit/605.1.15 (KHTML, like Gecko) Version/26.3.1 Safari/605.1.15, :session-token ymDLwZV0ecICKXkGsAksmDkSFHuUZ42QqC3OLyQyrVU=, :user-id #uuid "d5fa63dd-4d30-4f4f-9237-6df5ae005e6d", :last-accessed-at #object[java.time.Instant 0xc923894 2026-03-20T09:04:43.505342Z], :id #uuid "e12f2e6f-7726-41df-87b1-900fba57e3a7", :revoked-at nil, :created-at #object[java.time.Instant 0x558f9761 2026-03-20T08:20:52.054410Z], :ip-address [0:0:0:0:0:0:0:1]}, :duration-ms 0.639541}
2026-03-20 10:04:43.506 [AUDIT] actor= resource= action= result= corr= tenant= - Session validation successful {:user-id #uuid "d5fa63dd-4d30-4f4f-9237-6df5ae005e6d"}
2026-03-20 10:04:43.507 [AUDIT] actor= resource= action= result= corr= tenant= - Database operation successful: find-user-by-id {:user-id #uuid "d5fa63dd-4d30-4f4f-9237-6df5ae005e6d", :duration-ms 1.094958}
2026-03-20 10:04:43.509 [AUDIT] actor= resource= action= result= corr= tenant= - Database operation successful: admin-get-entity {:entity orders, :id #uuid "0dca873e-dfcc-44f5-b797-720b15f71330", :duration-ms 0.717125}
2026-03-20 10:04:43.510 [AUDIT] actor= resource= action= result= corr= tenant= - Database operation successful: admin-list-related-entities {:parent-id 0dca873e-dfcc-44f5-b797-720b15f71330, :entity order-items, :duration-ms 0.368416}
2026-03-20 10:04:49.693 [AUDIT] actor= resource= action= result= corr= tenant= - Processing authentication request {:uri /web/admin/orders, :method :get, :has-session true, :has-bearer false, :cookies (session-token Idea-2e373df0), :session-token-value ymDLwZV0}
2026-03-20 10:04:49.693 [AUDIT] actor= resource= action= result= corr= tenant= - Attempting session authentication {:token-preview ymDLwZV0}
2026-03-20 10:04:49.693 [AUDIT] actor= resource= action= result= corr= tenant= - Validating session token {:session-token ymDLwZV0ecICKXkGsAksmDkSFHuUZ42QqC3OLyQyrVU=, :uri /web/admin/orders}
2026-03-20 10:04:49.695 [AUDIT] actor= resource= action= result= corr= tenant= - Database operation successful: find-session-by-token {:session-token ymDLwZV0ecICKXkGsAksmDkSFHuUZ42QqC3OLyQyrVU=, :duration-ms 1.626542}
2026-03-20 10:04:49.697 [AUDIT] actor= resource= action= result= corr= tenant= - Database operation successful: update-session {:session-entity {:expires-at #object[java.time.Instant 0x266252e3 2026-03-20T16:20:51.781320Z], :user-agent Mozilla/5.0 (Macintosh; Intel Mac OS X 10_15_7) AppleWebKit/605.1.15 (KHTML, like Gecko) Version/26.3.1 Safari/605.1.15, :session-token ymDLwZV0ecICKXkGsAksmDkSFHuUZ42QqC3OLyQyrVU=, :user-id #uuid "d5fa63dd-4d30-4f4f-9237-6df5ae005e6d", :last-accessed-at #object[java.time.Instant 0x295e347e 2026-03-20T09:04:49.696136Z], :id #uuid "e12f2e6f-7726-41df-87b1-900fba57e3a7", :revoked-at nil, :created-at #object[java.time.Instant 0x43fbac69 2026-03-20T08:20:52.054410Z], :ip-address [0:0:0:0:0:0:0:1]}, :duration-ms 1.025541}
2026-03-20 10:04:49.697 [AUDIT] actor= resource= action= result= corr= tenant= - Session validation successful {:user-id #uuid "d5fa63dd-4d30-4f4f-9237-6df5ae005e6d"}
2026-03-20 10:04:49.699 [AUDIT] actor= resource= action= result= corr= tenant= - Database operation successful: find-user-by-id {:user-id #uuid "d5fa63dd-4d30-4f4f-9237-6df5ae005e6d", :duration-ms 1.173583}
2026-03-20 10:04:49.701 [AUDIT] actor= resource= action= result= corr= tenant= - Database operation successful: admin-list-entities {:entity orders, :limit nil, :offset nil, :duration-ms 1.135917}
2026-03-20 10:04:54.184 [AUDIT] actor= resource= action= result= corr= tenant= - Processing authentication request {:uri /web/admin/orders/table, :method :get, :has-session true, :has-bearer false, :cookies (session-token Idea-2e373df0), :session-token-value ymDLwZV0}
2026-03-20 10:04:54.187 [AUDIT] actor= resource= action= result= corr= tenant= - Attempting session authentication {:token-preview ymDLwZV0}
2026-03-20 10:04:54.187 [AUDIT] actor= resource= action= result= corr= tenant= - Validating session token {:session-token ymDLwZV0ecICKXkGsAksmDkSFHuUZ42QqC3OLyQyrVU=, :uri /web/admin/orders/table}
2026-03-20 10:04:54.189 [AUDIT] actor= resource= action= result= corr= tenant= - Database operation successful: find-session-by-token {:session-token ymDLwZV0ecICKXkGsAksmDkSFHuUZ42QqC3OLyQyrVU=, :duration-ms 1.511875}
2026-03-20 10:04:54.190 [AUDIT] actor= resource= action= result= corr= tenant= - Database operation successful: update-session {:session-entity {:expires-at #object[java.time.Instant 0x62bcde6 2026-03-20T16:20:51.781320Z], :user-agent Mozilla/5.0 (Macintosh; Intel Mac OS X 10_15_7) AppleWebKit/605.1.15 (KHTML, like Gecko) Version/26.3.1 Safari/605.1.15, :session-token ymDLwZV0ecICKXkGsAksmDkSFHuUZ42QqC3OLyQyrVU=, :user-id #uuid "d5fa63dd-4d30-4f4f-9237-6df5ae005e6d", :last-accessed-at #object[java.time.Instant 0x2b69b76e 2026-03-20T09:04:54.189533Z], :id #uuid "e12f2e6f-7726-41df-87b1-900fba57e3a7", :revoked-at nil, :created-at #object[java.time.Instant 0x36226c0f 2026-03-20T08:20:52.054410Z], :ip-address [0:0:0:0:0:0:0:1]}, :duration-ms 0.50275}
2026-03-20 10:04:54.190 [AUDIT] actor= resource= action= result= corr= tenant= - Session validation successful {:user-id #uuid "d5fa63dd-4d30-4f4f-9237-6df5ae005e6d"}
2026-03-20 10:04:54.191 [AUDIT] actor= resource= action= result= corr= tenant= - Database operation successful: find-user-by-id {:user-id #uuid "d5fa63dd-4d30-4f4f-9237-6df5ae005e6d", :duration-ms 1.069625}
2026-03-20 10:04:54.193 [AUDIT] actor= resource= action= result= corr= tenant= - Database operation successful: admin-list-entities {:entity orders, :limit nil, :offset nil, :duration-ms 0.998208}
2026-03-20 10:04:54.959 [AUDIT] actor= resource= action= result= corr= tenant= - Processing authentication request {:uri /web/admin/orders/table, :method :get, :has-session true, :has-bearer false, :cookies (session-token Idea-2e373df0), :session-token-value ymDLwZV0}
2026-03-20 10:04:54.959 [AUDIT] actor= resource= action= result= corr= tenant= - Attempting session authentication {:token-preview ymDLwZV0}
2026-03-20 10:04:54.959 [AUDIT] actor= resource= action= result= corr= tenant= - Validating session token {:session-token ymDLwZV0ecICKXkGsAksmDkSFHuUZ42QqC3OLyQyrVU=, :uri /web/admin/orders/table}
2026-03-20 10:04:54.963 [AUDIT] actor= resource= action= result= corr= tenant= - Database operation successful: find-session-by-token {:session-token ymDLwZV0ecICKXkGsAksmDkSFHuUZ42QqC3OLyQyrVU=, :duration-ms 2.787625}
2026-03-20 10:04:54.964 [AUDIT] actor= resource= action= result= corr= tenant= - Database operation successful: update-session {:session-entity {:expires-at #object[java.time.Instant 0x20b6df19 2026-03-20T16:20:51.781320Z], :user-agent Mozilla/5.0 (Macintosh; Intel Mac OS X 10_15_7) AppleWebKit/605.1.15 (KHTML, like Gecko) Version/26.3.1 Safari/605.1.15, :session-token ymDLwZV0ecICKXkGsAksmDkSFHuUZ42QqC3OLyQyrVU=, :user-id #uuid "d5fa63dd-4d30-4f4f-9237-6df5ae005e6d", :last-accessed-at #object[java.time.Instant 0x147764a6 2026-03-20T09:04:54.963480Z], :id #uuid "e12f2e6f-7726-41df-87b1-900fba57e3a7", :revoked-at nil, :created-at #object[java.time.Instant 0x4cd25f92 2026-03-20T08:20:52.054410Z], :ip-address [0:0:0:0:0:0:0:1]}, :duration-ms 0.773625}
2026-03-20 10:04:54.965 [AUDIT] actor= resource= action= result= corr= tenant= - Session validation successful {:user-id #uuid "d5fa63dd-4d30-4f4f-9237-6df5ae005e6d"}
2026-03-20 10:04:54.966 [AUDIT] actor= resource= action= result= corr= tenant= - Database operation successful: find-user-by-id {:user-id #uuid "d5fa63dd-4d30-4f4f-9237-6df5ae005e6d", :duration-ms 1.182417}
2026-03-20 10:04:54.968 [AUDIT] actor= resource= action= result= corr= tenant= - Database operation successful: admin-list-entities {:entity orders, :limit nil, :offset nil, :duration-ms 1.311584}
2026-03-20 10:05:00.925 [AUDIT] actor= resource= action= result= corr= tenant= - Processing authentication request {:uri /web/admin/orders/table, :method :get, :has-session true, :has-bearer false, :cookies (session-token Idea-2e373df0), :session-token-value ymDLwZV0}
2026-03-20 10:05:00.925 [AUDIT] actor= resource= action= result= corr= tenant= - Attempting session authentication {:token-preview ymDLwZV0}
2026-03-20 10:05:00.925 [AUDIT] actor= resource= action= result= corr= tenant= - Validating session token {:session-token ymDLwZV0ecICKXkGsAksmDkSFHuUZ42QqC3OLyQyrVU=, :uri /web/admin/orders/table}
2026-03-20 10:05:00.928 [AUDIT] actor= resource= action= result= corr= tenant= - Database operation successful: find-session-by-token {:session-token ymDLwZV0ecICKXkGsAksmDkSFHuUZ42QqC3OLyQyrVU=, :duration-ms 2.26775}
2026-03-20 10:05:00.929 [AUDIT] actor= resource= action= result= corr= tenant= - Database operation successful: update-session {:session-entity {:expires-at #object[java.time.Instant 0x47236bd9 2026-03-20T16:20:51.781320Z], :user-agent Mozilla/5.0 (Macintosh; Intel Mac OS X 10_15_7) AppleWebKit/605.1.15 (KHTML, like Gecko) Version/26.3.1 Safari/605.1.15, :session-token ymDLwZV0ecICKXkGsAksmDkSFHuUZ42QqC3OLyQyrVU=, :user-id #uuid "d5fa63dd-4d30-4f4f-9237-6df5ae005e6d", :last-accessed-at #object[java.time.Instant 0x21176694 2026-03-20T09:05:00.928573Z], :id #uuid "e12f2e6f-7726-41df-87b1-900fba57e3a7", :revoked-at nil, :created-at #object[java.time.Instant 0x4f034ad 2026-03-20T08:20:52.054410Z], :ip-address [0:0:0:0:0:0:0:1]}, :duration-ms 0.532667}
2026-03-20 10:05:00.929 [AUDIT] actor= resource= action= result= corr= tenant= - Session validation successful {:user-id #uuid "d5fa63dd-4d30-4f4f-9237-6df5ae005e6d"}
2026-03-20 10:05:00.930 [AUDIT] actor= resource= action= result= corr= tenant= - Database operation successful: find-user-by-id {:user-id #uuid "d5fa63dd-4d30-4f4f-9237-6df5ae005e6d", :duration-ms 1.044958}
2026-03-20 10:05:00.932 [AUDIT] actor= resource= action= result= corr= tenant= - Database operation successful: admin-list-entities {:entity orders, :limit nil, :offset nil, :duration-ms 1.25875}
2026-03-20 10:05:17.245 [AUDIT] actor= resource= action= result= corr= tenant= - Processing authentication request {:uri /web/admin/orders/table, :method :get, :has-session true, :has-bearer false, :cookies (session-token Idea-2e373df0), :session-token-value ymDLwZV0}
2026-03-20 10:05:17.245 [AUDIT] actor= resource= action= result= corr= tenant= - Attempting session authentication {:token-preview ymDLwZV0}
2026-03-20 10:05:17.245 [AUDIT] actor= resource= action= result= corr= tenant= - Validating session token {:session-token ymDLwZV0ecICKXkGsAksmDkSFHuUZ42QqC3OLyQyrVU=, :uri /web/admin/orders/table}
2026-03-20 10:05:17.246 [AUDIT] actor= resource= action= result= corr= tenant= - Database operation successful: find-session-by-token {:session-token ymDLwZV0ecICKXkGsAksmDkSFHuUZ42QqC3OLyQyrVU=, :duration-ms 1.032541}
2026-03-20 10:05:17.247 [AUDIT] actor= resource= action= result= corr= tenant= - Database operation successful: update-session {:session-entity {:expires-at #object[java.time.Instant 0x52d42a85 2026-03-20T16:20:51.781320Z], :user-agent Mozilla/5.0 (Macintosh; Intel Mac OS X 10_15_7) AppleWebKit/605.1.15 (KHTML, like Gecko) Version/26.3.1 Safari/605.1.15, :session-token ymDLwZV0ecICKXkGsAksmDkSFHuUZ42QqC3OLyQyrVU=, :user-id #uuid "d5fa63dd-4d30-4f4f-9237-6df5ae005e6d", :last-accessed-at #object[java.time.Instant 0x440c69d1 2026-03-20T09:05:17.247039Z], :id #uuid "e12f2e6f-7726-41df-87b1-900fba57e3a7", :revoked-at nil, :created-at #object[java.time.Instant 0x6bf167a2 2026-03-20T08:20:52.054410Z], :ip-address [0:0:0:0:0:0:0:1]}, :duration-ms 0.401416}
2026-03-20 10:05:17.247 [AUDIT] actor= resource= action= result= corr= tenant= - Session validation successful {:user-id #uuid "d5fa63dd-4d30-4f4f-9237-6df5ae005e6d"}
2026-03-20 10:05:17.248 [AUDIT] actor= resource= action= result= corr= tenant= - Database operation successful: find-user-by-id {:user-id #uuid "d5fa63dd-4d30-4f4f-9237-6df5ae005e6d", :duration-ms 0.703959}
2026-03-20 10:05:17.250 [AUDIT] actor= resource= action= result= corr= tenant= - Database operation successful: admin-list-entities {:entity orders, :limit nil, :offset nil, :duration-ms 0.972125}
2026-03-20 10:05:39.444 [AUDIT] actor= resource= action= result= corr= tenant= - Processing authentication request {:uri /web/admin/products, :method :get, :has-session true, :has-bearer false, :cookies (session-token Idea-2e373df0), :session-token-value ymDLwZV0}
2026-03-20 10:05:39.444 [AUDIT] actor= resource= action= result= corr= tenant= - Attempting session authentication {:token-preview ymDLwZV0}
2026-03-20 10:05:39.444 [AUDIT] actor= resource= action= result= corr= tenant= - Validating session token {:session-token ymDLwZV0ecICKXkGsAksmDkSFHuUZ42QqC3OLyQyrVU=, :uri /web/admin/products}
2026-03-20 10:05:39.446 [AUDIT] actor= resource= action= result= corr= tenant= - Database operation successful: find-session-by-token {:session-token ymDLwZV0ecICKXkGsAksmDkSFHuUZ42QqC3OLyQyrVU=, :duration-ms 1.662834}
2026-03-20 10:05:39.447 [AUDIT] actor= resource= action= result= corr= tenant= - Database operation successful: update-session {:session-entity {:expires-at #object[java.time.Instant 0x65276b7f 2026-03-20T16:20:51.781320Z], :user-agent Mozilla/5.0 (Macintosh; Intel Mac OS X 10_15_7) AppleWebKit/605.1.15 (KHTML, like Gecko) Version/26.3.1 Safari/605.1.15, :session-token ymDLwZV0ecICKXkGsAksmDkSFHuUZ42QqC3OLyQyrVU=, :user-id #uuid "d5fa63dd-4d30-4f4f-9237-6df5ae005e6d", :last-accessed-at #object[java.time.Instant 0x3986b9a1 2026-03-20T09:05:39.446927Z], :id #uuid "e12f2e6f-7726-41df-87b1-900fba57e3a7", :revoked-at nil, :created-at #object[java.time.Instant 0x233f4bc3 2026-03-20T08:20:52.054410Z], :ip-address [0:0:0:0:0:0:0:1]}, :duration-ms 0.388917}
2026-03-20 10:05:39.447 [AUDIT] actor= resource= action= result= corr= tenant= - Session validation successful {:user-id #uuid "d5fa63dd-4d30-4f4f-9237-6df5ae005e6d"}
2026-03-20 10:05:39.449 [AUDIT] actor= resource= action= result= corr= tenant= - Database operation successful: find-user-by-id {:user-id #uuid "d5fa63dd-4d30-4f4f-9237-6df5ae005e6d", :duration-ms 1.257708}
2026-03-20 10:05:39.450 [AUDIT] actor= resource= action= result= corr= tenant= - Database operation successful: admin-list-entities {:entity products, :limit nil, :offset nil, :duration-ms 1.040208}
2026-03-20 10:05:43.409 [AUDIT] actor= resource= action= result= corr= tenant= - Processing authentication request {:uri /web/admin/orders, :method :get, :has-session true, :has-bearer false, :cookies (session-token Idea-2e373df0), :session-token-value ymDLwZV0}
2026-03-20 10:05:43.409 [AUDIT] actor= resource= action= result= corr= tenant= - Attempting session authentication {:token-preview ymDLwZV0}
2026-03-20 10:05:43.409 [AUDIT] actor= resource= action= result= corr= tenant= - Validating session token {:session-token ymDLwZV0ecICKXkGsAksmDkSFHuUZ42QqC3OLyQyrVU=, :uri /web/admin/orders}
2026-03-20 10:05:43.410 [AUDIT] actor= resource= action= result= corr= tenant= - Database operation successful: find-session-by-token {:session-token ymDLwZV0ecICKXkGsAksmDkSFHuUZ42QqC3OLyQyrVU=, :duration-ms 0.5585}
2026-03-20 10:05:43.410 [AUDIT] actor= resource= action= result= corr= tenant= - Database operation successful: update-session {:session-entity {:expires-at #object[java.time.Instant 0x35019b81 2026-03-20T16:20:51.781320Z], :user-agent Mozilla/5.0 (Macintosh; Intel Mac OS X 10_15_7) AppleWebKit/605.1.15 (KHTML, like Gecko) Version/26.3.1 Safari/605.1.15, :session-token ymDLwZV0ecICKXkGsAksmDkSFHuUZ42QqC3OLyQyrVU=, :user-id #uuid "d5fa63dd-4d30-4f4f-9237-6df5ae005e6d", :last-accessed-at #object[java.time.Instant 0x46f21fa6 2026-03-20T09:05:43.410627Z], :id #uuid "e12f2e6f-7726-41df-87b1-900fba57e3a7", :revoked-at nil, :created-at #object[java.time.Instant 0x6197b448 2026-03-20T08:20:52.054410Z], :ip-address [0:0:0:0:0:0:0:1]}, :duration-ms 0.168834}
2026-03-20 10:05:43.410 [AUDIT] actor= resource= action= result= corr= tenant= - Session validation successful {:user-id #uuid "d5fa63dd-4d30-4f4f-9237-6df5ae005e6d"}
2026-03-20 10:05:43.411 [AUDIT] actor= resource= action= result= corr= tenant= - Database operation successful: find-user-by-id {:user-id #uuid "d5fa63dd-4d30-4f4f-9237-6df5ae005e6d", :duration-ms 0.26775}
2026-03-20 10:05:43.412 [AUDIT] actor= resource= action= result= corr= tenant= - Database operation successful: admin-list-entities {:entity orders, :limit nil, :offset nil, :duration-ms 0.6685}
2026-03-20 10:05:44.388 [AUDIT] actor= resource= action= result= corr= tenant= - Processing authentication request {:uri /web/admin/products, :method :get, :has-session true, :has-bearer false, :cookies (session-token Idea-2e373df0), :session-token-value ymDLwZV0}
2026-03-20 10:05:44.389 [AUDIT] actor= resource= action= result= corr= tenant= - Attempting session authentication {:token-preview ymDLwZV0}
2026-03-20 10:05:44.389 [AUDIT] actor= resource= action= result= corr= tenant= - Validating session token {:session-token ymDLwZV0ecICKXkGsAksmDkSFHuUZ42QqC3OLyQyrVU=, :uri /web/admin/products}
2026-03-20 10:05:44.390 [AUDIT] actor= resource= action= result= corr= tenant= - Database operation successful: find-session-by-token {:session-token ymDLwZV0ecICKXkGsAksmDkSFHuUZ42QqC3OLyQyrVU=, :duration-ms 1.426667}
2026-03-20 10:05:44.391 [AUDIT] actor= resource= action= result= corr= tenant= - Database operation successful: update-session {:session-entity {:expires-at #object[java.time.Instant 0x266f4655 2026-03-20T16:20:51.781320Z], :user-agent Mozilla/5.0 (Macintosh; Intel Mac OS X 10_15_7) AppleWebKit/605.1.15 (KHTML, like Gecko) Version/26.3.1 Safari/605.1.15, :session-token ymDLwZV0ecICKXkGsAksmDkSFHuUZ42QqC3OLyQyrVU=, :user-id #uuid "d5fa63dd-4d30-4f4f-9237-6df5ae005e6d", :last-accessed-at #object[java.time.Instant 0x784dad74 2026-03-20T09:05:44.390991Z], :id #uuid "e12f2e6f-7726-41df-87b1-900fba57e3a7", :revoked-at nil, :created-at #object[java.time.Instant 0x748a586d 2026-03-20T08:20:52.054410Z], :ip-address [0:0:0:0:0:0:0:1]}, :duration-ms 0.468166}
2026-03-20 10:05:44.391 [AUDIT] actor= resource= action= result= corr= tenant= - Session validation successful {:user-id #uuid "d5fa63dd-4d30-4f4f-9237-6df5ae005e6d"}
2026-03-20 10:05:44.392 [AUDIT] actor= resource= action= result= corr= tenant= - Database operation successful: find-user-by-id {:user-id #uuid "d5fa63dd-4d30-4f4f-9237-6df5ae005e6d", :duration-ms 1.0615}
2026-03-20 10:05:44.394 [AUDIT] actor= resource= action= result= corr= tenant= - Database operation successful: admin-list-entities {:entity products, :limit nil, :offset nil, :duration-ms 0.683208}
2026-03-20 10:05:46.262 [AUDIT] actor= resource= action= result= corr= tenant= - Processing authentication request {:uri /web/admin/products/11111111-1111-1111-1111-111111111111, :method :get, :has-session true, :has-bearer false, :cookies (session-token Idea-2e373df0), :session-token-value ymDLwZV0}
2026-03-20 10:05:46.263 [AUDIT] actor= resource= action= result= corr= tenant= - Attempting session authentication {:token-preview ymDLwZV0}
2026-03-20 10:05:46.263 [AUDIT] actor= resource= action= result= corr= tenant= - Validating session token {:session-token ymDLwZV0ecICKXkGsAksmDkSFHuUZ42QqC3OLyQyrVU=, :uri /web/admin/products/11111111-1111-1111-1111-111111111111}
2026-03-20 10:05:46.265 [AUDIT] actor= resource= action= result= corr= tenant= - Database operation successful: find-session-by-token {:session-token ymDLwZV0ecICKXkGsAksmDkSFHuUZ42QqC3OLyQyrVU=, :duration-ms 1.816625}
2026-03-20 10:05:46.266 [AUDIT] actor= resource= action= result= corr= tenant= - Database operation successful: update-session {:session-entity {:expires-at #object[java.time.Instant 0x13b03af 2026-03-20T16:20:51.781320Z], :user-agent Mozilla/5.0 (Macintosh; Intel Mac OS X 10_15_7) AppleWebKit/605.1.15 (KHTML, like Gecko) Version/26.3.1 Safari/605.1.15, :session-token ymDLwZV0ecICKXkGsAksmDkSFHuUZ42QqC3OLyQyrVU=, :user-id #uuid "d5fa63dd-4d30-4f4f-9237-6df5ae005e6d", :last-accessed-at #object[java.time.Instant 0x38df4d9a 2026-03-20T09:05:46.265607Z], :id #uuid "e12f2e6f-7726-41df-87b1-900fba57e3a7", :revoked-at nil, :created-at #object[java.time.Instant 0x6e066a08 2026-03-20T08:20:52.054410Z], :ip-address [0:0:0:0:0:0:0:1]}, :duration-ms 0.812042}
2026-03-20 10:05:46.266 [AUDIT] actor= resource= action= result= corr= tenant= - Session validation successful {:user-id #uuid "d5fa63dd-4d30-4f4f-9237-6df5ae005e6d"}
2026-03-20 10:05:46.267 [AUDIT] actor= resource= action= result= corr= tenant= - Database operation successful: find-user-by-id {:user-id #uuid "d5fa63dd-4d30-4f4f-9237-6df5ae005e6d", :duration-ms 0.7995}
2026-03-20 10:05:46.269 [AUDIT] actor= resource= action= result= corr= tenant= - Database operation successful: admin-get-entity {:entity products, :id #uuid "11111111-1111-1111-1111-111111111111", :duration-ms 0.82825}
2026-03-20 10:05:56.429 [AUDIT] actor= resource= action= result= corr= tenant= - Processing authentication request {:uri /web/admin/products/11111111-1111-1111-1111-111111111111, :method :put, :has-session true, :has-bearer false, :cookies (session-token Idea-2e373df0), :session-token-value ymDLwZV0}
2026-03-20 10:05:56.430 [AUDIT] actor= resource= action= result= corr= tenant= - Attempting session authentication {:token-preview ymDLwZV0}
2026-03-20 10:05:56.430 [AUDIT] actor= resource= action= result= corr= tenant= - Validating session token {:session-token ymDLwZV0ecICKXkGsAksmDkSFHuUZ42QqC3OLyQyrVU=, :uri /web/admin/products/11111111-1111-1111-1111-111111111111}
2026-03-20 10:05:56.431 [AUDIT] actor= resource= action= result= corr= tenant= - Database operation successful: find-session-by-token {:session-token ymDLwZV0ecICKXkGsAksmDkSFHuUZ42QqC3OLyQyrVU=, :duration-ms 1.18325}
2026-03-20 10:05:56.432 [AUDIT] actor= resource= action= result= corr= tenant= - Database operation successful: update-session {:session-entity {:expires-at #object[java.time.Instant 0x2d32746c 2026-03-20T16:20:51.781320Z], :user-agent Mozilla/5.0 (Macintosh; Intel Mac OS X 10_15_7) AppleWebKit/605.1.15 (KHTML, like Gecko) Version/26.3.1 Safari/605.1.15, :session-token ymDLwZV0ecICKXkGsAksmDkSFHuUZ42QqC3OLyQyrVU=, :user-id #uuid "d5fa63dd-4d30-4f4f-9237-6df5ae005e6d", :last-accessed-at #object[java.time.Instant 0x7133c271 2026-03-20T09:05:56.432083Z], :id #uuid "e12f2e6f-7726-41df-87b1-900fba57e3a7", :revoked-at nil, :created-at #object[java.time.Instant 0x6400e72e 2026-03-20T08:20:52.054410Z], :ip-address [0:0:0:0:0:0:0:1]}, :duration-ms 0.529708}
2026-03-20 10:05:56.433 [AUDIT] actor= resource= action= result= corr= tenant= - Session validation successful {:user-id #uuid "d5fa63dd-4d30-4f4f-9237-6df5ae005e6d"}
2026-03-20 10:05:56.434 [AUDIT] actor= resource= action= result= corr= tenant= - Database operation successful: find-user-by-id {:user-id #uuid "d5fa63dd-4d30-4f4f-9237-6df5ae005e6d", :duration-ms 1.488791}
2026-03-20 10:05:56.437 [AUDIT] actor= resource= action= result= corr= tenant= - Database operation successful: admin-update-entity {:entity products, :id #uuid "11111111-1111-1111-1111-111111111111", :duration-ms 1.370625}
2026-03-20 10:05:56.438 [AUDIT] actor= resource= action= result= corr= tenant= - Database operation successful: admin-get-entity {:entity products, :id #uuid "11111111-1111-1111-1111-111111111111", :duration-ms 0.68575}
2026-03-20 10:06:02.208 [AUDIT] actor= resource= action= result= corr= tenant= - Processing authentication request {:uri /web/admin/products, :method :get, :has-session true, :has-bearer false, :cookies (session-token Idea-2e373df0), :session-token-value ymDLwZV0}
2026-03-20 10:06:02.209 [AUDIT] actor= resource= action= result= corr= tenant= - Attempting session authentication {:token-preview ymDLwZV0}
2026-03-20 10:06:02.209 [AUDIT] actor= resource= action= result= corr= tenant= - Validating session token {:session-token ymDLwZV0ecICKXkGsAksmDkSFHuUZ42QqC3OLyQyrVU=, :uri /web/admin/products}
2026-03-20 10:06:02.211 [AUDIT] actor= resource= action= result= corr= tenant= - Database operation successful: find-session-by-token {:session-token ymDLwZV0ecICKXkGsAksmDkSFHuUZ42QqC3OLyQyrVU=, :duration-ms 1.670166}
2026-03-20 10:06:02.212 [AUDIT] actor= resource= action= result= corr= tenant= - Database operation successful: update-session {:session-entity {:expires-at #object[java.time.Instant 0x32efb674 2026-03-20T16:20:51.781320Z], :user-agent Mozilla/5.0 (Macintosh; Intel Mac OS X 10_15_7) AppleWebKit/605.1.15 (KHTML, like Gecko) Version/26.3.1 Safari/605.1.15, :session-token ymDLwZV0ecICKXkGsAksmDkSFHuUZ42QqC3OLyQyrVU=, :user-id #uuid "d5fa63dd-4d30-4f4f-9237-6df5ae005e6d", :last-accessed-at #object[java.time.Instant 0x6b10edfd 2026-03-20T09:06:02.211480Z], :id #uuid "e12f2e6f-7726-41df-87b1-900fba57e3a7", :revoked-at nil, :created-at #object[java.time.Instant 0x2961de98 2026-03-20T08:20:52.054410Z], :ip-address [0:0:0:0:0:0:0:1]}, :duration-ms 0.496916}
2026-03-20 10:06:02.212 [AUDIT] actor= resource= action= result= corr= tenant= - Session validation successful {:user-id #uuid "d5fa63dd-4d30-4f4f-9237-6df5ae005e6d"}
2026-03-20 10:06:02.213 [AUDIT] actor= resource= action= result= corr= tenant= - Database operation successful: find-user-by-id {:user-id #uuid "d5fa63dd-4d30-4f4f-9237-6df5ae005e6d", :duration-ms 0.763459}
2026-03-20 10:06:02.214 [AUDIT] actor= resource= action= result= corr= tenant= - Database operation successful: admin-list-entities {:entity products, :limit nil, :offset nil, :duration-ms 0.722}
2026-03-20 10:13:47.731 [AUDIT] actor= resource= action= result= corr= tenant= - Processing authentication request {:uri /web/admin/orders, :method :get, :has-session true, :has-bearer false, :cookies (session-token Idea-2e373df0), :session-token-value ymDLwZV0}
2026-03-20 10:13:47.732 [AUDIT] actor= resource= action= result= corr= tenant= - Attempting session authentication {:token-preview ymDLwZV0}
2026-03-20 10:13:47.733 [AUDIT] actor= resource= action= result= corr= tenant= - Validating session token {:session-token ymDLwZV0ecICKXkGsAksmDkSFHuUZ42QqC3OLyQyrVU=, :uri /web/admin/orders}
2026-03-20 10:13:47.735 [AUDIT] actor= resource= action= result= corr= tenant= - Database operation successful: find-session-by-token {:session-token ymDLwZV0ecICKXkGsAksmDkSFHuUZ42QqC3OLyQyrVU=, :duration-ms 1.912042}
2026-03-20 10:13:47.736 [AUDIT] actor= resource= action= result= corr= tenant= - Database operation successful: update-session {:session-entity {:expires-at #object[java.time.Instant 0x62e3815d 2026-03-20T16:20:51.781320Z], :user-agent Mozilla/5.0 (Macintosh; Intel Mac OS X 10_15_7) AppleWebKit/605.1.15 (KHTML, like Gecko) Version/26.3.1 Safari/605.1.15, :session-token ymDLwZV0ecICKXkGsAksmDkSFHuUZ42QqC3OLyQyrVU=, :user-id #uuid "d5fa63dd-4d30-4f4f-9237-6df5ae005e6d", :last-accessed-at #object[java.time.Instant 0x11ab3c1c 2026-03-20T09:13:47.735755Z], :id #uuid "e12f2e6f-7726-41df-87b1-900fba57e3a7", :revoked-at nil, :created-at #object[java.time.Instant 0x27dcf557 2026-03-20T08:20:52.054410Z], :ip-address [0:0:0:0:0:0:0:1]}, :duration-ms 0.468333}
2026-03-20 10:13:47.736 [AUDIT] actor= resource= action= result= corr= tenant= - Session validation successful {:user-id #uuid "d5fa63dd-4d30-4f4f-9237-6df5ae005e6d"}
2026-03-20 10:13:47.737 [AUDIT] actor= resource= action= result= corr= tenant= - Database operation successful: find-user-by-id {:user-id #uuid "d5fa63dd-4d30-4f4f-9237-6df5ae005e6d", :duration-ms 0.836125}
2026-03-20 10:13:47.739 [AUDIT] actor= resource= action= result= corr= tenant= - Database operation successful: admin-list-entities {:entity orders, :limit nil, :offset nil, :duration-ms 1.134584}
2026-03-20 10:13:53.607 [AUDIT] actor= resource= action= result= corr= tenant= - Processing authentication request {:uri /web/admin/orders/4e9f13d4-ba12-4110-8648-1b82d7df63d9, :method :get, :has-session true, :has-bearer false, :cookies (session-token Idea-2e373df0), :session-token-value ymDLwZV0}
2026-03-20 10:13:53.607 [AUDIT] actor= resource= action= result= corr= tenant= - Attempting session authentication {:token-preview ymDLwZV0}
2026-03-20 10:13:53.607 [AUDIT] actor= resource= action= result= corr= tenant= - Validating session token {:session-token ymDLwZV0ecICKXkGsAksmDkSFHuUZ42QqC3OLyQyrVU=, :uri /web/admin/orders/4e9f13d4-ba12-4110-8648-1b82d7df63d9}
2026-03-20 10:13:53.609 [AUDIT] actor= resource= action= result= corr= tenant= - Database operation successful: find-session-by-token {:session-token ymDLwZV0ecICKXkGsAksmDkSFHuUZ42QqC3OLyQyrVU=, :duration-ms 1.770708}
2026-03-20 10:13:53.612 [AUDIT] actor= resource= action= result= corr= tenant= - Database operation successful: update-session {:session-entity {:expires-at #object[java.time.Instant 0x655ef2c7 2026-03-20T16:20:51.781320Z], :user-agent Mozilla/5.0 (Macintosh; Intel Mac OS X 10_15_7) AppleWebKit/605.1.15 (KHTML, like Gecko) Version/26.3.1 Safari/605.1.15, :session-token ymDLwZV0ecICKXkGsAksmDkSFHuUZ42QqC3OLyQyrVU=, :user-id #uuid "d5fa63dd-4d30-4f4f-9237-6df5ae005e6d", :last-accessed-at #object[java.time.Instant 0x2d5d69ac 2026-03-20T09:13:53.609935Z], :id #uuid "e12f2e6f-7726-41df-87b1-900fba57e3a7", :revoked-at nil, :created-at #object[java.time.Instant 0x6d6b571d 2026-03-20T08:20:52.054410Z], :ip-address [0:0:0:0:0:0:0:1]}, :duration-ms 1.921125}
2026-03-20 10:13:53.612 [AUDIT] actor= resource= action= result= corr= tenant= - Session validation successful {:user-id #uuid "d5fa63dd-4d30-4f4f-9237-6df5ae005e6d"}
2026-03-20 10:13:53.613 [AUDIT] actor= resource= action= result= corr= tenant= - Database operation successful: find-user-by-id {:user-id #uuid "d5fa63dd-4d30-4f4f-9237-6df5ae005e6d", :duration-ms 1.306208}
2026-03-20 10:13:53.615 [AUDIT] actor= resource= action= result= corr= tenant= - Database operation successful: admin-get-entity {:entity orders, :id #uuid "4e9f13d4-ba12-4110-8648-1b82d7df63d9", :duration-ms 0.974167}
2026-03-20 10:13:53.618 [AUDIT] actor= resource= action= result= corr= tenant= - Database operation successful: admin-list-related-entities {:parent-id 4e9f13d4-ba12-4110-8648-1b82d7df63d9, :entity order-items, :duration-ms 0.399709}
2026-03-20 10:13:56.691 [AUDIT] actor= resource= action= result= corr= tenant= - Processing authentication request {:uri /web/admin/order-items/11d3b951-f647-4c19-9633-02a3cc382711, :method :get, :has-session true, :has-bearer false, :cookies (session-token Idea-2e373df0), :session-token-value ymDLwZV0}
2026-03-20 10:13:56.691 [AUDIT] actor= resource= action= result= corr= tenant= - Attempting session authentication {:token-preview ymDLwZV0}
2026-03-20 10:13:56.691 [AUDIT] actor= resource= action= result= corr= tenant= - Validating session token {:session-token ymDLwZV0ecICKXkGsAksmDkSFHuUZ42QqC3OLyQyrVU=, :uri /web/admin/order-items/11d3b951-f647-4c19-9633-02a3cc382711}
2026-03-20 10:13:56.693 [AUDIT] actor= resource= action= result= corr= tenant= - Database operation successful: find-session-by-token {:session-token ymDLwZV0ecICKXkGsAksmDkSFHuUZ42QqC3OLyQyrVU=, :duration-ms 1.344709}
2026-03-20 10:13:56.694 [AUDIT] actor= resource= action= result= corr= tenant= - Database operation successful: update-session {:session-entity {:expires-at #object[java.time.Instant 0x42ef92f3 2026-03-20T16:20:51.781320Z], :user-agent Mozilla/5.0 (Macintosh; Intel Mac OS X 10_15_7) AppleWebKit/605.1.15 (KHTML, like Gecko) Version/26.3.1 Safari/605.1.15, :session-token ymDLwZV0ecICKXkGsAksmDkSFHuUZ42QqC3OLyQyrVU=, :user-id #uuid "d5fa63dd-4d30-4f4f-9237-6df5ae005e6d", :last-accessed-at #object[java.time.Instant 0x7cc00fd6 2026-03-20T09:13:56.693539Z], :id #uuid "e12f2e6f-7726-41df-87b1-900fba57e3a7", :revoked-at nil, :created-at #object[java.time.Instant 0x130f6a75 2026-03-20T08:20:52.054410Z], :ip-address [0:0:0:0:0:0:0:1]}, :duration-ms 0.638166}
2026-03-20 10:13:56.694 [AUDIT] actor= resource= action= result= corr= tenant= - Session validation successful {:user-id #uuid "d5fa63dd-4d30-4f4f-9237-6df5ae005e6d"}
2026-03-20 10:13:56.695 [AUDIT] actor= resource= action= result= corr= tenant= - Database operation successful: find-user-by-id {:user-id #uuid "d5fa63dd-4d30-4f4f-9237-6df5ae005e6d", :duration-ms 0.802583}
2026-03-20 10:13:56.697 [AUDIT] actor= resource= action= result= corr= tenant= - Database operation successful: admin-get-entity {:entity order-items, :id #uuid "11d3b951-f647-4c19-9633-02a3cc382711", :duration-ms 0.692666}
2026-03-20 10:13:56.698 [AUDIT] actor= resource= action= result= corr= tenant= - Database operation successful: admin-get-entity {:entity orders, :id 4e9f13d4-ba12-4110-8648-1b82d7df63d9, :duration-ms 0.473625}
2026-03-20 10:13:56.699 [AUDIT] actor= resource= action= result= corr= tenant= - Database operation successful: admin-list-related-entities {:parent-id 4e9f13d4-ba12-4110-8648-1b82d7df63d9, :entity order-items, :duration-ms 0.140667}
2026-03-20 10:14:00.015 [AUDIT] actor= resource= action= result= corr= tenant= - Processing authentication request {:uri /web/admin/orders/4e9f13d4-ba12-4110-8648-1b82d7df63d9, :method :get, :has-session true, :has-bearer false, :cookies (session-token Idea-2e373df0), :session-token-value ymDLwZV0}
2026-03-20 10:14:00.015 [AUDIT] actor= resource= action= result= corr= tenant= - Attempting session authentication {:token-preview ymDLwZV0}
2026-03-20 10:14:00.015 [AUDIT] actor= resource= action= result= corr= tenant= - Validating session token {:session-token ymDLwZV0ecICKXkGsAksmDkSFHuUZ42QqC3OLyQyrVU=, :uri /web/admin/orders/4e9f13d4-ba12-4110-8648-1b82d7df63d9}
2026-03-20 10:14:00.017 [AUDIT] actor= resource= action= result= corr= tenant= - Database operation successful: find-session-by-token {:session-token ymDLwZV0ecICKXkGsAksmDkSFHuUZ42QqC3OLyQyrVU=, :duration-ms 1.471584}
2026-03-20 10:14:00.018 [AUDIT] actor= resource= action= result= corr= tenant= - Database operation successful: update-session {:session-entity {:expires-at #object[java.time.Instant 0x3d7e3e1b 2026-03-20T16:20:51.781320Z], :user-agent Mozilla/5.0 (Macintosh; Intel Mac OS X 10_15_7) AppleWebKit/605.1.15 (KHTML, like Gecko) Version/26.3.1 Safari/605.1.15, :session-token ymDLwZV0ecICKXkGsAksmDkSFHuUZ42QqC3OLyQyrVU=, :user-id #uuid "d5fa63dd-4d30-4f4f-9237-6df5ae005e6d", :last-accessed-at #object[java.time.Instant 0x2f243bb9 2026-03-20T09:14:00.017709Z], :id #uuid "e12f2e6f-7726-41df-87b1-900fba57e3a7", :revoked-at nil, :created-at #object[java.time.Instant 0x69f237f8 2026-03-20T08:20:52.054410Z], :ip-address [0:0:0:0:0:0:0:1]}, :duration-ms 0.5185}
2026-03-20 10:14:00.018 [AUDIT] actor= resource= action= result= corr= tenant= - Session validation successful {:user-id #uuid "d5fa63dd-4d30-4f4f-9237-6df5ae005e6d"}
2026-03-20 10:14:00.020 [AUDIT] actor= resource= action= result= corr= tenant= - Database operation successful: find-user-by-id {:user-id #uuid "d5fa63dd-4d30-4f4f-9237-6df5ae005e6d", :duration-ms 0.939084}
2026-03-20 10:14:00.021 [AUDIT] actor= resource= action= result= corr= tenant= - Database operation successful: admin-get-entity {:entity orders, :id #uuid "4e9f13d4-ba12-4110-8648-1b82d7df63d9", :duration-ms 0.659416}
2026-03-20 10:14:00.023 [AUDIT] actor= resource= action= result= corr= tenant= - Database operation successful: admin-list-related-entities {:parent-id 4e9f13d4-ba12-4110-8648-1b82d7df63d9, :entity order-items, :duration-ms 0.262833}
2026-03-20 10:14:04.379 [AUDIT] actor= resource= action= result= corr= tenant= - Processing authentication request {:uri /web/admin/orders, :method :get, :has-session true, :has-bearer false, :cookies (session-token Idea-2e373df0), :session-token-value ymDLwZV0}
2026-03-20 10:14:04.380 [AUDIT] actor= resource= action= result= corr= tenant= - Attempting session authentication {:token-preview ymDLwZV0}
2026-03-20 10:14:04.380 [AUDIT] actor= resource= action= result= corr= tenant= - Validating session token {:session-token ymDLwZV0ecICKXkGsAksmDkSFHuUZ42QqC3OLyQyrVU=, :uri /web/admin/orders}
2026-03-20 10:14:04.383 [AUDIT] actor= resource= action= result= corr= tenant= - Database operation successful: find-session-by-token {:session-token ymDLwZV0ecICKXkGsAksmDkSFHuUZ42QqC3OLyQyrVU=, :duration-ms 2.493041}
2026-03-20 10:14:04.384 [AUDIT] actor= resource= action= result= corr= tenant= - Database operation successful: update-session {:session-entity {:expires-at #object[java.time.Instant 0x4e93ba5e 2026-03-20T16:20:51.781320Z], :user-agent Mozilla/5.0 (Macintosh; Intel Mac OS X 10_15_7) AppleWebKit/605.1.15 (KHTML, like Gecko) Version/26.3.1 Safari/605.1.15, :session-token ymDLwZV0ecICKXkGsAksmDkSFHuUZ42QqC3OLyQyrVU=, :user-id #uuid "d5fa63dd-4d30-4f4f-9237-6df5ae005e6d", :last-accessed-at #object[java.time.Instant 0x3251b2e5 2026-03-20T09:14:04.383189Z], :id #uuid "e12f2e6f-7726-41df-87b1-900fba57e3a7", :revoked-at nil, :created-at #object[java.time.Instant 0x5ae52a18 2026-03-20T08:20:52.054410Z], :ip-address [0:0:0:0:0:0:0:1]}, :duration-ms 1.013625}
2026-03-20 10:14:04.384 [AUDIT] actor= resource= action= result= corr= tenant= - Session validation successful {:user-id #uuid "d5fa63dd-4d30-4f4f-9237-6df5ae005e6d"}
2026-03-20 10:14:04.385 [AUDIT] actor= resource= action= result= corr= tenant= - Database operation successful: find-user-by-id {:user-id #uuid "d5fa63dd-4d30-4f4f-9237-6df5ae005e6d", :duration-ms 0.773333}
2026-03-20 10:14:04.387 [AUDIT] actor= resource= action= result= corr= tenant= - Database operation successful: admin-list-entities {:entity orders, :limit nil, :offset nil, :duration-ms 0.763583}
2026-03-20 10:14:09.491 [AUDIT] actor= resource= action= result= corr= tenant= - Processing authentication request {:uri /web/admin/users, :method :get, :has-session true, :has-bearer false, :cookies (session-token Idea-2e373df0), :session-token-value ymDLwZV0}
2026-03-20 10:14:09.491 [AUDIT] actor= resource= action= result= corr= tenant= - Attempting session authentication {:token-preview ymDLwZV0}
2026-03-20 10:14:09.491 [AUDIT] actor= resource= action= result= corr= tenant= - Validating session token {:session-token ymDLwZV0ecICKXkGsAksmDkSFHuUZ42QqC3OLyQyrVU=, :uri /web/admin/users}
2026-03-20 10:14:09.494 [AUDIT] actor= resource= action= result= corr= tenant= - Database operation successful: find-session-by-token {:session-token ymDLwZV0ecICKXkGsAksmDkSFHuUZ42QqC3OLyQyrVU=, :duration-ms 1.924208}
2026-03-20 10:14:09.495 [AUDIT] actor= resource= action= result= corr= tenant= - Database operation successful: update-session {:session-entity {:expires-at #object[java.time.Instant 0x5e165664 2026-03-20T16:20:51.781320Z], :user-agent Mozilla/5.0 (Macintosh; Intel Mac OS X 10_15_7) AppleWebKit/605.1.15 (KHTML, like Gecko) Version/26.3.1 Safari/605.1.15, :session-token ymDLwZV0ecICKXkGsAksmDkSFHuUZ42QqC3OLyQyrVU=, :user-id #uuid "d5fa63dd-4d30-4f4f-9237-6df5ae005e6d", :last-accessed-at #object[java.time.Instant 0x1254355b 2026-03-20T09:14:09.494188Z], :id #uuid "e12f2e6f-7726-41df-87b1-900fba57e3a7", :revoked-at nil, :created-at #object[java.time.Instant 0x1c232d5b 2026-03-20T08:20:52.054410Z], :ip-address [0:0:0:0:0:0:0:1]}, :duration-ms 1.057125}
2026-03-20 10:14:09.495 [AUDIT] actor= resource= action= result= corr= tenant= - Session validation successful {:user-id #uuid "d5fa63dd-4d30-4f4f-9237-6df5ae005e6d"}
2026-03-20 10:14:09.496 [AUDIT] actor= resource= action= result= corr= tenant= - Database operation successful: find-user-by-id {:user-id #uuid "d5fa63dd-4d30-4f4f-9237-6df5ae005e6d", :duration-ms 0.851875}
2026-03-20 10:14:09.498 [AUDIT] actor= resource= action= result= corr= tenant= - Database operation successful: admin-list-entities {:entity users, :limit nil, :offset nil, :duration-ms 1.259083}
2026-03-20 10:16:39.809 [AUDIT] actor= resource= action= result= corr= tenant= - Processing authentication request {:uri /web/admin/orders, :method :get, :has-session true, :has-bearer false, :cookies (session-token Idea-2e373df0), :session-token-value ymDLwZV0}
2026-03-20 10:16:39.809 [AUDIT] actor= resource= action= result= corr= tenant= - Attempting session authentication {:token-preview ymDLwZV0}
2026-03-20 10:16:39.810 [AUDIT] actor= resource= action= result= corr= tenant= - Validating session token {:session-token ymDLwZV0ecICKXkGsAksmDkSFHuUZ42QqC3OLyQyrVU=, :uri /web/admin/orders}
2026-03-20 10:16:39.813 [AUDIT] actor= resource= action= result= corr= tenant= - Database operation successful: find-session-by-token {:session-token ymDLwZV0ecICKXkGsAksmDkSFHuUZ42QqC3OLyQyrVU=, :duration-ms 3.015667}
2026-03-20 10:16:39.814 [AUDIT] actor= resource= action= result= corr= tenant= - Database operation successful: update-session {:session-entity {:expires-at #object[java.time.Instant 0x3bf9f369 2026-03-20T16:20:51.781320Z], :user-agent Mozilla/5.0 (Macintosh; Intel Mac OS X 10_15_7) AppleWebKit/605.1.15 (KHTML, like Gecko) Version/26.3.1 Safari/605.1.15, :session-token ymDLwZV0ecICKXkGsAksmDkSFHuUZ42QqC3OLyQyrVU=, :user-id #uuid "d5fa63dd-4d30-4f4f-9237-6df5ae005e6d", :last-accessed-at #object[java.time.Instant 0x57ea9eee 2026-03-20T09:16:39.813462Z], :id #uuid "e12f2e6f-7726-41df-87b1-900fba57e3a7", :revoked-at nil, :created-at #object[java.time.Instant 0x70580f95 2026-03-20T08:20:52.054410Z], :ip-address [0:0:0:0:0:0:0:1]}, :duration-ms 1.007458}
2026-03-20 10:16:39.814 [AUDIT] actor= resource= action= result= corr= tenant= - Session validation successful {:user-id #uuid "d5fa63dd-4d30-4f4f-9237-6df5ae005e6d"}
2026-03-20 10:16:39.816 [AUDIT] actor= resource= action= result= corr= tenant= - Database operation successful: find-user-by-id {:user-id #uuid "d5fa63dd-4d30-4f4f-9237-6df5ae005e6d", :duration-ms 0.88675}
2026-03-20 10:16:39.818 [AUDIT] actor= resource= action= result= corr= tenant= - Database operation successful: admin-list-entities {:entity orders, :limit nil, :offset nil, :duration-ms 1.1015}
2026-03-20 10:19:48.702 [AUDIT] actor= resource= action= result= corr= tenant= - Processing authentication request {:uri /web/admin/products, :method :get, :has-session true, :has-bearer false, :cookies (session-token Idea-2e373df0), :session-token-value ymDLwZV0}
2026-03-20 10:19:48.703 [AUDIT] actor= resource= action= result= corr= tenant= - Attempting session authentication {:token-preview ymDLwZV0}
2026-03-20 10:19:48.703 [AUDIT] actor= resource= action= result= corr= tenant= - Validating session token {:session-token ymDLwZV0ecICKXkGsAksmDkSFHuUZ42QqC3OLyQyrVU=, :uri /web/admin/products}
2026-03-20 10:19:48.705 [AUDIT] actor= resource= action= result= corr= tenant= - Database operation successful: find-session-by-token {:session-token ymDLwZV0ecICKXkGsAksmDkSFHuUZ42QqC3OLyQyrVU=, :duration-ms 1.794}
2026-03-20 10:19:48.707 [AUDIT] actor= resource= action= result= corr= tenant= - Database operation successful: update-session {:session-entity {:expires-at #object[java.time.Instant 0x8df5b50 2026-03-20T16:20:51.781320Z], :user-agent Mozilla/5.0 (Macintosh; Intel Mac OS X 10_15_7) AppleWebKit/605.1.15 (KHTML, like Gecko) Version/26.3.1 Safari/605.1.15, :session-token ymDLwZV0ecICKXkGsAksmDkSFHuUZ42QqC3OLyQyrVU=, :user-id #uuid "d5fa63dd-4d30-4f4f-9237-6df5ae005e6d", :last-accessed-at #object[java.time.Instant 0x3b1249fd 2026-03-20T09:19:48.705835Z], :id #uuid "e12f2e6f-7726-41df-87b1-900fba57e3a7", :revoked-at nil, :created-at #object[java.time.Instant 0x3e5ef231 2026-03-20T08:20:52.054410Z], :ip-address [0:0:0:0:0:0:0:1]}, :duration-ms 1.094584}
2026-03-20 10:19:48.707 [AUDIT] actor= resource= action= result= corr= tenant= - Session validation successful {:user-id #uuid "d5fa63dd-4d30-4f4f-9237-6df5ae005e6d"}
2026-03-20 10:19:48.708 [AUDIT] actor= resource= action= result= corr= tenant= - Database operation successful: find-user-by-id {:user-id #uuid "d5fa63dd-4d30-4f4f-9237-6df5ae005e6d", :duration-ms 0.85175}
2026-03-20 10:19:48.709 [AUDIT] actor= resource= action= result= corr= tenant= - Database operation successful: admin-list-entities {:entity products, :limit nil, :offset nil, :duration-ms 0.630125}
2026-03-20 10:19:50.560 [AUDIT] actor= resource= action= result= corr= tenant= - Processing authentication request {:uri /web/admin/orders, :method :get, :has-session true, :has-bearer false, :cookies (session-token Idea-2e373df0), :session-token-value ymDLwZV0}
2026-03-20 10:19:50.560 [AUDIT] actor= resource= action= result= corr= tenant= - Attempting session authentication {:token-preview ymDLwZV0}
2026-03-20 10:19:50.560 [AUDIT] actor= resource= action= result= corr= tenant= - Validating session token {:session-token ymDLwZV0ecICKXkGsAksmDkSFHuUZ42QqC3OLyQyrVU=, :uri /web/admin/orders}
2026-03-20 10:19:50.562 [AUDIT] actor= resource= action= result= corr= tenant= - Database operation successful: find-session-by-token {:session-token ymDLwZV0ecICKXkGsAksmDkSFHuUZ42QqC3OLyQyrVU=, :duration-ms 1.075}
2026-03-20 10:19:50.562 [AUDIT] actor= resource= action= result= corr= tenant= - Database operation successful: update-session {:session-entity {:expires-at #object[java.time.Instant 0x6e3ed13e 2026-03-20T16:20:51.781320Z], :user-agent Mozilla/5.0 (Macintosh; Intel Mac OS X 10_15_7) AppleWebKit/605.1.15 (KHTML, like Gecko) Version/26.3.1 Safari/605.1.15, :session-token ymDLwZV0ecICKXkGsAksmDkSFHuUZ42QqC3OLyQyrVU=, :user-id #uuid "d5fa63dd-4d30-4f4f-9237-6df5ae005e6d", :last-accessed-at #object[java.time.Instant 0x1cc90272 2026-03-20T09:19:50.562261Z], :id #uuid "e12f2e6f-7726-41df-87b1-900fba57e3a7", :revoked-at nil, :created-at #object[java.time.Instant 0x353dedb7 2026-03-20T08:20:52.054410Z], :ip-address [0:0:0:0:0:0:0:1]}, :duration-ms 0.488917}
2026-03-20 10:19:50.563 [AUDIT] actor= resource= action= result= corr= tenant= - Session validation successful {:user-id #uuid "d5fa63dd-4d30-4f4f-9237-6df5ae005e6d"}
2026-03-20 10:19:50.563 [AUDIT] actor= resource= action= result= corr= tenant= - Database operation successful: find-user-by-id {:user-id #uuid "d5fa63dd-4d30-4f4f-9237-6df5ae005e6d", :duration-ms 0.464791}
2026-03-20 10:19:50.564 [AUDIT] actor= resource= action= result= corr= tenant= - Database operation successful: admin-list-entities {:entity orders, :limit nil, :offset nil, :duration-ms 0.506166}
2026-03-20 10:20:06.680 [AUDIT] actor= resource= action= result= corr= tenant= - Processing authentication request {:uri /web/dashboard, :method :get, :has-session true, :has-bearer false, :cookies (session-token Idea-2e373df0), :session-token-value ymDLwZV0}
2026-03-20 10:20:06.680 [AUDIT] actor= resource= action= result= corr= tenant= - Attempting session authentication {:token-preview ymDLwZV0}
2026-03-20 10:20:06.680 [AUDIT] actor= resource= action= result= corr= tenant= - Validating session token {:session-token ymDLwZV0ecICKXkGsAksmDkSFHuUZ42QqC3OLyQyrVU=, :uri /web/dashboard}
2026-03-20 10:20:06.682 [AUDIT] actor= resource= action= result= corr= tenant= - Database operation successful: find-session-by-token {:session-token ymDLwZV0ecICKXkGsAksmDkSFHuUZ42QqC3OLyQyrVU=, :duration-ms 1.5865}
2026-03-20 10:20:06.683 [AUDIT] actor= resource= action= result= corr= tenant= - Database operation successful: update-session {:session-entity {:expires-at #object[java.time.Instant 0x45b6f57 2026-03-20T16:20:51.781320Z], :user-agent Mozilla/5.0 (Macintosh; Intel Mac OS X 10_15_7) AppleWebKit/605.1.15 (KHTML, like Gecko) Version/26.3.1 Safari/605.1.15, :session-token ymDLwZV0ecICKXkGsAksmDkSFHuUZ42QqC3OLyQyrVU=, :user-id #uuid "d5fa63dd-4d30-4f4f-9237-6df5ae005e6d", :last-accessed-at #object[java.time.Instant 0x57c974c8 2026-03-20T09:20:06.682918Z], :id #uuid "e12f2e6f-7726-41df-87b1-900fba57e3a7", :revoked-at nil, :created-at #object[java.time.Instant 0x68b0224e 2026-03-20T08:20:52.054410Z], :ip-address [0:0:0:0:0:0:0:1]}, :duration-ms 0.761709}
2026-03-20 10:20:06.684 [AUDIT] actor= resource= action= result= corr= tenant= - Session validation successful {:user-id #uuid "d5fa63dd-4d30-4f4f-9237-6df5ae005e6d"}
2026-03-20 10:20:06.685 [AUDIT] actor= resource= action= result= corr= tenant= - Database operation successful: find-user-by-id {:user-id #uuid "d5fa63dd-4d30-4f4f-9237-6df5ae005e6d", :duration-ms 0.992458}
2026-03-20 10:20:06.687 [AUDIT] actor= resource= action= result= corr= tenant= - Database operation successful: find-sessions-by-user {:user-id #uuid "d5fa63dd-4d30-4f4f-9237-6df5ae005e6d", :duration-ms 0.843833}
2026-03-20 10:20:06.689 [AUDIT] actor= resource= action= result= corr= tenant= - Database operation successful: find-user-by-id {:user-id #uuid "d5fa63dd-4d30-4f4f-9237-6df5ae005e6d", :duration-ms 0.786875}
2026-03-20 10:20:09.976 [AUDIT] actor= resource= action= result= corr= tenant= - Processing authentication request {:uri /web/users/d5fa63dd-4d30-4f4f-9237-6df5ae005e6d/sessions, :method :get, :has-session true, :has-bearer false, :cookies (session-token Idea-2e373df0), :session-token-value ymDLwZV0}
2026-03-20 10:20:09.976 [AUDIT] actor= resource= action= result= corr= tenant= - Attempting session authentication {:token-preview ymDLwZV0}
2026-03-20 10:20:09.976 [AUDIT] actor= resource= action= result= corr= tenant= - Validating session token {:session-token ymDLwZV0ecICKXkGsAksmDkSFHuUZ42QqC3OLyQyrVU=, :uri /web/users/d5fa63dd-4d30-4f4f-9237-6df5ae005e6d/sessions}
2026-03-20 10:20:09.978 [AUDIT] actor= resource= action= result= corr= tenant= - Database operation successful: find-session-by-token {:session-token ymDLwZV0ecICKXkGsAksmDkSFHuUZ42QqC3OLyQyrVU=, :duration-ms 1.843541}
2026-03-20 10:20:09.979 [AUDIT] actor= resource= action= result= corr= tenant= - Database operation successful: update-session {:session-entity {:expires-at #object[java.time.Instant 0x7c3b5e5b 2026-03-20T16:20:51.781320Z], :user-agent Mozilla/5.0 (Macintosh; Intel Mac OS X 10_15_7) AppleWebKit/605.1.15 (KHTML, like Gecko) Version/26.3.1 Safari/605.1.15, :session-token ymDLwZV0ecICKXkGsAksmDkSFHuUZ42QqC3OLyQyrVU=, :user-id #uuid "d5fa63dd-4d30-4f4f-9237-6df5ae005e6d", :last-accessed-at #object[java.time.Instant 0x6414d7c3 2026-03-20T09:20:09.978740Z], :id #uuid "e12f2e6f-7726-41df-87b1-900fba57e3a7", :revoked-at nil, :created-at #object[java.time.Instant 0x301a93a1 2026-03-20T08:20:52.054410Z], :ip-address [0:0:0:0:0:0:0:1]}, :duration-ms 0.910667}
2026-03-20 10:20:09.980 [AUDIT] actor= resource= action= result= corr= tenant= - Session validation successful {:user-id #uuid "d5fa63dd-4d30-4f4f-9237-6df5ae005e6d"}
2026-03-20 10:20:09.981 [AUDIT] actor= resource= action= result= corr= tenant= - Database operation successful: find-user-by-id {:user-id #uuid "d5fa63dd-4d30-4f4f-9237-6df5ae005e6d", :duration-ms 0.909875}
2026-03-20 10:20:09.981 [AUDIT] actor= resource= action= result= corr= tenant= - Sessions page handler - user-id: d5fa63dd-4d30-4f4f-9237-6df5ae005e6d path-params: {:id d5fa63dd-4d30-4f4f-9237-6df5ae005e6d} uri: /web/users/d5fa63dd-4d30-4f4f-9237-6df5ae005e6d/sessions
2026-03-20 10:20:09.982 [AUDIT] actor= resource= action= result= corr= tenant= - Database operation successful: find-user-by-id {:user-id #uuid "d5fa63dd-4d30-4f4f-9237-6df5ae005e6d", :duration-ms 0.754375}
2026-03-20 10:20:09.983 [AUDIT] actor= resource= action= result= corr= tenant= - Database operation successful: find-sessions-by-user {:user-id #uuid "d5fa63dd-4d30-4f4f-9237-6df5ae005e6d", :duration-ms 0.374292}
2026-03-20 10:20:09.983 [AUDIT] actor= resource= action= result= corr= tenant= - Sessions retrieved: {:count 3, :first-session {:expires-at #object[java.time.Instant 0x6a908040 2026-03-20T16:20:51.781320Z], :user-agent Mozilla/5.0 (Macintosh; Intel Mac OS X 10_15_7) AppleWebKit/605.1.15 (KHTML, like Gecko) Version/26.3.1 Safari/605.1.15, :session-token ymDLwZV0ecICKXkGsAksmDkSFHuUZ42QqC3OLyQyrVU=, :user-id #uuid "d5fa63dd-4d30-4f4f-9237-6df5ae005e6d", :last-accessed-at #object[java.time.Instant 0x4c7fc2cf 2026-03-20T09:20:09.978740Z], :id #uuid "e12f2e6f-7726-41df-87b1-900fba57e3a7", :revoked-at nil, :created-at #object[java.time.Instant 0xe17ae4c 2026-03-20T08:20:52.054410Z], :ip-address [0:0:0:0:0:0:0:1]}, :session-keys (:expires-at :user-agent :session-token :user-id :last-accessed-at :id :revoked-at :created-at :ip-address)}
2026-03-20 10:20:18.666 [AUDIT] actor= resource= action= result= corr= tenant= - Processing authentication request {:uri /web/admin/, :method :get, :has-session true, :has-bearer false, :cookies (session-token Idea-2e373df0), :session-token-value ymDLwZV0}
2026-03-20 10:20:18.669 [AUDIT] actor= resource= action= result= corr= tenant= - Attempting session authentication {:token-preview ymDLwZV0}
2026-03-20 10:20:18.669 [AUDIT] actor= resource= action= result= corr= tenant= - Validating session token {:session-token ymDLwZV0ecICKXkGsAksmDkSFHuUZ42QqC3OLyQyrVU=, :uri /web/admin/}
2026-03-20 10:20:18.670 [AUDIT] actor= resource= action= result= corr= tenant= - Database operation successful: find-session-by-token {:session-token ymDLwZV0ecICKXkGsAksmDkSFHuUZ42QqC3OLyQyrVU=, :duration-ms 1.097291}
2026-03-20 10:20:18.671 [AUDIT] actor= resource= action= result= corr= tenant= - Database operation successful: update-session {:session-entity {:expires-at #object[java.time.Instant 0x31303d3a 2026-03-20T16:20:51.781320Z], :user-agent Mozilla/5.0 (Macintosh; Intel Mac OS X 10_15_7) AppleWebKit/605.1.15 (KHTML, like Gecko) Version/26.3.1 Safari/605.1.15, :session-token ymDLwZV0ecICKXkGsAksmDkSFHuUZ42QqC3OLyQyrVU=, :user-id #uuid "d5fa63dd-4d30-4f4f-9237-6df5ae005e6d", :last-accessed-at #object[java.time.Instant 0x196bf886 2026-03-20T09:20:18.670454Z], :id #uuid "e12f2e6f-7726-41df-87b1-900fba57e3a7", :revoked-at nil, :created-at #object[java.time.Instant 0x1949fcca 2026-03-20T08:20:52.054410Z], :ip-address [0:0:0:0:0:0:0:1]}, :duration-ms 0.565375}
2026-03-20 10:20:18.671 [AUDIT] actor= resource= action= result= corr= tenant= - Session validation successful {:user-id #uuid "d5fa63dd-4d30-4f4f-9237-6df5ae005e6d"}
2026-03-20 10:20:18.671 [AUDIT] actor= resource= action= result= corr= tenant= - Database operation successful: find-user-by-id {:user-id #uuid "d5fa63dd-4d30-4f4f-9237-6df5ae005e6d", :duration-ms 0.469583}
2026-03-20 10:20:18.671 [AUDIT] actor= resource= action= result= corr= tenant= - After require-admin-user! {:user-email ff@ex.nl}
2026-03-20 10:20:18.672 [AUDIT] actor= resource= action= result= corr= tenant= - Redirecting to first entity {:entity :orders}
2026-03-20 10:20:18.677 [AUDIT] actor= resource= action= result= corr= tenant= - Processing authentication request {:uri /web/admin/orders, :method :get, :has-session true, :has-bearer false, :cookies (session-token Idea-2e373df0), :session-token-value ymDLwZV0}
2026-03-20 10:20:18.677 [AUDIT] actor= resource= action= result= corr= tenant= - Attempting session authentication {:token-preview ymDLwZV0}
2026-03-20 10:20:18.677 [AUDIT] actor= resource= action= result= corr= tenant= - Validating session token {:session-token ymDLwZV0ecICKXkGsAksmDkSFHuUZ42QqC3OLyQyrVU=, :uri /web/admin/orders}
2026-03-20 10:20:18.678 [AUDIT] actor= resource= action= result= corr= tenant= - Database operation successful: find-session-by-token {:session-token ymDLwZV0ecICKXkGsAksmDkSFHuUZ42QqC3OLyQyrVU=, :duration-ms 0.570917}
2026-03-20 10:20:18.679 [AUDIT] actor= resource= action= result= corr= tenant= - Database operation successful: update-session {:session-entity {:expires-at #object[java.time.Instant 0x505c286 2026-03-20T16:20:51.781320Z], :user-agent Mozilla/5.0 (Macintosh; Intel Mac OS X 10_15_7) AppleWebKit/605.1.15 (KHTML, like Gecko) Version/26.3.1 Safari/605.1.15, :session-token ymDLwZV0ecICKXkGsAksmDkSFHuUZ42QqC3OLyQyrVU=, :user-id #uuid "d5fa63dd-4d30-4f4f-9237-6df5ae005e6d", :last-accessed-at #object[java.time.Instant 0x4aa33891 2026-03-20T09:20:18.678411Z], :id #uuid "e12f2e6f-7726-41df-87b1-900fba57e3a7", :revoked-at nil, :created-at #object[java.time.Instant 0xb0b3413 2026-03-20T08:20:52.054410Z], :ip-address [0:0:0:0:0:0:0:1]}, :duration-ms 0.558792}
2026-03-20 10:20:18.679 [AUDIT] actor= resource= action= result= corr= tenant= - Session validation successful {:user-id #uuid "d5fa63dd-4d30-4f4f-9237-6df5ae005e6d"}
2026-03-20 10:20:18.679 [AUDIT] actor= resource= action= result= corr= tenant= - Database operation successful: find-user-by-id {:user-id #uuid "d5fa63dd-4d30-4f4f-9237-6df5ae005e6d", :duration-ms 0.475208}
2026-03-20 10:20:18.680 [AUDIT] actor= resource= action= result= corr= tenant= - Database operation successful: admin-list-entities {:entity orders, :limit nil, :offset nil, :duration-ms 0.578958}
2026-03-20 10:23:08.608 [AUDIT] actor= resource= action= result= corr= tenant= - User module routes halted (no cleanup needed)
2026-03-20 10:23:08.608 [AUDIT] actor= resource= action= result= corr= tenant= - User module database schema component halted
2026-03-20 10:23:08.608 [AUDIT] actor= resource= action= result= corr= tenant= - User service halted (no cleanup needed)
2026-03-20 10:23:08.608 [AUDIT] actor= resource= action= result= corr= tenant= - Authentication service halted (no cleanup needed)
2026-03-20 10:23:08.608 [AUDIT] actor= resource= action= result= corr= tenant= - Session repository halted (no cleanup needed)
2026-03-20 10:23:08.608 [AUDIT] actor= resource= action= result= corr= tenant= - MFA service halted (no cleanup needed)
2026-03-20 10:23:08.609 [AUDIT] actor= resource= action= result= corr= tenant= - User repository halted (no cleanup needed)
2026-03-20 10:23:08.609 [AUDIT] actor= resource= action= result= corr= tenant= - Audit repository halted (no cleanup needed)
2026-03-20 10:23:08.609 [AUDIT] actor= resource= action= result= corr= tenant= - Closing database context {:adapter nil}
2026-03-20 10:23:08.609 [AUDIT] actor= resource= action= result= corr= tenant= - Closing database connection pool {:pool-name default-Pool}
2026-03-20 10:23:08.611 [AUDIT] actor= resource= action= result= corr= tenant= - Database connection pool closed {:pool-name default-Pool}
2026-03-20 10:23:13.707 [AUDIT] actor= resource= action= result= corr= tenant= - Creating database connection pool {:adapter nil, :pool-size 5, :pool-name default-Pool}
2026-03-20 10:23:14.001 [AUDIT] actor= resource= action= result= corr= tenant= - SQLite PRAGMA initialization completed {:successful-pragmas 7, :failed-pragmas 0, :total-pragmas 7}
2026-03-20 10:23:14.002 [AUDIT] actor= resource= action= result= corr= tenant= - Database connection pool created successfully {:adapter nil, :pool-name default-Pool}
2026-03-20 10:23:14.002 [AUDIT] actor= resource= action= result= corr= tenant= - Created database context {:adapter nil}
2026-03-20 10:23:14.004 [AUDIT] actor= resource= action= result= corr= tenant= - Initializing audit repository
2026-03-20 10:23:14.004 [AUDIT] actor= resource= action= result= corr= tenant= - Audit repository initialized
2026-03-20 10:23:14.004 [AUDIT] actor= resource= action= result= corr= tenant= - Initializing user repository
2026-03-20 10:23:14.008 [AUDIT] actor= resource= action= result= corr= tenant= - User repository initialized
2026-03-20 10:23:14.008 [AUDIT] actor= resource= action= result= corr= tenant= - Initializing MFA service
2026-03-20 10:23:14.008 [AUDIT] actor= resource= action= result= corr= tenant= - MFA service initialized
2026-03-20 10:23:14.009 [AUDIT] actor= resource= action= result= corr= tenant= - Initializing session repository
2026-03-20 10:23:14.009 [AUDIT] actor= resource= action= result= corr= tenant= - Session repository initialized
2026-03-20 10:23:14.009 [AUDIT] actor= resource= action= result= corr= tenant= - Initializing authentication service
2026-03-20 10:23:14.009 [AUDIT] actor= resource= action= result= corr= tenant= - Authentication service initialized
2026-03-20 10:23:14.010 [AUDIT] actor= resource= action= result= corr= tenant= - Initializing user service {:cache-enabled? false}
2026-03-20 10:23:14.010 [AUDIT] actor= resource= action= result= corr= tenant= - User service initialized
2026-03-20 10:23:14.012 [AUDIT] actor= resource= action= result= corr= tenant= - Initializing user module database schema
2026-03-20 10:23:14.012 [AUDIT] actor= resource= action= result= corr= tenant= - Initializing user schema from Malli definitions (split-table architecture)
2026-03-20 10:23:14.014 [AUDIT] actor= resource= action= result= corr= tenant= - Initializing database schema from Malli definitions {:dialect nil, :tables (auth_users users user_sessions user_audit_log)}
2026-03-20 10:23:14.014 [AUDIT] actor= resource= action= result= corr= tenant= - DDL statement executed successfully {:adapter nil, :statement-preview CREATE TABLE IF NOT EXISTS auth_users (
  id UUID NOT NULL PRIMARY KEY,
  email VARCHAR(255) NOT NULL,
  password_hash VARCHAR(255) NOT NULL,
  active BOOLEAN NOT NULL DEFAULT true,
  mfa_enabled BOOLEAN,
  mfa_secret VARCHAR(255),
  mfa_backup_codes VARCHAR(255),
  mfa_backup_codes_used VARCHAR(255),
  mfa_enabled_at VARCHAR(255),
  failed_login_count INTEGER,
  lockout_until VARCHAR(255),
  created_at VARCHAR(255) NOT NULL,
  updated_at VARCHAR(255),
  deleted_at VARCHAR(255),
  CONSTRAINT uk_auth_users_email UNIQUE(email)
);}
2026-03-20 10:23:14.015 [AUDIT] actor= resource= action= result= corr= tenant= - DDL statement executed successfully {:adapter nil, :statement-preview CREATE TABLE IF NOT EXISTS users (
  id UUID NOT NULL PRIMARY KEY,
  tenant_id UUID,
  name VARCHAR(255) NOT NULL,
  role VARCHAR(50) NOT NULL CHECK(role IN ('admin', 'user', 'viewer')),
  avatar_url VARCHAR(255),
  login_count INTEGER,
  last_login VARCHAR(255),
  notifications_email BOOLEAN,
  notifications_push BOOLEAN,
  notifications_sms BOOLEAN,
  theme VARCHAR(50) CHECK(theme IN ('light', 'dark', 'auto')),
  language VARCHAR(255),
  timezone VARCHAR(255),
  date_format VARCHAR(50) CHECK(date_format IN ('iso', 'us', 'eu')),
  time_format VARCHAR(50) CHECK(time_format IN ('12h', '24h')),
  created_at VARCHAR(255) NOT NULL,
  updated_at VARCHAR(255),
  deleted_at VARCHAR(255)
);}
2026-03-20 10:23:14.015 [AUDIT] actor= resource= action= result= corr= tenant= - DDL statement executed successfully {:adapter nil, :statement-preview CREATE TABLE IF NOT EXISTS user_sessions (
  id UUID NOT NULL PRIMARY KEY,
  user_id UUID NOT NULL,
  session_token VARCHAR(255) NOT NULL,
  expires_at VARCHAR(255) NOT NULL,
  created_at VARCHAR(255) NOT NULL,
  last_accessed_at VARCHAR(255),
  revoked_at VARCHAR(255),
  user_agent VARCHAR(255),
  ip_address VARCHAR(255),
  CONSTRAINT uk_user_sessions_token UNIQUE(session_token)
);}
2026-03-20 10:23:14.015 [AUDIT] actor= resource= action= result= corr= tenant= - DDL statement executed successfully {:adapter nil, :statement-preview CREATE TABLE IF NOT EXISTS user_audit_log (
  id UUID NOT NULL PRIMARY KEY,
  action VARCHAR(50) NOT NULL CHECK(action IN ('create', 'update', 'delete', 'activate', 'deactivate', 'role-change', 'bulk-action', 'login', 'logout')),
  actor_id UUID,
  actor_email VARCHAR(255),
  target_user_id UUID NOT NULL,
  target_user_email VARCHAR(255) NOT NULL,
  changes JSONB,
  metadata JSONB,
  ip_address VARCHAR(255),
  user_agent VARCHAR(255),
  result VARCHAR(50) NOT NULL CHECK(result IN ('success', 'failure')),
  error_message VARCHAR(255),
  created_at VARCHAR(255) NOT NULL
);}
2026-03-20 10:23:14.016 [AUDIT] actor= resource= action= result= corr= tenant= - DDL statement executed successfully {:adapter nil, :statement-preview CREATE INDEX IF NOT EXISTS idx_auth_users_mfa_enabled_at ON auth_users (mfa_enabled_at)}
2026-03-20 10:23:14.016 [AUDIT] actor= resource= action= result= corr= tenant= - DDL statement executed successfully {:adapter nil, :statement-preview CREATE INDEX IF NOT EXISTS idx_auth_users_created_at ON auth_users (created_at)}
2026-03-20 10:23:14.016 [AUDIT] actor= resource= action= result= corr= tenant= - DDL statement executed successfully {:adapter nil, :statement-preview CREATE INDEX IF NOT EXISTS idx_auth_users_updated_at ON auth_users (updated_at)}
2026-03-20 10:23:14.016 [AUDIT] actor= resource= action= result= corr= tenant= - DDL statement executed successfully {:adapter nil, :statement-preview CREATE INDEX IF NOT EXISTS idx_auth_users_deleted_at ON auth_users (deleted_at)}
2026-03-20 10:23:14.016 [AUDIT] actor= resource= action= result= corr= tenant= - DDL statement executed successfully {:adapter nil, :statement-preview CREATE INDEX IF NOT EXISTS idx_auth_users_email ON auth_users (email)}
2026-03-20 10:23:14.016 [AUDIT] actor= resource= action= result= corr= tenant= - DDL statement executed successfully {:adapter nil, :statement-preview CREATE INDEX IF NOT EXISTS idx_auth_users_active ON auth_users (active)}
2026-03-20 10:23:14.017 [AUDIT] actor= resource= action= result= corr= tenant= - DDL statement executed successfully {:adapter nil, :statement-preview CREATE INDEX IF NOT EXISTS idx_users_tenant_id ON users (tenant_id)}
2026-03-20 10:23:14.017 [AUDIT] actor= resource= action= result= corr= tenant= - DDL statement executed successfully {:adapter nil, :statement-preview CREATE INDEX IF NOT EXISTS idx_users_role ON users (role)}
2026-03-20 10:23:14.017 [AUDIT] actor= resource= action= result= corr= tenant= - DDL statement executed successfully {:adapter nil, :statement-preview CREATE INDEX IF NOT EXISTS idx_users_theme ON users (theme)}
2026-03-20 10:23:14.017 [AUDIT] actor= resource= action= result= corr= tenant= - DDL statement executed successfully {:adapter nil, :statement-preview CREATE INDEX IF NOT EXISTS idx_users_date_format ON users (date_format)}
2026-03-20 10:23:14.017 [AUDIT] actor= resource= action= result= corr= tenant= - DDL statement executed successfully {:adapter nil, :statement-preview CREATE INDEX IF NOT EXISTS idx_users_time_format ON users (time_format)}
2026-03-20 10:23:14.017 [AUDIT] actor= resource= action= result= corr= tenant= - DDL statement executed successfully {:adapter nil, :statement-preview CREATE INDEX IF NOT EXISTS idx_users_created_at ON users (created_at)}
2026-03-20 10:23:14.017 [AUDIT] actor= resource= action= result= corr= tenant= - DDL statement executed successfully {:adapter nil, :statement-preview CREATE INDEX IF NOT EXISTS idx_users_updated_at ON users (updated_at)}
2026-03-20 10:23:14.017 [AUDIT] actor= resource= action= result= corr= tenant= - DDL statement executed successfully {:adapter nil, :statement-preview CREATE INDEX IF NOT EXISTS idx_users_deleted_at ON users (deleted_at)}
2026-03-20 10:23:14.017 [AUDIT] actor= resource= action= result= corr= tenant= - DDL statement executed successfully {:adapter nil, :statement-preview CREATE INDEX IF NOT EXISTS idx_users_role ON users (role)}
2026-03-20 10:23:14.017 [AUDIT] actor= resource= action= result= corr= tenant= - DDL statement executed successfully {:adapter nil, :statement-preview CREATE INDEX IF NOT EXISTS idx_user_sessions_user_id ON user_sessions (user_id)}
2026-03-20 10:23:14.017 [AUDIT] actor= resource= action= result= corr= tenant= - DDL statement executed successfully {:adapter nil, :statement-preview CREATE INDEX IF NOT EXISTS idx_user_sessions_expires_at ON user_sessions (expires_at)}
2026-03-20 10:23:14.017 [AUDIT] actor= resource= action= result= corr= tenant= - DDL statement executed successfully {:adapter nil, :statement-preview CREATE INDEX IF NOT EXISTS idx_user_sessions_created_at ON user_sessions (created_at)}
2026-03-20 10:23:14.018 [AUDIT] actor= resource= action= result= corr= tenant= - DDL statement executed successfully {:adapter nil, :statement-preview CREATE INDEX IF NOT EXISTS idx_user_sessions_last_accessed_at ON user_sessions (last_accessed_at)}
2026-03-20 10:23:14.018 [AUDIT] actor= resource= action= result= corr= tenant= - DDL statement executed successfully {:adapter nil, :statement-preview CREATE INDEX IF NOT EXISTS idx_user_sessions_revoked_at ON user_sessions (revoked_at)}
2026-03-20 10:23:14.018 [AUDIT] actor= resource= action= result= corr= tenant= - DDL statement executed successfully {:adapter nil, :statement-preview CREATE INDEX IF NOT EXISTS idx_sessions_token ON user_sessions (session_token)}
2026-03-20 10:23:14.018 [AUDIT] actor= resource= action= result= corr= tenant= - DDL statement executed successfully {:adapter nil, :statement-preview CREATE INDEX IF NOT EXISTS idx_sessions_expires_at ON user_sessions (expires_at)}
2026-03-20 10:23:14.018 [AUDIT] actor= resource= action= result= corr= tenant= - DDL statement executed successfully {:adapter nil, :statement-preview CREATE INDEX IF NOT EXISTS idx_user_audit_log_actor_id ON user_audit_log (actor_id)}
2026-03-20 10:23:14.018 [AUDIT] actor= resource= action= result= corr= tenant= - DDL statement executed successfully {:adapter nil, :statement-preview CREATE INDEX IF NOT EXISTS idx_user_audit_log_target_user_id ON user_audit_log (target_user_id)}
2026-03-20 10:23:14.018 [AUDIT] actor= resource= action= result= corr= tenant= - DDL statement executed successfully {:adapter nil, :statement-preview CREATE INDEX IF NOT EXISTS idx_user_audit_log_action ON user_audit_log (action)}
2026-03-20 10:23:14.018 [AUDIT] actor= resource= action= result= corr= tenant= - DDL statement executed successfully {:adapter nil, :statement-preview CREATE INDEX IF NOT EXISTS idx_user_audit_log_result ON user_audit_log (result)}
2026-03-20 10:23:14.018 [AUDIT] actor= resource= action= result= corr= tenant= - DDL statement executed successfully {:adapter nil, :statement-preview CREATE INDEX IF NOT EXISTS idx_user_audit_log_created_at ON user_audit_log (created_at)}
2026-03-20 10:23:14.018 [AUDIT] actor= resource= action= result= corr= tenant= - Database schema initialization completed successfully {:dialect nil, :tables (auth_users users user_sessions user_audit_log)}
2026-03-20 10:23:14.019 [AUDIT] actor= resource= action= result= corr= tenant= - User module database schema initialized
2026-03-20 10:23:14.020 [AUDIT] actor= resource= action= result= corr= tenant= - Initializing user module routes (normalized format)
2026-03-20 10:23:14.118 [AUDIT] actor= resource= action= result= corr= tenant= - User module routes initialized successfully {:route-keys (:api :web :static), :api-count 9, :web-count 22}
2026-03-20 10:23:26.469 [AUDIT] actor= resource= action= result= corr= tenant= - Processing authentication request {:uri /web/admin/orders, :method :get, :has-session true, :has-bearer false, :cookies (session-token Idea-2e373df0), :session-token-value ymDLwZV0}
2026-03-20 10:23:26.470 [AUDIT] actor= resource= action= result= corr= tenant= - Attempting session authentication {:token-preview ymDLwZV0}
2026-03-20 10:23:26.470 [AUDIT] actor= resource= action= result= corr= tenant= - Validating session token {:session-token ymDLwZV0ecICKXkGsAksmDkSFHuUZ42QqC3OLyQyrVU=, :uri /web/admin/orders}
2026-03-20 10:23:26.476 [AUDIT] actor= resource= action= result= corr= tenant= - Database operation successful: find-session-by-token {:session-token ymDLwZV0ecICKXkGsAksmDkSFHuUZ42QqC3OLyQyrVU=, :duration-ms 4.058625}
2026-03-20 10:23:26.477 [AUDIT] actor= resource= action= result= corr= tenant= - Database operation successful: update-session {:session-entity {:expires-at #object[java.time.Instant 0x5f59ab2f 2026-03-20T16:20:51.781320Z], :user-agent Mozilla/5.0 (Macintosh; Intel Mac OS X 10_15_7) AppleWebKit/605.1.15 (KHTML, like Gecko) Version/26.3.1 Safari/605.1.15, :session-token ymDLwZV0ecICKXkGsAksmDkSFHuUZ42QqC3OLyQyrVU=, :user-id #uuid "d5fa63dd-4d30-4f4f-9237-6df5ae005e6d", :last-accessed-at #object[java.time.Instant 0xfec6ab4 2026-03-20T09:23:26.476292Z], :id #uuid "e12f2e6f-7726-41df-87b1-900fba57e3a7", :revoked-at nil, :created-at #object[java.time.Instant 0x2dc8307c 2026-03-20T08:20:52.054410Z], :ip-address [0:0:0:0:0:0:0:1]}, :duration-ms 0.368125}
2026-03-20 10:23:26.477 [AUDIT] actor= resource= action= result= corr= tenant= - Session validation successful {:user-id #uuid "d5fa63dd-4d30-4f4f-9237-6df5ae005e6d"}
2026-03-20 10:23:26.479 [AUDIT] actor= resource= action= result= corr= tenant= - Database operation successful: find-user-by-id {:user-id #uuid "d5fa63dd-4d30-4f4f-9237-6df5ae005e6d", :duration-ms 1.677584}
2026-03-20 10:23:26.483 [AUDIT] actor= resource= action= result= corr= tenant= - Database operation successful: admin-list-entities {:entity orders, :limit nil, :offset nil, :duration-ms 1.771541}
2026-03-20 10:23:35.904 [AUDIT] actor= resource= action= result= corr= tenant= - Processing authentication request {:uri /web/admin/orders/4e9f13d4-ba12-4110-8648-1b82d7df63d9, :method :get, :has-session true, :has-bearer false, :cookies (session-token Idea-2e373df0), :session-token-value ymDLwZV0}
2026-03-20 10:23:35.905 [AUDIT] actor= resource= action= result= corr= tenant= - Attempting session authentication {:token-preview ymDLwZV0}
2026-03-20 10:23:35.905 [AUDIT] actor= resource= action= result= corr= tenant= - Validating session token {:session-token ymDLwZV0ecICKXkGsAksmDkSFHuUZ42QqC3OLyQyrVU=, :uri /web/admin/orders/4e9f13d4-ba12-4110-8648-1b82d7df63d9}
2026-03-20 10:23:35.909 [AUDIT] actor= resource= action= result= corr= tenant= - Database operation successful: find-session-by-token {:session-token ymDLwZV0ecICKXkGsAksmDkSFHuUZ42QqC3OLyQyrVU=, :duration-ms 3.903542}
2026-03-20 10:23:35.911 [AUDIT] actor= resource= action= result= corr= tenant= - Database operation successful: update-session {:session-entity {:expires-at #object[java.time.Instant 0xd6394c3 2026-03-20T16:20:51.781320Z], :user-agent Mozilla/5.0 (Macintosh; Intel Mac OS X 10_15_7) AppleWebKit/605.1.15 (KHTML, like Gecko) Version/26.3.1 Safari/605.1.15, :session-token ymDLwZV0ecICKXkGsAksmDkSFHuUZ42QqC3OLyQyrVU=, :user-id #uuid "d5fa63dd-4d30-4f4f-9237-6df5ae005e6d", :last-accessed-at #object[java.time.Instant 0x653f4ed5 2026-03-20T09:23:35.909934Z], :id #uuid "e12f2e6f-7726-41df-87b1-900fba57e3a7", :revoked-at nil, :created-at #object[java.time.Instant 0x56fb4c9b 2026-03-20T08:20:52.054410Z], :ip-address [0:0:0:0:0:0:0:1]}, :duration-ms 0.799375}
2026-03-20 10:23:35.911 [AUDIT] actor= resource= action= result= corr= tenant= - Session validation successful {:user-id #uuid "d5fa63dd-4d30-4f4f-9237-6df5ae005e6d"}
2026-03-20 10:23:35.913 [AUDIT] actor= resource= action= result= corr= tenant= - Database operation successful: find-user-by-id {:user-id #uuid "d5fa63dd-4d30-4f4f-9237-6df5ae005e6d", :duration-ms 1.904334}
2026-03-20 10:23:35.917 [AUDIT] actor= resource= action= result= corr= tenant= - Database operation successful: admin-get-entity {:entity orders, :id #uuid "4e9f13d4-ba12-4110-8648-1b82d7df63d9", :duration-ms 1.981917}
2026-03-20 10:23:35.921 [AUDIT] actor= resource= action= result= corr= tenant= - Database operation successful: admin-list-related-entities {:parent-id 4e9f13d4-ba12-4110-8648-1b82d7df63d9, :entity order-items, :duration-ms 0.516541}
2026-03-20 10:23:41.618 [AUDIT] actor= resource= action= result= corr= tenant= - Processing authentication request {:uri /web/admin/order-items/11d3b951-f647-4c19-9633-02a3cc382711, :method :get, :has-session true, :has-bearer false, :cookies (session-token Idea-2e373df0), :session-token-value ymDLwZV0}
2026-03-20 10:23:41.619 [AUDIT] actor= resource= action= result= corr= tenant= - Attempting session authentication {:token-preview ymDLwZV0}
2026-03-20 10:23:41.619 [AUDIT] actor= resource= action= result= corr= tenant= - Validating session token {:session-token ymDLwZV0ecICKXkGsAksmDkSFHuUZ42QqC3OLyQyrVU=, :uri /web/admin/order-items/11d3b951-f647-4c19-9633-02a3cc382711}
2026-03-20 10:23:41.622 [AUDIT] actor= resource= action= result= corr= tenant= - Database operation successful: find-session-by-token {:session-token ymDLwZV0ecICKXkGsAksmDkSFHuUZ42QqC3OLyQyrVU=, :duration-ms 2.485333}
2026-03-20 10:23:41.624 [AUDIT] actor= resource= action= result= corr= tenant= - Database operation successful: update-session {:session-entity {:expires-at #object[java.time.Instant 0x3643bd5c 2026-03-20T16:20:51.781320Z], :user-agent Mozilla/5.0 (Macintosh; Intel Mac OS X 10_15_7) AppleWebKit/605.1.15 (KHTML, like Gecko) Version/26.3.1 Safari/605.1.15, :session-token ymDLwZV0ecICKXkGsAksmDkSFHuUZ42QqC3OLyQyrVU=, :user-id #uuid "d5fa63dd-4d30-4f4f-9237-6df5ae005e6d", :last-accessed-at #object[java.time.Instant 0x51c3b2da 2026-03-20T09:23:41.622541Z], :id #uuid "e12f2e6f-7726-41df-87b1-900fba57e3a7", :revoked-at nil, :created-at #object[java.time.Instant 0x39a7244d 2026-03-20T08:20:52.054410Z], :ip-address [0:0:0:0:0:0:0:1]}, :duration-ms 1.2965}
2026-03-20 10:23:41.624 [AUDIT] actor= resource= action= result= corr= tenant= - Session validation successful {:user-id #uuid "d5fa63dd-4d30-4f4f-9237-6df5ae005e6d"}
2026-03-20 10:23:41.626 [AUDIT] actor= resource= action= result= corr= tenant= - Database operation successful: find-user-by-id {:user-id #uuid "d5fa63dd-4d30-4f4f-9237-6df5ae005e6d", :duration-ms 1.732167}
2026-03-20 10:23:41.629 [AUDIT] actor= resource= action= result= corr= tenant= - Database operation successful: admin-get-entity {:entity order-items, :id #uuid "11d3b951-f647-4c19-9633-02a3cc382711", :duration-ms 1.464291}
2026-03-20 10:23:41.634 [AUDIT] actor= resource= action= result= corr= tenant= - Database operation successful: admin-get-entity {:entity orders, :id 4e9f13d4-ba12-4110-8648-1b82d7df63d9, :duration-ms 1.835}
2026-03-20 10:23:41.635 [AUDIT] actor= resource= action= result= corr= tenant= - Database operation successful: admin-list-related-entities {:parent-id 4e9f13d4-ba12-4110-8648-1b82d7df63d9, :entity order-items, :duration-ms 0.517917}
2026-03-20 10:23:46.908 [AUDIT] actor= resource= action= result= corr= tenant= - Processing authentication request {:uri /web/admin/order-items/11d3b951-f647-4c19-9633-02a3cc382711, :method :put, :has-session true, :has-bearer false, :cookies (session-token Idea-2e373df0), :session-token-value ymDLwZV0}
2026-03-20 10:23:46.908 [AUDIT] actor= resource= action= result= corr= tenant= - Attempting session authentication {:token-preview ymDLwZV0}
2026-03-20 10:23:46.909 [AUDIT] actor= resource= action= result= corr= tenant= - Validating session token {:session-token ymDLwZV0ecICKXkGsAksmDkSFHuUZ42QqC3OLyQyrVU=, :uri /web/admin/order-items/11d3b951-f647-4c19-9633-02a3cc382711}
2026-03-20 10:23:46.911 [AUDIT] actor= resource= action= result= corr= tenant= - Database operation successful: find-session-by-token {:session-token ymDLwZV0ecICKXkGsAksmDkSFHuUZ42QqC3OLyQyrVU=, :duration-ms 1.831208}
2026-03-20 10:23:46.912 [AUDIT] actor= resource= action= result= corr= tenant= - Database operation successful: update-session {:session-entity {:expires-at #object[java.time.Instant 0xf3e8a4b 2026-03-20T16:20:51.781320Z], :user-agent Mozilla/5.0 (Macintosh; Intel Mac OS X 10_15_7) AppleWebKit/605.1.15 (KHTML, like Gecko) Version/26.3.1 Safari/605.1.15, :session-token ymDLwZV0ecICKXkGsAksmDkSFHuUZ42QqC3OLyQyrVU=, :user-id #uuid "d5fa63dd-4d30-4f4f-9237-6df5ae005e6d", :last-accessed-at #object[java.time.Instant 0x1787015d 2026-03-20T09:23:46.911581Z], :id #uuid "e12f2e6f-7726-41df-87b1-900fba57e3a7", :revoked-at nil, :created-at #object[java.time.Instant 0x55447641 2026-03-20T08:20:52.054410Z], :ip-address [0:0:0:0:0:0:0:1]}, :duration-ms 0.690375}
2026-03-20 10:23:46.912 [AUDIT] actor= resource= action= result= corr= tenant= - Session validation successful {:user-id #uuid "d5fa63dd-4d30-4f4f-9237-6df5ae005e6d"}
2026-03-20 10:23:46.914 [AUDIT] actor= resource= action= result= corr= tenant= - Database operation successful: find-user-by-id {:user-id #uuid "d5fa63dd-4d30-4f4f-9237-6df5ae005e6d", :duration-ms 1.521792}
2026-03-20 10:23:46.919 [AUDIT] actor= resource= action= result= corr= tenant= - Database operation successful: admin-update-entity {:entity order-items, :id #uuid "11d3b951-f647-4c19-9633-02a3cc382711", :duration-ms 2.101459}
2026-03-20 10:23:46.920 [AUDIT] actor= resource= action= result= corr= tenant= - Database operation successful: admin-get-entity {:entity order-items, :id #uuid "11d3b951-f647-4c19-9633-02a3cc382711", :duration-ms 0.813417}
2026-03-20 10:23:46.924 [AUDIT] actor= resource= action= result= corr= tenant= - Database operation successful: admin-get-entity {:entity orders, :id 4e9f13d4-ba12-4110-8648-1b82d7df63d9, :duration-ms 1.332875}
2026-03-20 10:23:46.925 [AUDIT] actor= resource= action= result= corr= tenant= - Database operation successful: admin-list-related-entities {:parent-id 4e9f13d4-ba12-4110-8648-1b82d7df63d9, :entity order-items, :duration-ms 0.292542}
2026-03-20 10:23:54.785 [AUDIT] actor= resource= action= result= corr= tenant= - Processing authentication request {:uri /web/admin/orders/4e9f13d4-ba12-4110-8648-1b82d7df63d9, :method :get, :has-session true, :has-bearer false, :cookies (session-token Idea-2e373df0), :session-token-value ymDLwZV0}
2026-03-20 10:23:54.786 [AUDIT] actor= resource= action= result= corr= tenant= - Attempting session authentication {:token-preview ymDLwZV0}
2026-03-20 10:23:54.786 [AUDIT] actor= resource= action= result= corr= tenant= - Validating session token {:session-token ymDLwZV0ecICKXkGsAksmDkSFHuUZ42QqC3OLyQyrVU=, :uri /web/admin/orders/4e9f13d4-ba12-4110-8648-1b82d7df63d9}
2026-03-20 10:23:54.788 [AUDIT] actor= resource= action= result= corr= tenant= - Database operation successful: find-session-by-token {:session-token ymDLwZV0ecICKXkGsAksmDkSFHuUZ42QqC3OLyQyrVU=, :duration-ms 2.302167}
2026-03-20 10:23:54.790 [AUDIT] actor= resource= action= result= corr= tenant= - Database operation successful: update-session {:session-entity {:expires-at #object[java.time.Instant 0x3f60626b 2026-03-20T16:20:51.781320Z], :user-agent Mozilla/5.0 (Macintosh; Intel Mac OS X 10_15_7) AppleWebKit/605.1.15 (KHTML, like Gecko) Version/26.3.1 Safari/605.1.15, :session-token ymDLwZV0ecICKXkGsAksmDkSFHuUZ42QqC3OLyQyrVU=, :user-id #uuid "d5fa63dd-4d30-4f4f-9237-6df5ae005e6d", :last-accessed-at #object[java.time.Instant 0x31a79bf7 2026-03-20T09:23:54.789150Z], :id #uuid "e12f2e6f-7726-41df-87b1-900fba57e3a7", :revoked-at nil, :created-at #object[java.time.Instant 0x3598091b 2026-03-20T08:20:52.054410Z], :ip-address [0:0:0:0:0:0:0:1]}, :duration-ms 0.95375}
2026-03-20 10:23:54.790 [AUDIT] actor= resource= action= result= corr= tenant= - Session validation successful {:user-id #uuid "d5fa63dd-4d30-4f4f-9237-6df5ae005e6d"}
2026-03-20 10:23:54.791 [AUDIT] actor= resource= action= result= corr= tenant= - Database operation successful: find-user-by-id {:user-id #uuid "d5fa63dd-4d30-4f4f-9237-6df5ae005e6d", :duration-ms 1.089833}
2026-03-20 10:23:54.794 [AUDIT] actor= resource= action= result= corr= tenant= - Database operation successful: admin-get-entity {:entity orders, :id #uuid "4e9f13d4-ba12-4110-8648-1b82d7df63d9", :duration-ms 1.334208}
2026-03-20 10:23:54.797 [AUDIT] actor= resource= action= result= corr= tenant= - Database operation successful: admin-list-related-entities {:parent-id 4e9f13d4-ba12-4110-8648-1b82d7df63d9, :entity order-items, :duration-ms 0.502834}
2026-03-20 10:24:01.431 [AUDIT] actor= resource= action= result= corr= tenant= - Processing authentication request {:uri /web/admin/products, :method :get, :has-session true, :has-bearer false, :cookies (session-token Idea-2e373df0), :session-token-value ymDLwZV0}
2026-03-20 10:24:01.431 [AUDIT] actor= resource= action= result= corr= tenant= - Attempting session authentication {:token-preview ymDLwZV0}
2026-03-20 10:24:01.432 [AUDIT] actor= resource= action= result= corr= tenant= - Validating session token {:session-token ymDLwZV0ecICKXkGsAksmDkSFHuUZ42QqC3OLyQyrVU=, :uri /web/admin/products}
2026-03-20 10:24:01.435 [AUDIT] actor= resource= action= result= corr= tenant= - Database operation successful: find-session-by-token {:session-token ymDLwZV0ecICKXkGsAksmDkSFHuUZ42QqC3OLyQyrVU=, :duration-ms 2.4005}
2026-03-20 10:24:01.436 [AUDIT] actor= resource= action= result= corr= tenant= - Database operation successful: update-session {:session-entity {:expires-at #object[java.time.Instant 0x709a91cc 2026-03-20T16:20:51.781320Z], :user-agent Mozilla/5.0 (Macintosh; Intel Mac OS X 10_15_7) AppleWebKit/605.1.15 (KHTML, like Gecko) Version/26.3.1 Safari/605.1.15, :session-token ymDLwZV0ecICKXkGsAksmDkSFHuUZ42QqC3OLyQyrVU=, :user-id #uuid "d5fa63dd-4d30-4f4f-9237-6df5ae005e6d", :last-accessed-at #object[java.time.Instant 0x4cd5c68e 2026-03-20T09:24:01.435394Z], :id #uuid "e12f2e6f-7726-41df-87b1-900fba57e3a7", :revoked-at nil, :created-at #object[java.time.Instant 0x412084c0 2026-03-20T08:20:52.054410Z], :ip-address [0:0:0:0:0:0:0:1]}, :duration-ms 0.860375}
2026-03-20 10:24:01.437 [AUDIT] actor= resource= action= result= corr= tenant= - Session validation successful {:user-id #uuid "d5fa63dd-4d30-4f4f-9237-6df5ae005e6d"}
2026-03-20 10:24:01.439 [AUDIT] actor= resource= action= result= corr= tenant= - Database operation successful: find-user-by-id {:user-id #uuid "d5fa63dd-4d30-4f4f-9237-6df5ae005e6d", :duration-ms 1.79125}
2026-03-20 10:24:01.444 [AUDIT] actor= resource= action= result= corr= tenant= - Database operation successful: admin-list-entities {:entity products, :limit nil, :offset nil, :duration-ms 2.329}
2026-03-20 10:24:05.954 [AUDIT] actor= resource= action= result= corr= tenant= - Processing authentication request {:uri /web/admin/users, :method :get, :has-session true, :has-bearer false, :cookies (session-token Idea-2e373df0), :session-token-value ymDLwZV0}
2026-03-20 10:24:05.955 [AUDIT] actor= resource= action= result= corr= tenant= - Attempting session authentication {:token-preview ymDLwZV0}
2026-03-20 10:24:05.955 [AUDIT] actor= resource= action= result= corr= tenant= - Validating session token {:session-token ymDLwZV0ecICKXkGsAksmDkSFHuUZ42QqC3OLyQyrVU=, :uri /web/admin/users}
2026-03-20 10:24:05.961 [AUDIT] actor= resource= action= result= corr= tenant= - Database operation successful: find-session-by-token {:session-token ymDLwZV0ecICKXkGsAksmDkSFHuUZ42QqC3OLyQyrVU=, :duration-ms 5.543166}
2026-03-20 10:24:05.963 [AUDIT] actor= resource= action= result= corr= tenant= - Database operation successful: update-session {:session-entity {:expires-at #object[java.time.Instant 0x6653726d 2026-03-20T16:20:51.781320Z], :user-agent Mozilla/5.0 (Macintosh; Intel Mac OS X 10_15_7) AppleWebKit/605.1.15 (KHTML, like Gecko) Version/26.3.1 Safari/605.1.15, :session-token ymDLwZV0ecICKXkGsAksmDkSFHuUZ42QqC3OLyQyrVU=, :user-id #uuid "d5fa63dd-4d30-4f4f-9237-6df5ae005e6d", :last-accessed-at #object[java.time.Instant 0x72ac3b8d 2026-03-20T09:24:05.962223Z], :id #uuid "e12f2e6f-7726-41df-87b1-900fba57e3a7", :revoked-at nil, :created-at #object[java.time.Instant 0x5024b48 2026-03-20T08:20:52.054410Z], :ip-address [0:0:0:0:0:0:0:1]}, :duration-ms 1.091333}
2026-03-20 10:24:05.964 [AUDIT] actor= resource= action= result= corr= tenant= - Session validation successful {:user-id #uuid "d5fa63dd-4d30-4f4f-9237-6df5ae005e6d"}
2026-03-20 10:24:05.966 [AUDIT] actor= resource= action= result= corr= tenant= - Database operation successful: find-user-by-id {:user-id #uuid "d5fa63dd-4d30-4f4f-9237-6df5ae005e6d", :duration-ms 1.515084}
2026-03-20 10:24:05.969 [AUDIT] actor= resource= action= result= corr= tenant= - Database operation successful: admin-list-entities {:entity users, :limit nil, :offset nil, :duration-ms 1.747333}
2026-03-20 10:24:09.249 [AUDIT] actor= resource= action= result= corr= tenant= - Processing authentication request {:uri /web/admin/users/d5fa63dd-4d30-4f4f-9237-6df5ae005e6d, :method :get, :has-session true, :has-bearer false, :cookies (session-token Idea-2e373df0), :session-token-value ymDLwZV0}
2026-03-20 10:24:09.249 [AUDIT] actor= resource= action= result= corr= tenant= - Attempting session authentication {:token-preview ymDLwZV0}
2026-03-20 10:24:09.249 [AUDIT] actor= resource= action= result= corr= tenant= - Validating session token {:session-token ymDLwZV0ecICKXkGsAksmDkSFHuUZ42QqC3OLyQyrVU=, :uri /web/admin/users/d5fa63dd-4d30-4f4f-9237-6df5ae005e6d}
2026-03-20 10:24:09.252 [AUDIT] actor= resource= action= result= corr= tenant= - Database operation successful: find-session-by-token {:session-token ymDLwZV0ecICKXkGsAksmDkSFHuUZ42QqC3OLyQyrVU=, :duration-ms 1.979083}
2026-03-20 10:24:09.253 [AUDIT] actor= resource= action= result= corr= tenant= - Database operation successful: update-session {:session-entity {:expires-at #object[java.time.Instant 0x34858d2e 2026-03-20T16:20:51.781320Z], :user-agent Mozilla/5.0 (Macintosh; Intel Mac OS X 10_15_7) AppleWebKit/605.1.15 (KHTML, like Gecko) Version/26.3.1 Safari/605.1.15, :session-token ymDLwZV0ecICKXkGsAksmDkSFHuUZ42QqC3OLyQyrVU=, :user-id #uuid "d5fa63dd-4d30-4f4f-9237-6df5ae005e6d", :last-accessed-at #object[java.time.Instant 0x10b56e83 2026-03-20T09:24:09.252485Z], :id #uuid "e12f2e6f-7726-41df-87b1-900fba57e3a7", :revoked-at nil, :created-at #object[java.time.Instant 0x72363bad 2026-03-20T08:20:52.054410Z], :ip-address [0:0:0:0:0:0:0:1]}, :duration-ms 0.745916}
2026-03-20 10:24:09.253 [AUDIT] actor= resource= action= result= corr= tenant= - Session validation successful {:user-id #uuid "d5fa63dd-4d30-4f4f-9237-6df5ae005e6d"}
2026-03-20 10:24:09.255 [AUDIT] actor= resource= action= result= corr= tenant= - Database operation successful: find-user-by-id {:user-id #uuid "d5fa63dd-4d30-4f4f-9237-6df5ae005e6d", :duration-ms 1.497541}
2026-03-20 10:24:09.258 [AUDIT] actor= resource= action= result= corr= tenant= - Database operation successful: admin-get-entity {:entity users, :id #uuid "d5fa63dd-4d30-4f4f-9237-6df5ae005e6d", :duration-ms 1.978667}
2026-03-20 10:24:11.923 [AUDIT] actor= resource= action= result= corr= tenant= - Processing authentication request {:uri /web/admin/users, :method :get, :has-session true, :has-bearer false, :cookies (session-token Idea-2e373df0), :session-token-value ymDLwZV0}
2026-03-20 10:24:11.923 [AUDIT] actor= resource= action= result= corr= tenant= - Attempting session authentication {:token-preview ymDLwZV0}
2026-03-20 10:24:11.924 [AUDIT] actor= resource= action= result= corr= tenant= - Validating session token {:session-token ymDLwZV0ecICKXkGsAksmDkSFHuUZ42QqC3OLyQyrVU=, :uri /web/admin/users}
2026-03-20 10:24:11.929 [AUDIT] actor= resource= action= result= corr= tenant= - Database operation successful: find-session-by-token {:session-token ymDLwZV0ecICKXkGsAksmDkSFHuUZ42QqC3OLyQyrVU=, :duration-ms 5.330583}
2026-03-20 10:24:11.931 [AUDIT] actor= resource= action= result= corr= tenant= - Database operation successful: update-session {:session-entity {:expires-at #object[java.time.Instant 0x4c759c5d 2026-03-20T16:20:51.781320Z], :user-agent Mozilla/5.0 (Macintosh; Intel Mac OS X 10_15_7) AppleWebKit/605.1.15 (KHTML, like Gecko) Version/26.3.1 Safari/605.1.15, :session-token ymDLwZV0ecICKXkGsAksmDkSFHuUZ42QqC3OLyQyrVU=, :user-id #uuid "d5fa63dd-4d30-4f4f-9237-6df5ae005e6d", :last-accessed-at #object[java.time.Instant 0x31485fa4 2026-03-20T09:24:11.930044Z], :id #uuid "e12f2e6f-7726-41df-87b1-900fba57e3a7", :revoked-at nil, :created-at #object[java.time.Instant 0x22ab7a53 2026-03-20T08:20:52.054410Z], :ip-address [0:0:0:0:0:0:0:1]}, :duration-ms 0.893875}
2026-03-20 10:24:11.931 [AUDIT] actor= resource= action= result= corr= tenant= - Session validation successful {:user-id #uuid "d5fa63dd-4d30-4f4f-9237-6df5ae005e6d"}
2026-03-20 10:24:11.933 [AUDIT] actor= resource= action= result= corr= tenant= - Database operation successful: find-user-by-id {:user-id #uuid "d5fa63dd-4d30-4f4f-9237-6df5ae005e6d", :duration-ms 1.596333}
2026-03-20 10:24:11.937 [AUDIT] actor= resource= action= result= corr= tenant= - Database operation successful: admin-list-entities {:entity users, :limit nil, :offset nil, :duration-ms 1.816708}
2026-03-20 10:24:13.878 [AUDIT] actor= resource= action= result= corr= tenant= - Processing authentication request {:uri /web/dashboard, :method :get, :has-session true, :has-bearer false, :cookies (session-token Idea-2e373df0), :session-token-value ymDLwZV0}
2026-03-20 10:24:13.879 [AUDIT] actor= resource= action= result= corr= tenant= - Attempting session authentication {:token-preview ymDLwZV0}
2026-03-20 10:24:13.879 [AUDIT] actor= resource= action= result= corr= tenant= - Validating session token {:session-token ymDLwZV0ecICKXkGsAksmDkSFHuUZ42QqC3OLyQyrVU=, :uri /web/dashboard}
2026-03-20 10:24:13.881 [AUDIT] actor= resource= action= result= corr= tenant= - Database operation successful: find-session-by-token {:session-token ymDLwZV0ecICKXkGsAksmDkSFHuUZ42QqC3OLyQyrVU=, :duration-ms 1.854041}
2026-03-20 10:24:13.882 [AUDIT] actor= resource= action= result= corr= tenant= - Database operation successful: update-session {:session-entity {:expires-at #object[java.time.Instant 0x7b86d594 2026-03-20T16:20:51.781320Z], :user-agent Mozilla/5.0 (Macintosh; Intel Mac OS X 10_15_7) AppleWebKit/605.1.15 (KHTML, like Gecko) Version/26.3.1 Safari/605.1.15, :session-token ymDLwZV0ecICKXkGsAksmDkSFHuUZ42QqC3OLyQyrVU=, :user-id #uuid "d5fa63dd-4d30-4f4f-9237-6df5ae005e6d", :last-accessed-at #object[java.time.Instant 0x4ca359dc 2026-03-20T09:24:13.881856Z], :id #uuid "e12f2e6f-7726-41df-87b1-900fba57e3a7", :revoked-at nil, :created-at #object[java.time.Instant 0x6c6f5f10 2026-03-20T08:20:52.054410Z], :ip-address [0:0:0:0:0:0:0:1]}, :duration-ms 0.558209}
2026-03-20 10:24:13.882 [AUDIT] actor= resource= action= result= corr= tenant= - Session validation successful {:user-id #uuid "d5fa63dd-4d30-4f4f-9237-6df5ae005e6d"}
2026-03-20 10:24:13.884 [AUDIT] actor= resource= action= result= corr= tenant= - Database operation successful: find-user-by-id {:user-id #uuid "d5fa63dd-4d30-4f4f-9237-6df5ae005e6d", :duration-ms 1.139166}
2026-03-20 10:24:13.885 [AUDIT] actor= resource= action= result= corr= tenant= - Database operation successful: find-sessions-by-user {:user-id #uuid "d5fa63dd-4d30-4f4f-9237-6df5ae005e6d", :duration-ms 0.906375}
2026-03-20 10:24:13.887 [AUDIT] actor= resource= action= result= corr= tenant= - Database operation successful: find-user-by-id {:user-id #uuid "d5fa63dd-4d30-4f4f-9237-6df5ae005e6d", :duration-ms 0.970375}
2026-03-20 10:24:27.403 [AUDIT] actor= resource= action= result= corr= tenant= - Processing authentication request {:uri /web/admin/, :method :get, :has-session true, :has-bearer false, :cookies (session-token Idea-2e373df0), :session-token-value ymDLwZV0}
2026-03-20 10:24:27.405 [AUDIT] actor= resource= action= result= corr= tenant= - Attempting session authentication {:token-preview ymDLwZV0}
2026-03-20 10:24:27.405 [AUDIT] actor= resource= action= result= corr= tenant= - Validating session token {:session-token ymDLwZV0ecICKXkGsAksmDkSFHuUZ42QqC3OLyQyrVU=, :uri /web/admin/}
2026-03-20 10:24:27.408 [AUDIT] actor= resource= action= result= corr= tenant= - Database operation successful: find-session-by-token {:session-token ymDLwZV0ecICKXkGsAksmDkSFHuUZ42QqC3OLyQyrVU=, :duration-ms 2.454875}
2026-03-20 10:24:27.409 [AUDIT] actor= resource= action= result= corr= tenant= - Database operation successful: update-session {:session-entity {:expires-at #object[java.time.Instant 0x35e43d45 2026-03-20T16:20:51.781320Z], :user-agent Mozilla/5.0 (Macintosh; Intel Mac OS X 10_15_7) AppleWebKit/605.1.15 (KHTML, like Gecko) Version/26.3.1 Safari/605.1.15, :session-token ymDLwZV0ecICKXkGsAksmDkSFHuUZ42QqC3OLyQyrVU=, :user-id #uuid "d5fa63dd-4d30-4f4f-9237-6df5ae005e6d", :last-accessed-at #object[java.time.Instant 0x5513c8d0 2026-03-20T09:24:27.408846Z], :id #uuid "e12f2e6f-7726-41df-87b1-900fba57e3a7", :revoked-at nil, :created-at #object[java.time.Instant 0x26d518a9 2026-03-20T08:20:52.054410Z], :ip-address [0:0:0:0:0:0:0:1]}, :duration-ms 0.723791}
2026-03-20 10:24:27.410 [AUDIT] actor= resource= action= result= corr= tenant= - Session validation successful {:user-id #uuid "d5fa63dd-4d30-4f4f-9237-6df5ae005e6d"}
2026-03-20 10:24:27.411 [AUDIT] actor= resource= action= result= corr= tenant= - Database operation successful: find-user-by-id {:user-id #uuid "d5fa63dd-4d30-4f4f-9237-6df5ae005e6d", :duration-ms 1.169791}
2026-03-20 10:24:27.411 [AUDIT] actor= resource= action= result= corr= tenant= - After require-admin-user! {:user-email ff@ex.nl}
2026-03-20 10:24:27.411 [AUDIT] actor= resource= action= result= corr= tenant= - Redirecting to first entity {:entity :orders}
2026-03-20 10:24:27.418 [AUDIT] actor= resource= action= result= corr= tenant= - Processing authentication request {:uri /web/admin/orders, :method :get, :has-session true, :has-bearer false, :cookies (session-token Idea-2e373df0), :session-token-value ymDLwZV0}
2026-03-20 10:24:27.418 [AUDIT] actor= resource= action= result= corr= tenant= - Attempting session authentication {:token-preview ymDLwZV0}
2026-03-20 10:24:27.419 [AUDIT] actor= resource= action= result= corr= tenant= - Validating session token {:session-token ymDLwZV0ecICKXkGsAksmDkSFHuUZ42QqC3OLyQyrVU=, :uri /web/admin/orders}
2026-03-20 10:24:27.421 [AUDIT] actor= resource= action= result= corr= tenant= - Database operation successful: find-session-by-token {:session-token ymDLwZV0ecICKXkGsAksmDkSFHuUZ42QqC3OLyQyrVU=, :duration-ms 1.661416}
2026-03-20 10:24:27.422 [AUDIT] actor= resource= action= result= corr= tenant= - Database operation successful: update-session {:session-entity {:expires-at #object[java.time.Instant 0xe0eb20b 2026-03-20T16:20:51.781320Z], :user-agent Mozilla/5.0 (Macintosh; Intel Mac OS X 10_15_7) AppleWebKit/605.1.15 (KHTML, like Gecko) Version/26.3.1 Safari/605.1.15, :session-token ymDLwZV0ecICKXkGsAksmDkSFHuUZ42QqC3OLyQyrVU=, :user-id #uuid "d5fa63dd-4d30-4f4f-9237-6df5ae005e6d", :last-accessed-at #object[java.time.Instant 0x161a3c34 2026-03-20T09:24:27.421175Z], :id #uuid "e12f2e6f-7726-41df-87b1-900fba57e3a7", :revoked-at nil, :created-at #object[java.time.Instant 0x79e2bd85 2026-03-20T08:20:52.054410Z], :ip-address [0:0:0:0:0:0:0:1]}, :duration-ms 0.608292}
2026-03-20 10:24:27.422 [AUDIT] actor= resource= action= result= corr= tenant= - Session validation successful {:user-id #uuid "d5fa63dd-4d30-4f4f-9237-6df5ae005e6d"}
2026-03-20 10:24:27.423 [AUDIT] actor= resource= action= result= corr= tenant= - Database operation successful: find-user-by-id {:user-id #uuid "d5fa63dd-4d30-4f4f-9237-6df5ae005e6d", :duration-ms 1.03975}
2026-03-20 10:24:27.425 [AUDIT] actor= resource= action= result= corr= tenant= - Database operation successful: admin-list-entities {:entity orders, :limit nil, :offset nil, :duration-ms 1.1205}
2026-03-20 10:42:07.145 [AUDIT] actor= resource= action= result= corr= tenant= - User module routes halted (no cleanup needed)
2026-03-20 10:42:07.146 [AUDIT] actor= resource= action= result= corr= tenant= - User module database schema component halted
2026-03-20 10:42:07.146 [AUDIT] actor= resource= action= result= corr= tenant= - User service halted (no cleanup needed)
2026-03-20 10:42:07.146 [AUDIT] actor= resource= action= result= corr= tenant= - Authentication service halted (no cleanup needed)
2026-03-20 10:42:07.146 [AUDIT] actor= resource= action= result= corr= tenant= - Session repository halted (no cleanup needed)
2026-03-20 10:42:07.146 [AUDIT] actor= resource= action= result= corr= tenant= - MFA service halted (no cleanup needed)
2026-03-20 10:42:07.146 [AUDIT] actor= resource= action= result= corr= tenant= - User repository halted (no cleanup needed)
2026-03-20 10:42:07.146 [AUDIT] actor= resource= action= result= corr= tenant= - Audit repository halted (no cleanup needed)
2026-03-20 10:42:07.146 [AUDIT] actor= resource= action= result= corr= tenant= - Closing database context {:adapter nil}
2026-03-20 10:42:07.147 [AUDIT] actor= resource= action= result= corr= tenant= - Closing database connection pool {:pool-name default-Pool}
2026-03-20 10:42:07.149 [AUDIT] actor= resource= action= result= corr= tenant= - Database connection pool closed {:pool-name default-Pool}
2026-03-20 10:42:11.528 [AUDIT] actor= resource= action= result= corr= tenant= - Creating database connection pool {:adapter nil, :pool-size 5, :pool-name default-Pool}
2026-03-20 10:42:11.811 [AUDIT] actor= resource= action= result= corr= tenant= - SQLite PRAGMA initialization completed {:successful-pragmas 7, :failed-pragmas 0, :total-pragmas 7}
2026-03-20 10:42:11.811 [AUDIT] actor= resource= action= result= corr= tenant= - Database connection pool created successfully {:adapter nil, :pool-name default-Pool}
2026-03-20 10:42:11.811 [AUDIT] actor= resource= action= result= corr= tenant= - Created database context {:adapter nil}
2026-03-20 10:42:11.813 [AUDIT] actor= resource= action= result= corr= tenant= - Initializing audit repository
2026-03-20 10:42:11.813 [AUDIT] actor= resource= action= result= corr= tenant= - Audit repository initialized
2026-03-20 10:42:11.813 [AUDIT] actor= resource= action= result= corr= tenant= - Initializing user repository
2026-03-20 10:42:11.817 [AUDIT] actor= resource= action= result= corr= tenant= - User repository initialized
2026-03-20 10:42:11.817 [AUDIT] actor= resource= action= result= corr= tenant= - Initializing MFA service
2026-03-20 10:42:11.817 [AUDIT] actor= resource= action= result= corr= tenant= - MFA service initialized
2026-03-20 10:42:11.817 [AUDIT] actor= resource= action= result= corr= tenant= - Initializing session repository
2026-03-20 10:42:11.817 [AUDIT] actor= resource= action= result= corr= tenant= - Session repository initialized
2026-03-20 10:42:11.818 [AUDIT] actor= resource= action= result= corr= tenant= - Initializing authentication service
2026-03-20 10:42:11.818 [AUDIT] actor= resource= action= result= corr= tenant= - Authentication service initialized
2026-03-20 10:42:11.818 [AUDIT] actor= resource= action= result= corr= tenant= - Initializing user service {:cache-enabled? false}
2026-03-20 10:42:11.818 [AUDIT] actor= resource= action= result= corr= tenant= - User service initialized
2026-03-20 10:42:11.821 [AUDIT] actor= resource= action= result= corr= tenant= - Initializing user module database schema
2026-03-20 10:42:11.821 [AUDIT] actor= resource= action= result= corr= tenant= - Initializing user schema from Malli definitions (split-table architecture)
2026-03-20 10:42:11.822 [AUDIT] actor= resource= action= result= corr= tenant= - Initializing database schema from Malli definitions {:dialect nil, :tables (auth_users users user_sessions user_audit_log)}
2026-03-20 10:42:11.823 [AUDIT] actor= resource= action= result= corr= tenant= - DDL statement executed successfully {:adapter nil, :statement-preview CREATE TABLE IF NOT EXISTS auth_users (
  id UUID NOT NULL PRIMARY KEY,
  email VARCHAR(255) NOT NULL,
  password_hash VARCHAR(255) NOT NULL,
  active BOOLEAN NOT NULL DEFAULT true,
  mfa_enabled BOOLEAN,
  mfa_secret VARCHAR(255),
  mfa_backup_codes VARCHAR(255),
  mfa_backup_codes_used VARCHAR(255),
  mfa_enabled_at VARCHAR(255),
  failed_login_count INTEGER,
  lockout_until VARCHAR(255),
  created_at VARCHAR(255) NOT NULL,
  updated_at VARCHAR(255),
  deleted_at VARCHAR(255),
  CONSTRAINT uk_auth_users_email UNIQUE(email)
);}
2026-03-20 10:42:11.823 [AUDIT] actor= resource= action= result= corr= tenant= - DDL statement executed successfully {:adapter nil, :statement-preview CREATE TABLE IF NOT EXISTS users (
  id UUID NOT NULL PRIMARY KEY,
  tenant_id UUID,
  name VARCHAR(255) NOT NULL,
  role VARCHAR(50) NOT NULL CHECK(role IN ('admin', 'user', 'viewer')),
  avatar_url VARCHAR(255),
  login_count INTEGER,
  last_login VARCHAR(255),
  notifications_email BOOLEAN,
  notifications_push BOOLEAN,
  notifications_sms BOOLEAN,
  theme VARCHAR(50) CHECK(theme IN ('light', 'dark', 'auto')),
  language VARCHAR(255),
  timezone VARCHAR(255),
  date_format VARCHAR(50) CHECK(date_format IN ('iso', 'us', 'eu')),
  time_format VARCHAR(50) CHECK(time_format IN ('12h', '24h')),
  created_at VARCHAR(255) NOT NULL,
  updated_at VARCHAR(255),
  deleted_at VARCHAR(255)
);}
2026-03-20 10:42:11.823 [AUDIT] actor= resource= action= result= corr= tenant= - DDL statement executed successfully {:adapter nil, :statement-preview CREATE TABLE IF NOT EXISTS user_sessions (
  id UUID NOT NULL PRIMARY KEY,
  user_id UUID NOT NULL,
  session_token VARCHAR(255) NOT NULL,
  expires_at VARCHAR(255) NOT NULL,
  created_at VARCHAR(255) NOT NULL,
  last_accessed_at VARCHAR(255),
  revoked_at VARCHAR(255),
  user_agent VARCHAR(255),
  ip_address VARCHAR(255),
  CONSTRAINT uk_user_sessions_token UNIQUE(session_token)
);}
2026-03-20 10:42:11.823 [AUDIT] actor= resource= action= result= corr= tenant= - DDL statement executed successfully {:adapter nil, :statement-preview CREATE TABLE IF NOT EXISTS user_audit_log (
  id UUID NOT NULL PRIMARY KEY,
  action VARCHAR(50) NOT NULL CHECK(action IN ('create', 'update', 'delete', 'activate', 'deactivate', 'role-change', 'bulk-action', 'login', 'logout')),
  actor_id UUID,
  actor_email VARCHAR(255),
  target_user_id UUID NOT NULL,
  target_user_email VARCHAR(255) NOT NULL,
  changes JSONB,
  metadata JSONB,
  ip_address VARCHAR(255),
  user_agent VARCHAR(255),
  result VARCHAR(50) NOT NULL CHECK(result IN ('success', 'failure')),
  error_message VARCHAR(255),
  created_at VARCHAR(255) NOT NULL
);}
2026-03-20 10:42:11.824 [AUDIT] actor= resource= action= result= corr= tenant= - DDL statement executed successfully {:adapter nil, :statement-preview CREATE INDEX IF NOT EXISTS idx_auth_users_mfa_enabled_at ON auth_users (mfa_enabled_at)}
2026-03-20 10:42:11.824 [AUDIT] actor= resource= action= result= corr= tenant= - DDL statement executed successfully {:adapter nil, :statement-preview CREATE INDEX IF NOT EXISTS idx_auth_users_created_at ON auth_users (created_at)}
2026-03-20 10:42:11.824 [AUDIT] actor= resource= action= result= corr= tenant= - DDL statement executed successfully {:adapter nil, :statement-preview CREATE INDEX IF NOT EXISTS idx_auth_users_updated_at ON auth_users (updated_at)}
2026-03-20 10:42:11.824 [AUDIT] actor= resource= action= result= corr= tenant= - DDL statement executed successfully {:adapter nil, :statement-preview CREATE INDEX IF NOT EXISTS idx_auth_users_deleted_at ON auth_users (deleted_at)}
2026-03-20 10:42:11.825 [AUDIT] actor= resource= action= result= corr= tenant= - DDL statement executed successfully {:adapter nil, :statement-preview CREATE INDEX IF NOT EXISTS idx_auth_users_email ON auth_users (email)}
2026-03-20 10:42:11.825 [AUDIT] actor= resource= action= result= corr= tenant= - DDL statement executed successfully {:adapter nil, :statement-preview CREATE INDEX IF NOT EXISTS idx_auth_users_active ON auth_users (active)}
2026-03-20 10:42:11.825 [AUDIT] actor= resource= action= result= corr= tenant= - DDL statement executed successfully {:adapter nil, :statement-preview CREATE INDEX IF NOT EXISTS idx_users_tenant_id ON users (tenant_id)}
2026-03-20 10:42:11.825 [AUDIT] actor= resource= action= result= corr= tenant= - DDL statement executed successfully {:adapter nil, :statement-preview CREATE INDEX IF NOT EXISTS idx_users_role ON users (role)}
2026-03-20 10:42:11.825 [AUDIT] actor= resource= action= result= corr= tenant= - DDL statement executed successfully {:adapter nil, :statement-preview CREATE INDEX IF NOT EXISTS idx_users_theme ON users (theme)}
2026-03-20 10:42:11.825 [AUDIT] actor= resource= action= result= corr= tenant= - DDL statement executed successfully {:adapter nil, :statement-preview CREATE INDEX IF NOT EXISTS idx_users_date_format ON users (date_format)}
2026-03-20 10:42:11.825 [AUDIT] actor= resource= action= result= corr= tenant= - DDL statement executed successfully {:adapter nil, :statement-preview CREATE INDEX IF NOT EXISTS idx_users_time_format ON users (time_format)}
2026-03-20 10:42:11.825 [AUDIT] actor= resource= action= result= corr= tenant= - DDL statement executed successfully {:adapter nil, :statement-preview CREATE INDEX IF NOT EXISTS idx_users_created_at ON users (created_at)}
2026-03-20 10:42:11.825 [AUDIT] actor= resource= action= result= corr= tenant= - DDL statement executed successfully {:adapter nil, :statement-preview CREATE INDEX IF NOT EXISTS idx_users_updated_at ON users (updated_at)}
2026-03-20 10:42:11.825 [AUDIT] actor= resource= action= result= corr= tenant= - DDL statement executed successfully {:adapter nil, :statement-preview CREATE INDEX IF NOT EXISTS idx_users_deleted_at ON users (deleted_at)}
2026-03-20 10:42:11.825 [AUDIT] actor= resource= action= result= corr= tenant= - DDL statement executed successfully {:adapter nil, :statement-preview CREATE INDEX IF NOT EXISTS idx_users_role ON users (role)}
2026-03-20 10:42:11.826 [AUDIT] actor= resource= action= result= corr= tenant= - DDL statement executed successfully {:adapter nil, :statement-preview CREATE INDEX IF NOT EXISTS idx_user_sessions_user_id ON user_sessions (user_id)}
2026-03-20 10:42:11.826 [AUDIT] actor= resource= action= result= corr= tenant= - DDL statement executed successfully {:adapter nil, :statement-preview CREATE INDEX IF NOT EXISTS idx_user_sessions_expires_at ON user_sessions (expires_at)}
2026-03-20 10:42:11.826 [AUDIT] actor= resource= action= result= corr= tenant= - DDL statement executed successfully {:adapter nil, :statement-preview CREATE INDEX IF NOT EXISTS idx_user_sessions_created_at ON user_sessions (created_at)}
2026-03-20 10:42:11.826 [AUDIT] actor= resource= action= result= corr= tenant= - DDL statement executed successfully {:adapter nil, :statement-preview CREATE INDEX IF NOT EXISTS idx_user_sessions_last_accessed_at ON user_sessions (last_accessed_at)}
2026-03-20 10:42:11.826 [AUDIT] actor= resource= action= result= corr= tenant= - DDL statement executed successfully {:adapter nil, :statement-preview CREATE INDEX IF NOT EXISTS idx_user_sessions_revoked_at ON user_sessions (revoked_at)}
2026-03-20 10:42:11.826 [AUDIT] actor= resource= action= result= corr= tenant= - DDL statement executed successfully {:adapter nil, :statement-preview CREATE INDEX IF NOT EXISTS idx_sessions_token ON user_sessions (session_token)}
2026-03-20 10:42:11.826 [AUDIT] actor= resource= action= result= corr= tenant= - DDL statement executed successfully {:adapter nil, :statement-preview CREATE INDEX IF NOT EXISTS idx_sessions_expires_at ON user_sessions (expires_at)}
2026-03-20 10:42:11.829 [AUDIT] actor= resource= action= result= corr= tenant= - DDL statement executed successfully {:adapter nil, :statement-preview CREATE INDEX IF NOT EXISTS idx_user_audit_log_actor_id ON user_audit_log (actor_id)}
2026-03-20 10:42:11.829 [AUDIT] actor= resource= action= result= corr= tenant= - DDL statement executed successfully {:adapter nil, :statement-preview CREATE INDEX IF NOT EXISTS idx_user_audit_log_target_user_id ON user_audit_log (target_user_id)}
2026-03-20 10:42:11.829 [AUDIT] actor= resource= action= result= corr= tenant= - DDL statement executed successfully {:adapter nil, :statement-preview CREATE INDEX IF NOT EXISTS idx_user_audit_log_action ON user_audit_log (action)}
2026-03-20 10:42:11.829 [AUDIT] actor= resource= action= result= corr= tenant= - DDL statement executed successfully {:adapter nil, :statement-preview CREATE INDEX IF NOT EXISTS idx_user_audit_log_result ON user_audit_log (result)}
2026-03-20 10:42:11.829 [AUDIT] actor= resource= action= result= corr= tenant= - DDL statement executed successfully {:adapter nil, :statement-preview CREATE INDEX IF NOT EXISTS idx_user_audit_log_created_at ON user_audit_log (created_at)}
2026-03-20 10:42:11.829 [AUDIT] actor= resource= action= result= corr= tenant= - Database schema initialization completed successfully {:dialect nil, :tables (auth_users users user_sessions user_audit_log)}
2026-03-20 10:42:11.830 [AUDIT] actor= resource= action= result= corr= tenant= - User module database schema initialized
2026-03-20 10:42:11.830 [AUDIT] actor= resource= action= result= corr= tenant= - Initializing user module routes (normalized format)
2026-03-20 10:42:11.924 [AUDIT] actor= resource= action= result= corr= tenant= - User module routes initialized successfully {:route-keys (:api :web :static), :api-count 9, :web-count 22}
2026-03-20 15:52:26.883 [AUDIT] actor= resource= action= result= corr= tenant= - Processing authentication request {:uri /web/admin/orders, :method :get, :has-session false, :has-bearer false, :cookies nil, :session-token-value nil}
2026-03-20 15:52:26.883 [AUDIT] actor= resource= action= result= corr= tenant= - No authentication credentials provided {:headers-keys (priority sec-fetch-site host user-agent connection upgrade-insecure-requests accept accept-language sec-fetch-dest accept-encoding sec-fetch-mode), :cookie-header nil}
2026-03-20 15:52:27.194 [AUDIT] actor= resource= action= result= corr= tenant= - Processing authentication request {:uri /web/admin/orders, :method :get, :has-session false, :has-bearer false, :cookies nil, :session-token-value nil}
2026-03-20 15:52:27.195 [AUDIT] actor= resource= action= result= corr= tenant= - No authentication credentials provided {:headers-keys (priority sec-fetch-site host user-agent connection upgrade-insecure-requests accept accept-language sec-fetch-dest accept-encoding sec-fetch-mode), :cookie-header nil}
2026-03-20 15:59:02.994 [AUDIT] actor= resource= action= result= corr= tenant= - Processing authentication request {:uri /web/admin/products, :method :get, :has-session true, :has-bearer false, :cookies (session-token Idea-2e373df0), :session-token-value ymDLwZV0}
2026-03-20 15:59:02.995 [AUDIT] actor= resource= action= result= corr= tenant= - Attempting session authentication {:token-preview ymDLwZV0}
2026-03-20 15:59:02.997 [AUDIT] actor= resource= action= result= corr= tenant= - Validating session token {:session-token ymDLwZV0ecICKXkGsAksmDkSFHuUZ42QqC3OLyQyrVU=, :uri /web/admin/products}
2026-03-20 15:59:03.010 [AUDIT] actor= resource= action= result= corr= tenant= - Database operation successful: find-session-by-token {:session-token ymDLwZV0ecICKXkGsAksmDkSFHuUZ42QqC3OLyQyrVU=, :duration-ms 9.176666}
2026-03-20 15:59:03.015 [AUDIT] actor= resource= action= result= corr= tenant= - Database operation successful: update-session {:session-entity {:expires-at #object[java.time.Instant 0x7139f7fc 2026-03-21T14:59:03.010757Z], :user-agent Mozilla/5.0 (Macintosh; Intel Mac OS X 10_15_7) AppleWebKit/605.1.15 (KHTML, like Gecko) Version/26.3.1 Safari/605.1.15, :session-token ymDLwZV0ecICKXkGsAksmDkSFHuUZ42QqC3OLyQyrVU=, :user-id #uuid "d5fa63dd-4d30-4f4f-9237-6df5ae005e6d", :last-accessed-at #object[java.time.Instant 0xa76844e 2026-03-20T14:59:03.010757Z], :id #uuid "e12f2e6f-7726-41df-87b1-900fba57e3a7", :revoked-at nil, :created-at #object[java.time.Instant 0x2595120e 2026-03-20T08:20:52.054410Z], :ip-address [0:0:0:0:0:0:0:1]}, :duration-ms 1.788916}
2026-03-20 15:59:03.016 [AUDIT] actor= resource= action= result= corr= tenant= - Session validation successful {:user-id #uuid "d5fa63dd-4d30-4f4f-9237-6df5ae005e6d"}
2026-03-20 15:59:03.022 [AUDIT] actor= resource= action= result= corr= tenant= - Database operation successful: find-user-by-id {:user-id #uuid "d5fa63dd-4d30-4f4f-9237-6df5ae005e6d", :duration-ms 5.145666}
2026-03-20 15:59:03.032 [AUDIT] actor= resource= action= result= corr= tenant= - Database operation successful: admin-list-entities {:entity products, :limit nil, :offset nil, :duration-ms 3.482958}
2026-03-20 15:59:07.405 [AUDIT] actor= resource= action= result= corr= tenant= - Processing authentication request {:uri /web/admin/products/22222222-2222-2222-2222-222222222222, :method :get, :has-session true, :has-bearer false, :cookies (session-token Idea-2e373df0), :session-token-value ymDLwZV0}
2026-03-20 15:59:07.406 [AUDIT] actor= resource= action= result= corr= tenant= - Attempting session authentication {:token-preview ymDLwZV0}
2026-03-20 15:59:07.406 [AUDIT] actor= resource= action= result= corr= tenant= - Validating session token {:session-token ymDLwZV0ecICKXkGsAksmDkSFHuUZ42QqC3OLyQyrVU=, :uri /web/admin/products/22222222-2222-2222-2222-222222222222}
2026-03-20 15:59:07.410 [AUDIT] actor= resource= action= result= corr= tenant= - Database operation successful: find-session-by-token {:session-token ymDLwZV0ecICKXkGsAksmDkSFHuUZ42QqC3OLyQyrVU=, :duration-ms 3.407625}
2026-03-20 15:59:07.411 [AUDIT] actor= resource= action= result= corr= tenant= - Database operation successful: update-session {:session-entity {:expires-at #object[java.time.Instant 0x58276351 2026-03-21T14:59:03.010757Z], :user-agent Mozilla/5.0 (Macintosh; Intel Mac OS X 10_15_7) AppleWebKit/605.1.15 (KHTML, like Gecko) Version/26.3.1 Safari/605.1.15, :session-token ymDLwZV0ecICKXkGsAksmDkSFHuUZ42QqC3OLyQyrVU=, :user-id #uuid "d5fa63dd-4d30-4f4f-9237-6df5ae005e6d", :last-accessed-at #object[java.time.Instant 0x56e09625 2026-03-20T14:59:07.410275Z], :id #uuid "e12f2e6f-7726-41df-87b1-900fba57e3a7", :revoked-at nil, :created-at #object[java.time.Instant 0x52df0821 2026-03-20T08:20:52.054410Z], :ip-address [0:0:0:0:0:0:0:1]}, :duration-ms 1.030208}
2026-03-20 15:59:07.411 [AUDIT] actor= resource= action= result= corr= tenant= - Session validation successful {:user-id #uuid "d5fa63dd-4d30-4f4f-9237-6df5ae005e6d"}
2026-03-20 15:59:07.413 [AUDIT] actor= resource= action= result= corr= tenant= - Database operation successful: find-user-by-id {:user-id #uuid "d5fa63dd-4d30-4f4f-9237-6df5ae005e6d", :duration-ms 1.822541}
2026-03-20 15:59:07.417 [AUDIT] actor= resource= action= result= corr= tenant= - Database operation successful: admin-get-entity {:entity products, :id #uuid "22222222-2222-2222-2222-222222222222", :duration-ms 1.751584}
2026-03-20 15:59:10.713 [AUDIT] actor= resource= action= result= corr= tenant= - Processing authentication request {:uri /web/admin/products, :method :get, :has-session true, :has-bearer false, :cookies (session-token Idea-2e373df0), :session-token-value ymDLwZV0}
2026-03-20 15:59:10.713 [AUDIT] actor= resource= action= result= corr= tenant= - Attempting session authentication {:token-preview ymDLwZV0}
2026-03-20 15:59:10.713 [AUDIT] actor= resource= action= result= corr= tenant= - Validating session token {:session-token ymDLwZV0ecICKXkGsAksmDkSFHuUZ42QqC3OLyQyrVU=, :uri /web/admin/products}
2026-03-20 15:59:10.717 [AUDIT] actor= resource= action= result= corr= tenant= - Database operation successful: find-session-by-token {:session-token ymDLwZV0ecICKXkGsAksmDkSFHuUZ42QqC3OLyQyrVU=, :duration-ms 3.262416}
2026-03-20 15:59:10.719 [AUDIT] actor= resource= action= result= corr= tenant= - Database operation successful: update-session {:session-entity {:expires-at #object[java.time.Instant 0x4c093413 2026-03-21T14:59:03.010757Z], :user-agent Mozilla/5.0 (Macintosh; Intel Mac OS X 10_15_7) AppleWebKit/605.1.15 (KHTML, like Gecko) Version/26.3.1 Safari/605.1.15, :session-token ymDLwZV0ecICKXkGsAksmDkSFHuUZ42QqC3OLyQyrVU=, :user-id #uuid "d5fa63dd-4d30-4f4f-9237-6df5ae005e6d", :last-accessed-at #object[java.time.Instant 0x4ea4022f 2026-03-20T14:59:10.717740Z], :id #uuid "e12f2e6f-7726-41df-87b1-900fba57e3a7", :revoked-at nil, :created-at #object[java.time.Instant 0x58b14237 2026-03-20T08:20:52.054410Z], :ip-address [0:0:0:0:0:0:0:1]}, :duration-ms 1.294}
2026-03-20 15:59:10.719 [AUDIT] actor= resource= action= result= corr= tenant= - Session validation successful {:user-id #uuid "d5fa63dd-4d30-4f4f-9237-6df5ae005e6d"}
2026-03-20 15:59:10.722 [AUDIT] actor= resource= action= result= corr= tenant= - Database operation successful: find-user-by-id {:user-id #uuid "d5fa63dd-4d30-4f4f-9237-6df5ae005e6d", :duration-ms 1.8655}
2026-03-20 15:59:10.736 [AUDIT] actor= resource= action= result= corr= tenant= - Database operation successful: admin-list-entities {:entity products, :limit nil, :offset nil, :duration-ms 2.638542}
2026-03-20 15:59:13.120 [AUDIT] actor= resource= action= result= corr= tenant= - Processing authentication request {:uri /web/admin/users, :method :get, :has-session true, :has-bearer false, :cookies (session-token Idea-2e373df0), :session-token-value ymDLwZV0}
2026-03-20 15:59:13.121 [AUDIT] actor= resource= action= result= corr= tenant= - Attempting session authentication {:token-preview ymDLwZV0}
2026-03-20 15:59:13.121 [AUDIT] actor= resource= action= result= corr= tenant= - Validating session token {:session-token ymDLwZV0ecICKXkGsAksmDkSFHuUZ42QqC3OLyQyrVU=, :uri /web/admin/users}
2026-03-20 15:59:13.123 [AUDIT] actor= resource= action= result= corr= tenant= - Database operation successful: find-session-by-token {:session-token ymDLwZV0ecICKXkGsAksmDkSFHuUZ42QqC3OLyQyrVU=, :duration-ms 2.239042}
2026-03-20 15:59:13.125 [AUDIT] actor= resource= action= result= corr= tenant= - Database operation successful: update-session {:session-entity {:expires-at #object[java.time.Instant 0x3e473973 2026-03-21T14:59:03.010757Z], :user-agent Mozilla/5.0 (Macintosh; Intel Mac OS X 10_15_7) AppleWebKit/605.1.15 (KHTML, like Gecko) Version/26.3.1 Safari/605.1.15, :session-token ymDLwZV0ecICKXkGsAksmDkSFHuUZ42QqC3OLyQyrVU=, :user-id #uuid "d5fa63dd-4d30-4f4f-9237-6df5ae005e6d", :last-accessed-at #object[java.time.Instant 0x88777f9 2026-03-20T14:59:13.124254Z], :id #uuid "e12f2e6f-7726-41df-87b1-900fba57e3a7", :revoked-at nil, :created-at #object[java.time.Instant 0x46dedde9 2026-03-20T08:20:52.054410Z], :ip-address [0:0:0:0:0:0:0:1]}, :duration-ms 0.872583}
2026-03-20 15:59:13.125 [AUDIT] actor= resource= action= result= corr= tenant= - Session validation successful {:user-id #uuid "d5fa63dd-4d30-4f4f-9237-6df5ae005e6d"}
2026-03-20 15:59:13.127 [AUDIT] actor= resource= action= result= corr= tenant= - Database operation successful: find-user-by-id {:user-id #uuid "d5fa63dd-4d30-4f4f-9237-6df5ae005e6d", :duration-ms 1.610292}
2026-03-20 15:59:13.130 [AUDIT] actor= resource= action= result= corr= tenant= - Database operation successful: admin-list-entities {:entity users, :limit nil, :offset nil, :duration-ms 2.194333}
2026-03-20 15:59:14.655 [AUDIT] actor= resource= action= result= corr= tenant= - Processing authentication request {:uri /web/admin/products, :method :get, :has-session true, :has-bearer false, :cookies (session-token Idea-2e373df0), :session-token-value ymDLwZV0}
2026-03-20 15:59:14.656 [AUDIT] actor= resource= action= result= corr= tenant= - Attempting session authentication {:token-preview ymDLwZV0}
2026-03-20 15:59:14.656 [AUDIT] actor= resource= action= result= corr= tenant= - Validating session token {:session-token ymDLwZV0ecICKXkGsAksmDkSFHuUZ42QqC3OLyQyrVU=, :uri /web/admin/products}
2026-03-20 15:59:14.660 [AUDIT] actor= resource= action= result= corr= tenant= - Database operation successful: find-session-by-token {:session-token ymDLwZV0ecICKXkGsAksmDkSFHuUZ42QqC3OLyQyrVU=, :duration-ms 3.029}
2026-03-20 15:59:14.661 [AUDIT] actor= resource= action= result= corr= tenant= - Database operation successful: update-session {:session-entity {:expires-at #object[java.time.Instant 0x1a3f7c3d 2026-03-21T14:59:03.010757Z], :user-agent Mozilla/5.0 (Macintosh; Intel Mac OS X 10_15_7) AppleWebKit/605.1.15 (KHTML, like Gecko) Version/26.3.1 Safari/605.1.15, :session-token ymDLwZV0ecICKXkGsAksmDkSFHuUZ42QqC3OLyQyrVU=, :user-id #uuid "d5fa63dd-4d30-4f4f-9237-6df5ae005e6d", :last-accessed-at #object[java.time.Instant 0xed11c3d 2026-03-20T14:59:14.660284Z], :id #uuid "e12f2e6f-7726-41df-87b1-900fba57e3a7", :revoked-at nil, :created-at #object[java.time.Instant 0x1ebd098d 2026-03-20T08:20:52.054410Z], :ip-address [0:0:0:0:0:0:0:1]}, :duration-ms 0.758167}
2026-03-20 15:59:14.661 [AUDIT] actor= resource= action= result= corr= tenant= - Session validation successful {:user-id #uuid "d5fa63dd-4d30-4f4f-9237-6df5ae005e6d"}
2026-03-20 15:59:14.662 [AUDIT] actor= resource= action= result= corr= tenant= - Database operation successful: find-user-by-id {:user-id #uuid "d5fa63dd-4d30-4f4f-9237-6df5ae005e6d", :duration-ms 1.187583}
2026-03-20 15:59:14.665 [AUDIT] actor= resource= action= result= corr= tenant= - Database operation successful: admin-list-entities {:entity products, :limit nil, :offset nil, :duration-ms 1.718875}
2026-03-20 15:59:15.993 [AUDIT] actor= resource= action= result= corr= tenant= - Processing authentication request {:uri /web/admin/orders, :method :get, :has-session true, :has-bearer false, :cookies (session-token Idea-2e373df0), :session-token-value ymDLwZV0}
2026-03-20 15:59:15.993 [AUDIT] actor= resource= action= result= corr= tenant= - Attempting session authentication {:token-preview ymDLwZV0}
2026-03-20 15:59:15.993 [AUDIT] actor= resource= action= result= corr= tenant= - Validating session token {:session-token ymDLwZV0ecICKXkGsAksmDkSFHuUZ42QqC3OLyQyrVU=, :uri /web/admin/orders}
2026-03-20 15:59:15.996 [AUDIT] actor= resource= action= result= corr= tenant= - Database operation successful: find-session-by-token {:session-token ymDLwZV0ecICKXkGsAksmDkSFHuUZ42QqC3OLyQyrVU=, :duration-ms 2.150958}
2026-03-20 15:59:15.997 [AUDIT] actor= resource= action= result= corr= tenant= - Database operation successful: update-session {:session-entity {:expires-at #object[java.time.Instant 0x508d4add 2026-03-21T14:59:03.010757Z], :user-agent Mozilla/5.0 (Macintosh; Intel Mac OS X 10_15_7) AppleWebKit/605.1.15 (KHTML, like Gecko) Version/26.3.1 Safari/605.1.15, :session-token ymDLwZV0ecICKXkGsAksmDkSFHuUZ42QqC3OLyQyrVU=, :user-id #uuid "d5fa63dd-4d30-4f4f-9237-6df5ae005e6d", :last-accessed-at #object[java.time.Instant 0x1a381492 2026-03-20T14:59:15.996317Z], :id #uuid "e12f2e6f-7726-41df-87b1-900fba57e3a7", :revoked-at nil, :created-at #object[java.time.Instant 0x288619b6 2026-03-20T08:20:52.054410Z], :ip-address [0:0:0:0:0:0:0:1]}, :duration-ms 0.91975}
2026-03-20 15:59:15.997 [AUDIT] actor= resource= action= result= corr= tenant= - Session validation successful {:user-id #uuid "d5fa63dd-4d30-4f4f-9237-6df5ae005e6d"}
2026-03-20 15:59:15.999 [AUDIT] actor= resource= action= result= corr= tenant= - Database operation successful: find-user-by-id {:user-id #uuid "d5fa63dd-4d30-4f4f-9237-6df5ae005e6d", :duration-ms 1.183542}
2026-03-20 15:59:16.002 [AUDIT] actor= resource= action= result= corr= tenant= - Database operation successful: admin-list-entities {:entity orders, :limit nil, :offset nil, :duration-ms 2.396584}
2026-03-20 15:59:17.421 [AUDIT] actor= resource= action= result= corr= tenant= - Processing authentication request {:uri /web/admin/products, :method :get, :has-session true, :has-bearer false, :cookies (session-token Idea-2e373df0), :session-token-value ymDLwZV0}
2026-03-20 15:59:17.422 [AUDIT] actor= resource= action= result= corr= tenant= - Attempting session authentication {:token-preview ymDLwZV0}
2026-03-20 15:59:17.422 [AUDIT] actor= resource= action= result= corr= tenant= - Validating session token {:session-token ymDLwZV0ecICKXkGsAksmDkSFHuUZ42QqC3OLyQyrVU=, :uri /web/admin/products}
2026-03-20 15:59:17.424 [AUDIT] actor= resource= action= result= corr= tenant= - Database operation successful: find-session-by-token {:session-token ymDLwZV0ecICKXkGsAksmDkSFHuUZ42QqC3OLyQyrVU=, :duration-ms 2.302958}
2026-03-20 15:59:17.426 [AUDIT] actor= resource= action= result= corr= tenant= - Database operation successful: update-session {:session-entity {:expires-at #object[java.time.Instant 0x59db3299 2026-03-21T14:59:03.010757Z], :user-agent Mozilla/5.0 (Macintosh; Intel Mac OS X 10_15_7) AppleWebKit/605.1.15 (KHTML, like Gecko) Version/26.3.1 Safari/605.1.15, :session-token ymDLwZV0ecICKXkGsAksmDkSFHuUZ42QqC3OLyQyrVU=, :user-id #uuid "d5fa63dd-4d30-4f4f-9237-6df5ae005e6d", :last-accessed-at #object[java.time.Instant 0x5ed00470 2026-03-20T14:59:17.425124Z], :id #uuid "e12f2e6f-7726-41df-87b1-900fba57e3a7", :revoked-at nil, :created-at #object[java.time.Instant 0x6d5b88ec 2026-03-20T08:20:52.054410Z], :ip-address [0:0:0:0:0:0:0:1]}, :duration-ms 0.832666}
2026-03-20 15:59:17.426 [AUDIT] actor= resource= action= result= corr= tenant= - Session validation successful {:user-id #uuid "d5fa63dd-4d30-4f4f-9237-6df5ae005e6d"}
2026-03-20 15:59:17.428 [AUDIT] actor= resource= action= result= corr= tenant= - Database operation successful: find-user-by-id {:user-id #uuid "d5fa63dd-4d30-4f4f-9237-6df5ae005e6d", :duration-ms 1.82}
2026-03-20 15:59:17.433 [AUDIT] actor= resource= action= result= corr= tenant= - Database operation successful: admin-list-entities {:entity products, :limit nil, :offset nil, :duration-ms 3.247375}
2026-03-20 15:59:19.617 [AUDIT] actor= resource= action= result= corr= tenant= - Processing authentication request {:uri /web/admin/products/table, :method :get, :has-session true, :has-bearer false, :cookies (session-token Idea-2e373df0), :session-token-value ymDLwZV0}
2026-03-20 15:59:19.617 [AUDIT] actor= resource= action= result= corr= tenant= - Attempting session authentication {:token-preview ymDLwZV0}
2026-03-20 15:59:19.618 [AUDIT] actor= resource= action= result= corr= tenant= - Validating session token {:session-token ymDLwZV0ecICKXkGsAksmDkSFHuUZ42QqC3OLyQyrVU=, :uri /web/admin/products/table}
2026-03-20 15:59:19.621 [AUDIT] actor= resource= action= result= corr= tenant= - Database operation successful: find-session-by-token {:session-token ymDLwZV0ecICKXkGsAksmDkSFHuUZ42QqC3OLyQyrVU=, :duration-ms 3.244333}
2026-03-20 15:59:19.623 [AUDIT] actor= resource= action= result= corr= tenant= - Database operation successful: update-session {:session-entity {:expires-at #object[java.time.Instant 0xe88af0d 2026-03-21T14:59:03.010757Z], :user-agent Mozilla/5.0 (Macintosh; Intel Mac OS X 10_15_7) AppleWebKit/605.1.15 (KHTML, like Gecko) Version/26.3.1 Safari/605.1.15, :session-token ymDLwZV0ecICKXkGsAksmDkSFHuUZ42QqC3OLyQyrVU=, :user-id #uuid "d5fa63dd-4d30-4f4f-9237-6df5ae005e6d", :last-accessed-at #object[java.time.Instant 0xb24ab63 2026-03-20T14:59:19.621906Z], :id #uuid "e12f2e6f-7726-41df-87b1-900fba57e3a7", :revoked-at nil, :created-at #object[java.time.Instant 0x657f6552 2026-03-20T08:20:52.054410Z], :ip-address [0:0:0:0:0:0:0:1]}, :duration-ms 1.108042}
2026-03-20 15:59:19.623 [AUDIT] actor= resource= action= result= corr= tenant= - Session validation successful {:user-id #uuid "d5fa63dd-4d30-4f4f-9237-6df5ae005e6d"}
2026-03-20 15:59:19.625 [AUDIT] actor= resource= action= result= corr= tenant= - Database operation successful: find-user-by-id {:user-id #uuid "d5fa63dd-4d30-4f4f-9237-6df5ae005e6d", :duration-ms 1.67025}
2026-03-20 15:59:19.628 [AUDIT] actor= resource= action= result= corr= tenant= - Database operation successful: admin-list-entities {:entity products, :limit nil, :offset nil, :duration-ms 1.487791}
2026-03-20 15:59:22.514 [AUDIT] actor= resource= action= result= corr= tenant= - Processing authentication request {:uri /web/dashboard, :method :get, :has-session true, :has-bearer false, :cookies (session-token Idea-2e373df0), :session-token-value ymDLwZV0}
2026-03-20 15:59:22.514 [AUDIT] actor= resource= action= result= corr= tenant= - Attempting session authentication {:token-preview ymDLwZV0}
2026-03-20 15:59:22.514 [AUDIT] actor= resource= action= result= corr= tenant= - Validating session token {:session-token ymDLwZV0ecICKXkGsAksmDkSFHuUZ42QqC3OLyQyrVU=, :uri /web/dashboard}
2026-03-20 15:59:22.518 [AUDIT] actor= resource= action= result= corr= tenant= - Database operation successful: find-session-by-token {:session-token ymDLwZV0ecICKXkGsAksmDkSFHuUZ42QqC3OLyQyrVU=, :duration-ms 3.013209}
2026-03-20 15:59:22.519 [AUDIT] actor= resource= action= result= corr= tenant= - Database operation successful: update-session {:session-entity {:expires-at #object[java.time.Instant 0x63860a65 2026-03-21T14:59:03.010757Z], :user-agent Mozilla/5.0 (Macintosh; Intel Mac OS X 10_15_7) AppleWebKit/605.1.15 (KHTML, like Gecko) Version/26.3.1 Safari/605.1.15, :session-token ymDLwZV0ecICKXkGsAksmDkSFHuUZ42QqC3OLyQyrVU=, :user-id #uuid "d5fa63dd-4d30-4f4f-9237-6df5ae005e6d", :last-accessed-at #object[java.time.Instant 0xe9b53c5 2026-03-20T14:59:22.518463Z], :id #uuid "e12f2e6f-7726-41df-87b1-900fba57e3a7", :revoked-at nil, :created-at #object[java.time.Instant 0x6f6f4911 2026-03-20T08:20:52.054410Z], :ip-address [0:0:0:0:0:0:0:1]}, :duration-ms 0.799792}
2026-03-20 15:59:22.519 [AUDIT] actor= resource= action= result= corr= tenant= - Session validation successful {:user-id #uuid "d5fa63dd-4d30-4f4f-9237-6df5ae005e6d"}
2026-03-20 15:59:22.521 [AUDIT] actor= resource= action= result= corr= tenant= - Database operation successful: find-user-by-id {:user-id #uuid "d5fa63dd-4d30-4f4f-9237-6df5ae005e6d", :duration-ms 1.044791}
2026-03-20 15:59:22.522 [AUDIT] actor= resource= action= result= corr= tenant= - Database operation successful: find-sessions-by-user {:user-id #uuid "d5fa63dd-4d30-4f4f-9237-6df5ae005e6d", :duration-ms 0.735292}
2026-03-20 15:59:22.524 [AUDIT] actor= resource= action= result= corr= tenant= - Database operation successful: find-user-by-id {:user-id #uuid "d5fa63dd-4d30-4f4f-9237-6df5ae005e6d", :duration-ms 0.913584}
2026-03-20 15:59:25.879 [AUDIT] actor= resource= action= result= corr= tenant= - Processing authentication request {:uri /web/audit, :method :get, :has-session true, :has-bearer false, :cookies (session-token Idea-2e373df0), :session-token-value ymDLwZV0}
2026-03-20 15:59:25.879 [AUDIT] actor= resource= action= result= corr= tenant= - Attempting session authentication {:token-preview ymDLwZV0}
2026-03-20 15:59:25.879 [AUDIT] actor= resource= action= result= corr= tenant= - Validating session token {:session-token ymDLwZV0ecICKXkGsAksmDkSFHuUZ42QqC3OLyQyrVU=, :uri /web/audit}
2026-03-20 15:59:25.882 [AUDIT] actor= resource= action= result= corr= tenant= - Database operation successful: find-session-by-token {:session-token ymDLwZV0ecICKXkGsAksmDkSFHuUZ42QqC3OLyQyrVU=, :duration-ms 1.942625}
2026-03-20 15:59:25.883 [AUDIT] actor= resource= action= result= corr= tenant= - Database operation successful: update-session {:session-entity {:expires-at #object[java.time.Instant 0x46ee4352 2026-03-21T14:59:03.010757Z], :user-agent Mozilla/5.0 (Macintosh; Intel Mac OS X 10_15_7) AppleWebKit/605.1.15 (KHTML, like Gecko) Version/26.3.1 Safari/605.1.15, :session-token ymDLwZV0ecICKXkGsAksmDkSFHuUZ42QqC3OLyQyrVU=, :user-id #uuid "d5fa63dd-4d30-4f4f-9237-6df5ae005e6d", :last-accessed-at #object[java.time.Instant 0x2c9e3983 2026-03-20T14:59:25.882441Z], :id #uuid "e12f2e6f-7726-41df-87b1-900fba57e3a7", :revoked-at nil, :created-at #object[java.time.Instant 0x778f9c28 2026-03-20T08:20:52.054410Z], :ip-address [0:0:0:0:0:0:0:1]}, :duration-ms 0.871958}
2026-03-20 15:59:25.883 [AUDIT] actor= resource= action= result= corr= tenant= - Session validation successful {:user-id #uuid "d5fa63dd-4d30-4f4f-9237-6df5ae005e6d"}
2026-03-20 15:59:25.885 [AUDIT] actor= resource= action= result= corr= tenant= - Database operation successful: find-user-by-id {:user-id #uuid "d5fa63dd-4d30-4f4f-9237-6df5ae005e6d", :duration-ms 1.615542}
2026-03-20 15:59:25.889 [AUDIT] actor= resource= action= result= corr= tenant= - Database operation successful: find-audit-logs {:options {:limit 50, :offset 0, :sort-by :created-at, :sort-direction :desc}, :duration-ms 1.398791}
2026-03-20 15:59:33.118 [AUDIT] actor= resource= action= result= corr= tenant= - Processing authentication request {:uri /web/audit, :method :get, :has-session true, :has-bearer false, :cookies (session-token Idea-2e373df0), :session-token-value ymDLwZV0}
2026-03-20 15:59:33.118 [AUDIT] actor= resource= action= result= corr= tenant= - Attempting session authentication {:token-preview ymDLwZV0}
2026-03-20 15:59:33.119 [AUDIT] actor= resource= action= result= corr= tenant= - Validating session token {:session-token ymDLwZV0ecICKXkGsAksmDkSFHuUZ42QqC3OLyQyrVU=, :uri /web/audit}
2026-03-20 15:59:33.121 [AUDIT] actor= resource= action= result= corr= tenant= - Database operation successful: find-session-by-token {:session-token ymDLwZV0ecICKXkGsAksmDkSFHuUZ42QqC3OLyQyrVU=, :duration-ms 2.110834}
2026-03-20 15:59:33.122 [AUDIT] actor= resource= action= result= corr= tenant= - Database operation successful: update-session {:session-entity {:expires-at #object[java.time.Instant 0x2ad6486e 2026-03-21T14:59:03.010757Z], :user-agent Mozilla/5.0 (Macintosh; Intel Mac OS X 10_15_7) AppleWebKit/605.1.15 (KHTML, like Gecko) Version/26.3.1 Safari/605.1.15, :session-token ymDLwZV0ecICKXkGsAksmDkSFHuUZ42QqC3OLyQyrVU=, :user-id #uuid "d5fa63dd-4d30-4f4f-9237-6df5ae005e6d", :last-accessed-at #object[java.time.Instant 0x4b69079d 2026-03-20T14:59:33.121699Z], :id #uuid "e12f2e6f-7726-41df-87b1-900fba57e3a7", :revoked-at nil, :created-at #object[java.time.Instant 0x4ddfca39 2026-03-20T08:20:52.054410Z], :ip-address [0:0:0:0:0:0:0:1]}, :duration-ms 0.873417}
2026-03-20 15:59:33.123 [AUDIT] actor= resource= action= result= corr= tenant= - Session validation successful {:user-id #uuid "d5fa63dd-4d30-4f4f-9237-6df5ae005e6d"}
2026-03-20 15:59:33.124 [AUDIT] actor= resource= action= result= corr= tenant= - Database operation successful: find-user-by-id {:user-id #uuid "d5fa63dd-4d30-4f4f-9237-6df5ae005e6d", :duration-ms 1.171791}
2026-03-20 15:59:33.125 [AUDIT] actor= resource= action= result= corr= tenant= - Database operation successful: find-audit-logs {:options {:limit 50, :offset 0, :sort-by :created-at, :sort-direction :desc}, :duration-ms 0.791167}
2026-03-20 15:59:39.512 [AUDIT] actor= resource= action= result= corr= tenant= - Processing authentication request {:uri /web/dashboard, :method :get, :has-session true, :has-bearer false, :cookies (session-token Idea-2e373df0), :session-token-value ymDLwZV0}
2026-03-20 15:59:39.512 [AUDIT] actor= resource= action= result= corr= tenant= - Attempting session authentication {:token-preview ymDLwZV0}
2026-03-20 15:59:39.512 [AUDIT] actor= resource= action= result= corr= tenant= - Validating session token {:session-token ymDLwZV0ecICKXkGsAksmDkSFHuUZ42QqC3OLyQyrVU=, :uri /web/dashboard}
2026-03-20 15:59:39.515 [AUDIT] actor= resource= action= result= corr= tenant= - Database operation successful: find-session-by-token {:session-token ymDLwZV0ecICKXkGsAksmDkSFHuUZ42QqC3OLyQyrVU=, :duration-ms 2.412}
2026-03-20 15:59:39.517 [AUDIT] actor= resource= action= result= corr= tenant= - Database operation successful: update-session {:session-entity {:expires-at #object[java.time.Instant 0x370d2330 2026-03-21T14:59:03.010757Z], :user-agent Mozilla/5.0 (Macintosh; Intel Mac OS X 10_15_7) AppleWebKit/605.1.15 (KHTML, like Gecko) Version/26.3.1 Safari/605.1.15, :session-token ymDLwZV0ecICKXkGsAksmDkSFHuUZ42QqC3OLyQyrVU=, :user-id #uuid "d5fa63dd-4d30-4f4f-9237-6df5ae005e6d", :last-accessed-at #object[java.time.Instant 0x7cb6121b 2026-03-20T14:59:39.515825Z], :id #uuid "e12f2e6f-7726-41df-87b1-900fba57e3a7", :revoked-at nil, :created-at #object[java.time.Instant 0x52e7d15d 2026-03-20T08:20:52.054410Z], :ip-address [0:0:0:0:0:0:0:1]}, :duration-ms 1.004708}
2026-03-20 15:59:39.517 [AUDIT] actor= resource= action= result= corr= tenant= - Session validation successful {:user-id #uuid "d5fa63dd-4d30-4f4f-9237-6df5ae005e6d"}
2026-03-20 15:59:39.519 [AUDIT] actor= resource= action= result= corr= tenant= - Database operation successful: find-user-by-id {:user-id #uuid "d5fa63dd-4d30-4f4f-9237-6df5ae005e6d", :duration-ms 1.411125}
2026-03-20 15:59:39.520 [AUDIT] actor= resource= action= result= corr= tenant= - Database operation successful: find-sessions-by-user {:user-id #uuid "d5fa63dd-4d30-4f4f-9237-6df5ae005e6d", :duration-ms 0.559667}
2026-03-20 15:59:39.521 [AUDIT] actor= resource= action= result= corr= tenant= - Database operation successful: find-user-by-id {:user-id #uuid "d5fa63dd-4d30-4f4f-9237-6df5ae005e6d", :duration-ms 0.816625}
2026-03-20 15:59:41.381 [AUDIT] actor= resource= action= result= corr= tenant= - Processing authentication request {:uri /web/profile, :method :get, :has-session true, :has-bearer false, :cookies (session-token Idea-2e373df0), :session-token-value ymDLwZV0}
2026-03-20 15:59:41.382 [AUDIT] actor= resource= action= result= corr= tenant= - Attempting session authentication {:token-preview ymDLwZV0}
2026-03-20 15:59:41.382 [AUDIT] actor= resource= action= result= corr= tenant= - Validating session token {:session-token ymDLwZV0ecICKXkGsAksmDkSFHuUZ42QqC3OLyQyrVU=, :uri /web/profile}
2026-03-20 15:59:41.385 [AUDIT] actor= resource= action= result= corr= tenant= - Database operation successful: find-session-by-token {:session-token ymDLwZV0ecICKXkGsAksmDkSFHuUZ42QqC3OLyQyrVU=, :duration-ms 2.657625}
2026-03-20 15:59:41.386 [AUDIT] actor= resource= action= result= corr= tenant= - Database operation successful: update-session {:session-entity {:expires-at #object[java.time.Instant 0x4bf6e611 2026-03-21T14:59:03.010757Z], :user-agent Mozilla/5.0 (Macintosh; Intel Mac OS X 10_15_7) AppleWebKit/605.1.15 (KHTML, like Gecko) Version/26.3.1 Safari/605.1.15, :session-token ymDLwZV0ecICKXkGsAksmDkSFHuUZ42QqC3OLyQyrVU=, :user-id #uuid "d5fa63dd-4d30-4f4f-9237-6df5ae005e6d", :last-accessed-at #object[java.time.Instant 0x71979610 2026-03-20T14:59:41.385533Z], :id #uuid "e12f2e6f-7726-41df-87b1-900fba57e3a7", :revoked-at nil, :created-at #object[java.time.Instant 0x2bd19034 2026-03-20T08:20:52.054410Z], :ip-address [0:0:0:0:0:0:0:1]}, :duration-ms 0.858875}
2026-03-20 15:59:41.386 [AUDIT] actor= resource= action= result= corr= tenant= - Session validation successful {:user-id #uuid "d5fa63dd-4d30-4f4f-9237-6df5ae005e6d"}
2026-03-20 15:59:41.388 [AUDIT] actor= resource= action= result= corr= tenant= - Database operation successful: find-user-by-id {:user-id #uuid "d5fa63dd-4d30-4f4f-9237-6df5ae005e6d", :duration-ms 1.12975}
2026-03-20 15:59:41.389 [AUDIT] actor= resource= action= result= corr= tenant= - Database operation successful: find-user-by-id {:user-id #uuid "d5fa63dd-4d30-4f4f-9237-6df5ae005e6d", :duration-ms 0.842166}
2026-03-20 15:59:41.390 [AUDIT] actor= resource= action= result= corr= tenant= - Database operation successful: find-user-by-id {:user-id #uuid "d5fa63dd-4d30-4f4f-9237-6df5ae005e6d", :duration-ms 0.680084}
2026-03-20 15:59:46.084 [AUDIT] actor= resource= action= result= corr= tenant= - Processing authentication request {:uri /web/profile/edit, :method :get, :has-session true, :has-bearer false, :cookies (session-token Idea-2e373df0), :session-token-value ymDLwZV0}
2026-03-20 15:59:46.084 [AUDIT] actor= resource= action= result= corr= tenant= - Attempting session authentication {:token-preview ymDLwZV0}
2026-03-20 15:59:46.084 [AUDIT] actor= resource= action= result= corr= tenant= - Validating session token {:session-token ymDLwZV0ecICKXkGsAksmDkSFHuUZ42QqC3OLyQyrVU=, :uri /web/profile/edit}
2026-03-20 15:59:46.087 [AUDIT] actor= resource= action= result= corr= tenant= - Database operation successful: find-session-by-token {:session-token ymDLwZV0ecICKXkGsAksmDkSFHuUZ42QqC3OLyQyrVU=, :duration-ms 2.172958}
2026-03-20 15:59:46.088 [AUDIT] actor= resource= action= result= corr= tenant= - Database operation successful: update-session {:session-entity {:expires-at #object[java.time.Instant 0x5dda313b 2026-03-21T14:59:03.010757Z], :user-agent Mozilla/5.0 (Macintosh; Intel Mac OS X 10_15_7) AppleWebKit/605.1.15 (KHTML, like Gecko) Version/26.3.1 Safari/605.1.15, :session-token ymDLwZV0ecICKXkGsAksmDkSFHuUZ42QqC3OLyQyrVU=, :user-id #uuid "d5fa63dd-4d30-4f4f-9237-6df5ae005e6d", :last-accessed-at #object[java.time.Instant 0x5d958fe3 2026-03-20T14:59:46.087491Z], :id #uuid "e12f2e6f-7726-41df-87b1-900fba57e3a7", :revoked-at nil, :created-at #object[java.time.Instant 0x3b8f3a5 2026-03-20T08:20:52.054410Z], :ip-address [0:0:0:0:0:0:0:1]}, :duration-ms 0.729333}
2026-03-20 15:59:46.088 [AUDIT] actor= resource= action= result= corr= tenant= - Session validation successful {:user-id #uuid "d5fa63dd-4d30-4f4f-9237-6df5ae005e6d"}
2026-03-20 15:59:46.090 [AUDIT] actor= resource= action= result= corr= tenant= - Database operation successful: find-user-by-id {:user-id #uuid "d5fa63dd-4d30-4f4f-9237-6df5ae005e6d", :duration-ms 1.2045}
2026-03-20 15:59:46.091 [AUDIT] actor= resource= action= result= corr= tenant= - Database operation successful: find-user-by-id {:user-id #uuid "d5fa63dd-4d30-4f4f-9237-6df5ae005e6d", :duration-ms 1.14025}
2026-03-20 15:59:57.233 [AUDIT] actor= resource= action= result= corr= tenant= - Processing authentication request {:uri /web/profile, :method :post, :has-session true, :has-bearer false, :cookies (session-token Idea-2e373df0), :session-token-value ymDLwZV0}
2026-03-20 15:59:57.233 [AUDIT] actor= resource= action= result= corr= tenant= - Attempting session authentication {:token-preview ymDLwZV0}
2026-03-20 15:59:57.233 [AUDIT] actor= resource= action= result= corr= tenant= - Validating session token {:session-token ymDLwZV0ecICKXkGsAksmDkSFHuUZ42QqC3OLyQyrVU=, :uri /web/profile}
2026-03-20 15:59:57.234 [AUDIT] actor= resource= action= result= corr= tenant= - Database operation successful: find-session-by-token {:session-token ymDLwZV0ecICKXkGsAksmDkSFHuUZ42QqC3OLyQyrVU=, :duration-ms 1.263042}
2026-03-20 15:59:57.235 [AUDIT] actor= resource= action= result= corr= tenant= - Database operation successful: update-session {:session-entity {:expires-at #object[java.time.Instant 0x6a4e4a61 2026-03-21T14:59:03.010757Z], :user-agent Mozilla/5.0 (Macintosh; Intel Mac OS X 10_15_7) AppleWebKit/605.1.15 (KHTML, like Gecko) Version/26.3.1 Safari/605.1.15, :session-token ymDLwZV0ecICKXkGsAksmDkSFHuUZ42QqC3OLyQyrVU=, :user-id #uuid "d5fa63dd-4d30-4f4f-9237-6df5ae005e6d", :last-accessed-at #object[java.time.Instant 0x7268c89d 2026-03-20T14:59:57.234940Z], :id #uuid "e12f2e6f-7726-41df-87b1-900fba57e3a7", :revoked-at nil, :created-at #object[java.time.Instant 0x79b6fd39 2026-03-20T08:20:52.054410Z], :ip-address [0:0:0:0:0:0:0:1]}, :duration-ms 0.560709}
2026-03-20 15:59:57.235 [AUDIT] actor= resource= action= result= corr= tenant= - Session validation successful {:user-id #uuid "d5fa63dd-4d30-4f4f-9237-6df5ae005e6d"}
2026-03-20 15:59:57.237 [AUDIT] actor= resource= action= result= corr= tenant= - Database operation successful: find-user-by-id {:user-id #uuid "d5fa63dd-4d30-4f4f-9237-6df5ae005e6d", :duration-ms 1.161541}
2026-03-20 15:59:57.244 [AUDIT] actor= resource= action= result= corr= tenant= - Database operation successful: find-user-by-id {:user-id #uuid "d5fa63dd-4d30-4f4f-9237-6df5ae005e6d", :duration-ms 0.95775}
2026-03-20 15:59:57.246 [AUDIT] actor= resource= action= result= corr= tenant= - Database operation successful: find-user-by-id {:user-id #uuid "d5fa63dd-4d30-4f4f-9237-6df5ae005e6d", :duration-ms 0.771916}
2026-03-20 15:59:57.252 [AUDIT] actor= resource= action= result= corr= tenant= - Database operation successful: update-user {:user-entity {:role :admin, :updated-at #object[java.time.Instant 0x3933f648 2026-03-20T14:59:57.248640Z], :email ff@ex.nl, :notifications-sms false, :name Administrator account, :last-login #object[java.time.Instant 0x54f884c5 2026-03-20T08:20:51.781320Z], :deleted-at nil, :notifications-push false, :login-count 3, :active true, :id #uuid "d5fa63dd-4d30-4f4f-9237-6df5ae005e6d", :failed-login-count 0, :notifications-email false, :created-at #object[java.time.Instant 0x4d640799 2026-03-20T05:53:14.552596Z]}, :duration-ms 3.452}
2026-03-20 15:59:57.261 [AUDIT] actor= resource= action= result= corr= tenant= - Database operation successful: create-audit-log {:audit-entity {:actor-email ff@ex.nl, :user-agent nil, :target-user-id #uuid "d5fa63dd-4d30-4f4f-9237-6df5ae005e6d", :actor-id #uuid "d5fa63dd-4d30-4f4f-9237-6df5ae005e6d", :result :success, :target-user-email ff@ex.nl, :changes {:fields [{:field updated-at, :old , :new 2026-03-20T14:59:57.248640Z} {:field name, :old Admin, :new Administrator account}]}, :action :update, :metadata {:field-count 2}, :ip-address nil}, :duration-ms 4.561792}
2026-03-20 16:00:05.927 [AUDIT] actor= resource= action= result= corr= tenant= - Processing authentication request {:uri /web/profile/preferences/edit, :method :get, :has-session true, :has-bearer false, :cookies (session-token Idea-2e373df0), :session-token-value ymDLwZV0}
2026-03-20 16:00:05.927 [AUDIT] actor= resource= action= result= corr= tenant= - Attempting session authentication {:token-preview ymDLwZV0}
2026-03-20 16:00:05.927 [AUDIT] actor= resource= action= result= corr= tenant= - Validating session token {:session-token ymDLwZV0ecICKXkGsAksmDkSFHuUZ42QqC3OLyQyrVU=, :uri /web/profile/preferences/edit}
2026-03-20 16:00:05.930 [AUDIT] actor= resource= action= result= corr= tenant= - Database operation successful: find-session-by-token {:session-token ymDLwZV0ecICKXkGsAksmDkSFHuUZ42QqC3OLyQyrVU=, :duration-ms 2.26525}
2026-03-20 16:00:05.931 [AUDIT] actor= resource= action= result= corr= tenant= - Database operation successful: update-session {:session-entity {:expires-at #object[java.time.Instant 0x4cac7ba6 2026-03-21T14:59:03.010757Z], :user-agent Mozilla/5.0 (Macintosh; Intel Mac OS X 10_15_7) AppleWebKit/605.1.15 (KHTML, like Gecko) Version/26.3.1 Safari/605.1.15, :session-token ymDLwZV0ecICKXkGsAksmDkSFHuUZ42QqC3OLyQyrVU=, :user-id #uuid "d5fa63dd-4d30-4f4f-9237-6df5ae005e6d", :last-accessed-at #object[java.time.Instant 0x12e6c5a0 2026-03-20T15:00:05.930725Z], :id #uuid "e12f2e6f-7726-41df-87b1-900fba57e3a7", :revoked-at nil, :created-at #object[java.time.Instant 0x5e0c2b2d 2026-03-20T08:20:52.054410Z], :ip-address [0:0:0:0:0:0:0:1]}, :duration-ms 0.790708}
2026-03-20 16:00:05.931 [AUDIT] actor= resource= action= result= corr= tenant= - Session validation successful {:user-id #uuid "d5fa63dd-4d30-4f4f-9237-6df5ae005e6d"}
2026-03-20 16:00:05.933 [AUDIT] actor= resource= action= result= corr= tenant= - Database operation successful: find-user-by-id {:user-id #uuid "d5fa63dd-4d30-4f4f-9237-6df5ae005e6d", :duration-ms 1.239625}
2026-03-20 16:00:05.934 [AUDIT] actor= resource= action= result= corr= tenant= - Database operation successful: find-user-by-id {:user-id #uuid "d5fa63dd-4d30-4f4f-9237-6df5ae005e6d", :duration-ms 0.953292}
2026-03-20 16:00:09.889 [AUDIT] actor= resource= action= result= corr= tenant= - Processing authentication request {:uri /web/profile/preferences, :method :get, :has-session true, :has-bearer false, :cookies (session-token Idea-2e373df0), :session-token-value ymDLwZV0}
2026-03-20 16:00:09.889 [AUDIT] actor= resource= action= result= corr= tenant= - Attempting session authentication {:token-preview ymDLwZV0}
2026-03-20 16:00:09.890 [AUDIT] actor= resource= action= result= corr= tenant= - Validating session token {:session-token ymDLwZV0ecICKXkGsAksmDkSFHuUZ42QqC3OLyQyrVU=, :uri /web/profile/preferences}
2026-03-20 16:00:09.892 [AUDIT] actor= resource= action= result= corr= tenant= - Database operation successful: find-session-by-token {:session-token ymDLwZV0ecICKXkGsAksmDkSFHuUZ42QqC3OLyQyrVU=, :duration-ms 2.156709}
2026-03-20 16:00:09.894 [AUDIT] actor= resource= action= result= corr= tenant= - Database operation successful: update-session {:session-entity {:expires-at #object[java.time.Instant 0x3bd8436e 2026-03-21T14:59:03.010757Z], :user-agent Mozilla/5.0 (Macintosh; Intel Mac OS X 10_15_7) AppleWebKit/605.1.15 (KHTML, like Gecko) Version/26.3.1 Safari/605.1.15, :session-token ymDLwZV0ecICKXkGsAksmDkSFHuUZ42QqC3OLyQyrVU=, :user-id #uuid "d5fa63dd-4d30-4f4f-9237-6df5ae005e6d", :last-accessed-at #object[java.time.Instant 0x23d5e943 2026-03-20T15:00:09.892825Z], :id #uuid "e12f2e6f-7726-41df-87b1-900fba57e3a7", :revoked-at nil, :created-at #object[java.time.Instant 0x2083474b 2026-03-20T08:20:52.054410Z], :ip-address [0:0:0:0:0:0:0:1]}, :duration-ms 0.908625}
2026-03-20 16:00:09.894 [AUDIT] actor= resource= action= result= corr= tenant= - Session validation successful {:user-id #uuid "d5fa63dd-4d30-4f4f-9237-6df5ae005e6d"}
2026-03-20 16:00:09.895 [AUDIT] actor= resource= action= result= corr= tenant= - Database operation successful: find-user-by-id {:user-id #uuid "d5fa63dd-4d30-4f4f-9237-6df5ae005e6d", :duration-ms 1.246709}
2026-03-20 16:00:09.897 [AUDIT] actor= resource= action= result= corr= tenant= - Database operation successful: find-user-by-id {:user-id #uuid "d5fa63dd-4d30-4f4f-9237-6df5ae005e6d", :duration-ms 1.04525}
2026-03-20 16:00:11.666 [AUDIT] actor= resource= action= result= corr= tenant= - Processing authentication request {:uri /web/audit, :method :get, :has-session true, :has-bearer false, :cookies (session-token Idea-2e373df0), :session-token-value ymDLwZV0}
2026-03-20 16:00:11.667 [AUDIT] actor= resource= action= result= corr= tenant= - Attempting session authentication {:token-preview ymDLwZV0}
2026-03-20 16:00:11.667 [AUDIT] actor= resource= action= result= corr= tenant= - Validating session token {:session-token ymDLwZV0ecICKXkGsAksmDkSFHuUZ42QqC3OLyQyrVU=, :uri /web/audit}
2026-03-20 16:00:11.669 [AUDIT] actor= resource= action= result= corr= tenant= - Database operation successful: find-session-by-token {:session-token ymDLwZV0ecICKXkGsAksmDkSFHuUZ42QqC3OLyQyrVU=, :duration-ms 2.0205}
2026-03-20 16:00:11.670 [AUDIT] actor= resource= action= result= corr= tenant= - Database operation successful: update-session {:session-entity {:expires-at #object[java.time.Instant 0x770908c8 2026-03-21T14:59:03.010757Z], :user-agent Mozilla/5.0 (Macintosh; Intel Mac OS X 10_15_7) AppleWebKit/605.1.15 (KHTML, like Gecko) Version/26.3.1 Safari/605.1.15, :session-token ymDLwZV0ecICKXkGsAksmDkSFHuUZ42QqC3OLyQyrVU=, :user-id #uuid "d5fa63dd-4d30-4f4f-9237-6df5ae005e6d", :last-accessed-at #object[java.time.Instant 0x2ce92dc6 2026-03-20T15:00:11.669618Z], :id #uuid "e12f2e6f-7726-41df-87b1-900fba57e3a7", :revoked-at nil, :created-at #object[java.time.Instant 0x6cae4430 2026-03-20T08:20:52.054410Z], :ip-address [0:0:0:0:0:0:0:1]}, :duration-ms 0.692791}
2026-03-20 16:00:11.670 [AUDIT] actor= resource= action= result= corr= tenant= - Session validation successful {:user-id #uuid "d5fa63dd-4d30-4f4f-9237-6df5ae005e6d"}
2026-03-20 16:00:11.672 [AUDIT] actor= resource= action= result= corr= tenant= - Database operation successful: find-user-by-id {:user-id #uuid "d5fa63dd-4d30-4f4f-9237-6df5ae005e6d", :duration-ms 1.3915}
2026-03-20 16:00:11.673 [AUDIT] actor= resource= action= result= corr= tenant= - Database operation successful: find-audit-logs {:options {:limit 50, :offset 0, :sort-by :created-at, :sort-direction :desc}, :duration-ms 0.771292}
2026-03-20 16:00:12.691 [AUDIT] actor= resource= action= result= corr= tenant= - Processing authentication request {:uri /web/dashboard, :method :get, :has-session true, :has-bearer false, :cookies (session-token Idea-2e373df0), :session-token-value ymDLwZV0}
2026-03-20 16:00:12.691 [AUDIT] actor= resource= action= result= corr= tenant= - Attempting session authentication {:token-preview ymDLwZV0}
2026-03-20 16:00:12.691 [AUDIT] actor= resource= action= result= corr= tenant= - Validating session token {:session-token ymDLwZV0ecICKXkGsAksmDkSFHuUZ42QqC3OLyQyrVU=, :uri /web/dashboard}
2026-03-20 16:00:12.694 [AUDIT] actor= resource= action= result= corr= tenant= - Database operation successful: find-session-by-token {:session-token ymDLwZV0ecICKXkGsAksmDkSFHuUZ42QqC3OLyQyrVU=, :duration-ms 2.367125}
2026-03-20 16:00:12.696 [AUDIT] actor= resource= action= result= corr= tenant= - Database operation successful: update-session {:session-entity {:expires-at #object[java.time.Instant 0x329517d6 2026-03-21T14:59:03.010757Z], :user-agent Mozilla/5.0 (Macintosh; Intel Mac OS X 10_15_7) AppleWebKit/605.1.15 (KHTML, like Gecko) Version/26.3.1 Safari/605.1.15, :session-token ymDLwZV0ecICKXkGsAksmDkSFHuUZ42QqC3OLyQyrVU=, :user-id #uuid "d5fa63dd-4d30-4f4f-9237-6df5ae005e6d", :last-accessed-at #object[java.time.Instant 0x3e4abb56 2026-03-20T15:00:12.694796Z], :id #uuid "e12f2e6f-7726-41df-87b1-900fba57e3a7", :revoked-at nil, :created-at #object[java.time.Instant 0x4f51c1eb 2026-03-20T08:20:52.054410Z], :ip-address [0:0:0:0:0:0:0:1]}, :duration-ms 1.26575}
2026-03-20 16:00:12.696 [AUDIT] actor= resource= action= result= corr= tenant= - Session validation successful {:user-id #uuid "d5fa63dd-4d30-4f4f-9237-6df5ae005e6d"}
2026-03-20 16:00:12.697 [AUDIT] actor= resource= action= result= corr= tenant= - Database operation successful: find-user-by-id {:user-id #uuid "d5fa63dd-4d30-4f4f-9237-6df5ae005e6d", :duration-ms 0.862708}
2026-03-20 16:00:12.698 [AUDIT] actor= resource= action= result= corr= tenant= - Database operation successful: find-sessions-by-user {:user-id #uuid "d5fa63dd-4d30-4f4f-9237-6df5ae005e6d", :duration-ms 0.345042}
2026-03-20 16:00:12.699 [AUDIT] actor= resource= action= result= corr= tenant= - Database operation successful: find-user-by-id {:user-id #uuid "d5fa63dd-4d30-4f4f-9237-6df5ae005e6d", :duration-ms 0.638958}
2026-03-20 16:00:14.955 [AUDIT] actor= resource= action= result= corr= tenant= - Processing authentication request {:uri /web/admin/, :method :get, :has-session true, :has-bearer false, :cookies (session-token Idea-2e373df0), :session-token-value ymDLwZV0}
2026-03-20 16:00:14.955 [AUDIT] actor= resource= action= result= corr= tenant= - Attempting session authentication {:token-preview ymDLwZV0}
2026-03-20 16:00:14.955 [AUDIT] actor= resource= action= result= corr= tenant= - Validating session token {:session-token ymDLwZV0ecICKXkGsAksmDkSFHuUZ42QqC3OLyQyrVU=, :uri /web/admin/}
2026-03-20 16:00:14.957 [AUDIT] actor= resource= action= result= corr= tenant= - Database operation successful: find-session-by-token {:session-token ymDLwZV0ecICKXkGsAksmDkSFHuUZ42QqC3OLyQyrVU=, :duration-ms 1.653667}
2026-03-20 16:00:14.958 [AUDIT] actor= resource= action= result= corr= tenant= - Database operation successful: update-session {:session-entity {:expires-at #object[java.time.Instant 0x133edf60 2026-03-21T14:59:03.010757Z], :user-agent Mozilla/5.0 (Macintosh; Intel Mac OS X 10_15_7) AppleWebKit/605.1.15 (KHTML, like Gecko) Version/26.3.1 Safari/605.1.15, :session-token ymDLwZV0ecICKXkGsAksmDkSFHuUZ42QqC3OLyQyrVU=, :user-id #uuid "d5fa63dd-4d30-4f4f-9237-6df5ae005e6d", :last-accessed-at #object[java.time.Instant 0x6a043d5a 2026-03-20T15:00:14.957715Z], :id #uuid "e12f2e6f-7726-41df-87b1-900fba57e3a7", :revoked-at nil, :created-at #object[java.time.Instant 0x66975ea8 2026-03-20T08:20:52.054410Z], :ip-address [0:0:0:0:0:0:0:1]}, :duration-ms 0.691042}
2026-03-20 16:00:14.958 [AUDIT] actor= resource= action= result= corr= tenant= - Session validation successful {:user-id #uuid "d5fa63dd-4d30-4f4f-9237-6df5ae005e6d"}
2026-03-20 16:00:14.960 [AUDIT] actor= resource= action= result= corr= tenant= - Database operation successful: find-user-by-id {:user-id #uuid "d5fa63dd-4d30-4f4f-9237-6df5ae005e6d", :duration-ms 1.198417}
2026-03-20 16:00:14.960 [AUDIT] actor= resource= action= result= corr= tenant= - After require-admin-user! {:user-email ff@ex.nl}
2026-03-20 16:00:14.960 [AUDIT] actor= resource= action= result= corr= tenant= - Redirecting to first entity {:entity :orders}
2026-03-20 16:00:14.968 [AUDIT] actor= resource= action= result= corr= tenant= - Processing authentication request {:uri /web/admin/orders, :method :get, :has-session true, :has-bearer false, :cookies (session-token Idea-2e373df0), :session-token-value ymDLwZV0}
2026-03-20 16:00:14.968 [AUDIT] actor= resource= action= result= corr= tenant= - Attempting session authentication {:token-preview ymDLwZV0}
2026-03-20 16:00:14.968 [AUDIT] actor= resource= action= result= corr= tenant= - Validating session token {:session-token ymDLwZV0ecICKXkGsAksmDkSFHuUZ42QqC3OLyQyrVU=, :uri /web/admin/orders}
2026-03-20 16:00:14.970 [AUDIT] actor= resource= action= result= corr= tenant= - Database operation successful: find-session-by-token {:session-token ymDLwZV0ecICKXkGsAksmDkSFHuUZ42QqC3OLyQyrVU=, :duration-ms 1.999833}
2026-03-20 16:00:14.972 [AUDIT] actor= resource= action= result= corr= tenant= - Database operation successful: update-session {:session-entity {:expires-at #object[java.time.Instant 0x320d6488 2026-03-21T14:59:03.010757Z], :user-agent Mozilla/5.0 (Macintosh; Intel Mac OS X 10_15_7) AppleWebKit/605.1.15 (KHTML, like Gecko) Version/26.3.1 Safari/605.1.15, :session-token ymDLwZV0ecICKXkGsAksmDkSFHuUZ42QqC3OLyQyrVU=, :user-id #uuid "d5fa63dd-4d30-4f4f-9237-6df5ae005e6d", :last-accessed-at #object[java.time.Instant 0x1d534824 2026-03-20T15:00:14.971072Z], :id #uuid "e12f2e6f-7726-41df-87b1-900fba57e3a7", :revoked-at nil, :created-at #object[java.time.Instant 0x39bc55eb 2026-03-20T08:20:52.054410Z], :ip-address [0:0:0:0:0:0:0:1]}, :duration-ms 1.023916}
2026-03-20 16:00:14.972 [AUDIT] actor= resource= action= result= corr= tenant= - Session validation successful {:user-id #uuid "d5fa63dd-4d30-4f4f-9237-6df5ae005e6d"}
2026-03-20 16:00:14.974 [AUDIT] actor= resource= action= result= corr= tenant= - Database operation successful: find-user-by-id {:user-id #uuid "d5fa63dd-4d30-4f4f-9237-6df5ae005e6d", :duration-ms 1.435958}
2026-03-20 16:00:14.978 [AUDIT] actor= resource= action= result= corr= tenant= - Database operation successful: admin-list-entities {:entity orders, :limit nil, :offset nil, :duration-ms 2.103333}
2026-03-20 16:00:21.000 [AUDIT] actor= resource= action= result= corr= tenant= - Processing authentication request {:uri /web/admin/orders/0dca873e-dfcc-44f5-b797-720b15f71330, :method :get, :has-session true, :has-bearer false, :cookies (session-token Idea-2e373df0), :session-token-value ymDLwZV0}
2026-03-20 16:00:21.001 [AUDIT] actor= resource= action= result= corr= tenant= - Attempting session authentication {:token-preview ymDLwZV0}
2026-03-20 16:00:21.001 [AUDIT] actor= resource= action= result= corr= tenant= - Validating session token {:session-token ymDLwZV0ecICKXkGsAksmDkSFHuUZ42QqC3OLyQyrVU=, :uri /web/admin/orders/0dca873e-dfcc-44f5-b797-720b15f71330}
2026-03-20 16:00:21.003 [AUDIT] actor= resource= action= result= corr= tenant= - Database operation successful: find-session-by-token {:session-token ymDLwZV0ecICKXkGsAksmDkSFHuUZ42QqC3OLyQyrVU=, :duration-ms 1.608917}
2026-03-20 16:00:21.004 [AUDIT] actor= resource= action= result= corr= tenant= - Database operation successful: update-session {:session-entity {:expires-at #object[java.time.Instant 0x33827751 2026-03-21T14:59:03.010757Z], :user-agent Mozilla/5.0 (Macintosh; Intel Mac OS X 10_15_7) AppleWebKit/605.1.15 (KHTML, like Gecko) Version/26.3.1 Safari/605.1.15, :session-token ymDLwZV0ecICKXkGsAksmDkSFHuUZ42QqC3OLyQyrVU=, :user-id #uuid "d5fa63dd-4d30-4f4f-9237-6df5ae005e6d", :last-accessed-at #object[java.time.Instant 0x4fb8d95e 2026-03-20T15:00:21.003429Z], :id #uuid "e12f2e6f-7726-41df-87b1-900fba57e3a7", :revoked-at nil, :created-at #object[java.time.Instant 0x2d2f1af 2026-03-20T08:20:52.054410Z], :ip-address [0:0:0:0:0:0:0:1]}, :duration-ms 1.050708}
2026-03-20 16:00:21.004 [AUDIT] actor= resource= action= result= corr= tenant= - Session validation successful {:user-id #uuid "d5fa63dd-4d30-4f4f-9237-6df5ae005e6d"}
2026-03-20 16:00:21.006 [AUDIT] actor= resource= action= result= corr= tenant= - Database operation successful: find-user-by-id {:user-id #uuid "d5fa63dd-4d30-4f4f-9237-6df5ae005e6d", :duration-ms 1.256709}
2026-03-20 16:00:21.008 [AUDIT] actor= resource= action= result= corr= tenant= - Database operation successful: admin-get-entity {:entity orders, :id #uuid "0dca873e-dfcc-44f5-b797-720b15f71330", :duration-ms 1.017292}
2026-03-20 16:00:21.011 [AUDIT] actor= resource= action= result= corr= tenant= - Database operation successful: admin-list-related-entities {:parent-id 0dca873e-dfcc-44f5-b797-720b15f71330, :entity order-items, :duration-ms 0.388541}
2026-03-20 16:00:27.358 [AUDIT] actor= resource= action= result= corr= tenant= - Processing authentication request {:uri /web/admin/order-items/954f2cf4-73a4-4a97-8606-2310cbbec449, :method :get, :has-session true, :has-bearer false, :cookies (session-token Idea-2e373df0), :session-token-value ymDLwZV0}
2026-03-20 16:00:27.358 [AUDIT] actor= resource= action= result= corr= tenant= - Attempting session authentication {:token-preview ymDLwZV0}
2026-03-20 16:00:27.358 [AUDIT] actor= resource= action= result= corr= tenant= - Validating session token {:session-token ymDLwZV0ecICKXkGsAksmDkSFHuUZ42QqC3OLyQyrVU=, :uri /web/admin/order-items/954f2cf4-73a4-4a97-8606-2310cbbec449}
2026-03-20 16:00:27.360 [AUDIT] actor= resource= action= result= corr= tenant= - Database operation successful: find-session-by-token {:session-token ymDLwZV0ecICKXkGsAksmDkSFHuUZ42QqC3OLyQyrVU=, :duration-ms 1.833791}
2026-03-20 16:00:27.361 [AUDIT] actor= resource= action= result= corr= tenant= - Database operation successful: update-session {:session-entity {:expires-at #object[java.time.Instant 0x1465c313 2026-03-21T14:59:03.010757Z], :user-agent Mozilla/5.0 (Macintosh; Intel Mac OS X 10_15_7) AppleWebKit/605.1.15 (KHTML, like Gecko) Version/26.3.1 Safari/605.1.15, :session-token ymDLwZV0ecICKXkGsAksmDkSFHuUZ42QqC3OLyQyrVU=, :user-id #uuid "d5fa63dd-4d30-4f4f-9237-6df5ae005e6d", :last-accessed-at #object[java.time.Instant 0x5ec16f47 2026-03-20T15:00:27.360781Z], :id #uuid "e12f2e6f-7726-41df-87b1-900fba57e3a7", :revoked-at nil, :created-at #object[java.time.Instant 0x6f1d1b5b 2026-03-20T08:20:52.054410Z], :ip-address [0:0:0:0:0:0:0:1]}, :duration-ms 0.680667}
2026-03-20 16:00:27.361 [AUDIT] actor= resource= action= result= corr= tenant= - Session validation successful {:user-id #uuid "d5fa63dd-4d30-4f4f-9237-6df5ae005e6d"}
2026-03-20 16:00:27.363 [AUDIT] actor= resource= action= result= corr= tenant= - Database operation successful: find-user-by-id {:user-id #uuid "d5fa63dd-4d30-4f4f-9237-6df5ae005e6d", :duration-ms 1.1245}
2026-03-20 16:00:27.365 [AUDIT] actor= resource= action= result= corr= tenant= - Database operation successful: admin-get-entity {:entity order-items, :id #uuid "954f2cf4-73a4-4a97-8606-2310cbbec449", :duration-ms 1.146416}
2026-03-20 16:00:27.369 [AUDIT] actor= resource= action= result= corr= tenant= - Database operation successful: admin-get-entity {:entity orders, :id 0dca873e-dfcc-44f5-b797-720b15f71330, :duration-ms 1.2545}
2026-03-20 16:00:27.370 [AUDIT] actor= resource= action= result= corr= tenant= - Database operation successful: admin-list-related-entities {:parent-id 0dca873e-dfcc-44f5-b797-720b15f71330, :entity order-items, :duration-ms 0.276708}
2026-03-20 16:00:36.676 [AUDIT] actor= resource= action= result= corr= tenant= - Processing authentication request {:uri /web/admin/order-items/954f2cf4-73a4-4a97-8606-2310cbbec449, :method :put, :has-session true, :has-bearer false, :cookies (session-token Idea-2e373df0), :session-token-value ymDLwZV0}
2026-03-20 16:00:36.676 [AUDIT] actor= resource= action= result= corr= tenant= - Attempting session authentication {:token-preview ymDLwZV0}
2026-03-20 16:00:36.677 [AUDIT] actor= resource= action= result= corr= tenant= - Validating session token {:session-token ymDLwZV0ecICKXkGsAksmDkSFHuUZ42QqC3OLyQyrVU=, :uri /web/admin/order-items/954f2cf4-73a4-4a97-8606-2310cbbec449}
2026-03-20 16:00:36.679 [AUDIT] actor= resource= action= result= corr= tenant= - Database operation successful: find-session-by-token {:session-token ymDLwZV0ecICKXkGsAksmDkSFHuUZ42QqC3OLyQyrVU=, :duration-ms 1.922}
2026-03-20 16:00:36.680 [AUDIT] actor= resource= action= result= corr= tenant= - Database operation successful: update-session {:session-entity {:expires-at #object[java.time.Instant 0x65654b2 2026-03-21T14:59:03.010757Z], :user-agent Mozilla/5.0 (Macintosh; Intel Mac OS X 10_15_7) AppleWebKit/605.1.15 (KHTML, like Gecko) Version/26.3.1 Safari/605.1.15, :session-token ymDLwZV0ecICKXkGsAksmDkSFHuUZ42QqC3OLyQyrVU=, :user-id #uuid "d5fa63dd-4d30-4f4f-9237-6df5ae005e6d", :last-accessed-at #object[java.time.Instant 0x5fa659d4 2026-03-20T15:00:36.679562Z], :id #uuid "e12f2e6f-7726-41df-87b1-900fba57e3a7", :revoked-at nil, :created-at #object[java.time.Instant 0x58b3386c 2026-03-20T08:20:52.054410Z], :ip-address [0:0:0:0:0:0:0:1]}, :duration-ms 0.843125}
2026-03-20 16:00:36.681 [AUDIT] actor= resource= action= result= corr= tenant= - Session validation successful {:user-id #uuid "d5fa63dd-4d30-4f4f-9237-6df5ae005e6d"}
2026-03-20 16:00:36.682 [AUDIT] actor= resource= action= result= corr= tenant= - Database operation successful: find-user-by-id {:user-id #uuid "d5fa63dd-4d30-4f4f-9237-6df5ae005e6d", :duration-ms 1.25325}
2026-03-20 16:00:36.688 [AUDIT] actor= resource= action= result= corr= tenant= - Database operation successful: admin-update-entity {:entity order-items, :id #uuid "954f2cf4-73a4-4a97-8606-2310cbbec449", :duration-ms 2.75975}
2026-03-20 16:00:36.688 [AUDIT] actor= resource= action= result= corr= tenant= - Database operation successful: admin-get-entity {:entity order-items, :id #uuid "954f2cf4-73a4-4a97-8606-2310cbbec449", :duration-ms 0.623875}
2026-03-20 16:00:36.691 [AUDIT] actor= resource= action= result= corr= tenant= - Database operation successful: admin-get-entity {:entity orders, :id 0dca873e-dfcc-44f5-b797-720b15f71330, :duration-ms 0.73075}
2026-03-20 16:00:36.691 [AUDIT] actor= resource= action= result= corr= tenant= - Database operation successful: admin-list-related-entities {:parent-id 0dca873e-dfcc-44f5-b797-720b15f71330, :entity order-items, :duration-ms 0.237667}
2026-03-20 16:00:41.461 [AUDIT] actor= resource= action= result= corr= tenant= - Processing authentication request {:uri /web/admin/orders/0dca873e-dfcc-44f5-b797-720b15f71330, :method :get, :has-session true, :has-bearer false, :cookies (session-token Idea-2e373df0), :session-token-value ymDLwZV0}
2026-03-20 16:00:41.462 [AUDIT] actor= resource= action= result= corr= tenant= - Attempting session authentication {:token-preview ymDLwZV0}
2026-03-20 16:00:41.462 [AUDIT] actor= resource= action= result= corr= tenant= - Validating session token {:session-token ymDLwZV0ecICKXkGsAksmDkSFHuUZ42QqC3OLyQyrVU=, :uri /web/admin/orders/0dca873e-dfcc-44f5-b797-720b15f71330}
2026-03-20 16:00:41.464 [AUDIT] actor= resource= action= result= corr= tenant= - Database operation successful: find-session-by-token {:session-token ymDLwZV0ecICKXkGsAksmDkSFHuUZ42QqC3OLyQyrVU=, :duration-ms 1.769625}
2026-03-20 16:00:41.465 [AUDIT] actor= resource= action= result= corr= tenant= - Database operation successful: update-session {:session-entity {:expires-at #object[java.time.Instant 0xb30267f 2026-03-21T14:59:03.010757Z], :user-agent Mozilla/5.0 (Macintosh; Intel Mac OS X 10_15_7) AppleWebKit/605.1.15 (KHTML, like Gecko) Version/26.3.1 Safari/605.1.15, :session-token ymDLwZV0ecICKXkGsAksmDkSFHuUZ42QqC3OLyQyrVU=, :user-id #uuid "d5fa63dd-4d30-4f4f-9237-6df5ae005e6d", :last-accessed-at #object[java.time.Instant 0x1101bb68 2026-03-20T15:00:41.464434Z], :id #uuid "e12f2e6f-7726-41df-87b1-900fba57e3a7", :revoked-at nil, :created-at #object[java.time.Instant 0x7afa3215 2026-03-20T08:20:52.054410Z], :ip-address [0:0:0:0:0:0:0:1]}, :duration-ms 0.605583}
2026-03-20 16:00:41.465 [AUDIT] actor= resource= action= result= corr= tenant= - Session validation successful {:user-id #uuid "d5fa63dd-4d30-4f4f-9237-6df5ae005e6d"}
2026-03-20 16:00:41.466 [AUDIT] actor= resource= action= result= corr= tenant= - Database operation successful: find-user-by-id {:user-id #uuid "d5fa63dd-4d30-4f4f-9237-6df5ae005e6d", :duration-ms 0.862417}
2026-03-20 16:00:41.468 [AUDIT] actor= resource= action= result= corr= tenant= - Database operation successful: admin-get-entity {:entity orders, :id #uuid "0dca873e-dfcc-44f5-b797-720b15f71330", :duration-ms 1.09275}
2026-03-20 16:00:41.470 [AUDIT] actor= resource= action= result= corr= tenant= - Database operation successful: admin-list-related-entities {:parent-id 0dca873e-dfcc-44f5-b797-720b15f71330, :entity order-items, :duration-ms 0.465958}
2026-03-20 16:00:47.731 [AUDIT] actor= resource= action= result= corr= tenant= - Processing authentication request {:uri /web/admin/products, :method :get, :has-session true, :has-bearer false, :cookies (session-token Idea-2e373df0), :session-token-value ymDLwZV0}
2026-03-20 16:00:47.731 [AUDIT] actor= resource= action= result= corr= tenant= - Attempting session authentication {:token-preview ymDLwZV0}
2026-03-20 16:00:47.731 [AUDIT] actor= resource= action= result= corr= tenant= - Validating session token {:session-token ymDLwZV0ecICKXkGsAksmDkSFHuUZ42QqC3OLyQyrVU=, :uri /web/admin/products}
2026-03-20 16:00:47.733 [AUDIT] actor= resource= action= result= corr= tenant= - Database operation successful: find-session-by-token {:session-token ymDLwZV0ecICKXkGsAksmDkSFHuUZ42QqC3OLyQyrVU=, :duration-ms 1.7945}
2026-03-20 16:00:47.734 [AUDIT] actor= resource= action= result= corr= tenant= - Database operation successful: update-session {:session-entity {:expires-at #object[java.time.Instant 0x5d8601a3 2026-03-21T14:59:03.010757Z], :user-agent Mozilla/5.0 (Macintosh; Intel Mac OS X 10_15_7) AppleWebKit/605.1.15 (KHTML, like Gecko) Version/26.3.1 Safari/605.1.15, :session-token ymDLwZV0ecICKXkGsAksmDkSFHuUZ42QqC3OLyQyrVU=, :user-id #uuid "d5fa63dd-4d30-4f4f-9237-6df5ae005e6d", :last-accessed-at #object[java.time.Instant 0x1160e24f 2026-03-20T15:00:47.733782Z], :id #uuid "e12f2e6f-7726-41df-87b1-900fba57e3a7", :revoked-at nil, :created-at #object[java.time.Instant 0x59dfda56 2026-03-20T08:20:52.054410Z], :ip-address [0:0:0:0:0:0:0:1]}, :duration-ms 0.661625}
2026-03-20 16:00:47.734 [AUDIT] actor= resource= action= result= corr= tenant= - Session validation successful {:user-id #uuid "d5fa63dd-4d30-4f4f-9237-6df5ae005e6d"}
2026-03-20 16:00:47.736 [AUDIT] actor= resource= action= result= corr= tenant= - Database operation successful: find-user-by-id {:user-id #uuid "d5fa63dd-4d30-4f4f-9237-6df5ae005e6d", :duration-ms 1.577208}
2026-03-20 16:00:47.738 [AUDIT] actor= resource= action= result= corr= tenant= - Database operation successful: admin-list-entities {:entity products, :limit nil, :offset nil, :duration-ms 1.2505}
2026-03-20 16:00:48.930 [AUDIT] actor= resource= action= result= corr= tenant= - Processing authentication request {:uri /web/admin/users, :method :get, :has-session true, :has-bearer false, :cookies (session-token Idea-2e373df0), :session-token-value ymDLwZV0}
2026-03-20 16:00:48.930 [AUDIT] actor= resource= action= result= corr= tenant= - Attempting session authentication {:token-preview ymDLwZV0}
2026-03-20 16:00:48.930 [AUDIT] actor= resource= action= result= corr= tenant= - Validating session token {:session-token ymDLwZV0ecICKXkGsAksmDkSFHuUZ42QqC3OLyQyrVU=, :uri /web/admin/users}
2026-03-20 16:00:48.932 [AUDIT] actor= resource= action= result= corr= tenant= - Database operation successful: find-session-by-token {:session-token ymDLwZV0ecICKXkGsAksmDkSFHuUZ42QqC3OLyQyrVU=, :duration-ms 1.906}
2026-03-20 16:00:48.933 [AUDIT] actor= resource= action= result= corr= tenant= - Database operation successful: update-session {:session-entity {:expires-at #object[java.time.Instant 0x5c94f42e 2026-03-21T14:59:03.010757Z], :user-agent Mozilla/5.0 (Macintosh; Intel Mac OS X 10_15_7) AppleWebKit/605.1.15 (KHTML, like Gecko) Version/26.3.1 Safari/605.1.15, :session-token ymDLwZV0ecICKXkGsAksmDkSFHuUZ42QqC3OLyQyrVU=, :user-id #uuid "d5fa63dd-4d30-4f4f-9237-6df5ae005e6d", :last-accessed-at #object[java.time.Instant 0x3934f503 2026-03-20T15:00:48.932935Z], :id #uuid "e12f2e6f-7726-41df-87b1-900fba57e3a7", :revoked-at nil, :created-at #object[java.time.Instant 0x7291e192 2026-03-20T08:20:52.054410Z], :ip-address [0:0:0:0:0:0:0:1]}, :duration-ms 0.674417}
2026-03-20 16:00:48.933 [AUDIT] actor= resource= action= result= corr= tenant= - Session validation successful {:user-id #uuid "d5fa63dd-4d30-4f4f-9237-6df5ae005e6d"}
2026-03-20 16:00:48.935 [AUDIT] actor= resource= action= result= corr= tenant= - Database operation successful: find-user-by-id {:user-id #uuid "d5fa63dd-4d30-4f4f-9237-6df5ae005e6d", :duration-ms 0.977875}
2026-03-20 16:00:48.937 [AUDIT] actor= resource= action= result= corr= tenant= - Database operation successful: admin-list-entities {:entity users, :limit nil, :offset nil, :duration-ms 1.586958}
2026-03-20 16:20:40.846 [AUDIT] actor= resource= action= result= corr= tenant= - User module routes halted (no cleanup needed)
2026-03-20 16:20:40.847 [AUDIT] actor= resource= action= result= corr= tenant= - User module database schema component halted
2026-03-20 16:20:40.847 [AUDIT] actor= resource= action= result= corr= tenant= - User service halted (no cleanup needed)
2026-03-20 16:20:40.847 [AUDIT] actor= resource= action= result= corr= tenant= - Authentication service halted (no cleanup needed)
2026-03-20 16:20:40.847 [AUDIT] actor= resource= action= result= corr= tenant= - Session repository halted (no cleanup needed)
2026-03-20 16:20:40.847 [AUDIT] actor= resource= action= result= corr= tenant= - MFA service halted (no cleanup needed)
2026-03-20 16:20:40.847 [AUDIT] actor= resource= action= result= corr= tenant= - User repository halted (no cleanup needed)
2026-03-20 16:20:40.848 [AUDIT] actor= resource= action= result= corr= tenant= - Audit repository halted (no cleanup needed)
2026-03-20 16:20:40.848 [AUDIT] actor= resource= action= result= corr= tenant= - Closing database context {:adapter nil}
2026-03-20 16:20:40.848 [AUDIT] actor= resource= action= result= corr= tenant= - Closing database connection pool {:pool-name default-Pool}
2026-03-20 16:20:40.848 [AUDIT] actor= resource= action= result= corr= tenant= - Database connection pool closed {:pool-name default-Pool}
