2026-03-18 13:29:10.052 INFO  [SECURITY] eventType= severity= corr= tenant= user= - Creating database connection pool {:adapter nil, :pool-size 5, :pool-name default-Pool}
2026-03-18 13:29:10.332 INFO  [SECURITY] eventType= severity= corr= tenant= user= - SQLite PRAGMA initialization completed {:successful-pragmas 7, :failed-pragmas 0, :total-pragmas 7}
2026-03-18 13:29:10.332 INFO  [SECURITY] eventType= severity= corr= tenant= user= - Database connection pool created successfully {:adapter nil, :pool-name default-Pool}
2026-03-18 13:29:10.332 INFO  [SECURITY] eventType= severity= corr= tenant= user= - Created database context {:adapter nil}
2026-03-18 13:29:10.333 INFO  [SECURITY] eventType= severity= corr= tenant= user= - Initializing audit repository
2026-03-18 13:29:10.334 INFO  [SECURITY] eventType= severity= corr= tenant= user= - Audit repository initialized
2026-03-18 13:29:10.334 INFO  [SECURITY] eventType= severity= corr= tenant= user= - Initializing user repository
2026-03-18 13:29:10.338 INFO  [SECURITY] eventType= severity= corr= tenant= user= - User repository initialized
2026-03-18 13:29:10.338 INFO  [SECURITY] eventType= severity= corr= tenant= user= - Initializing MFA service
2026-03-18 13:29:10.338 INFO  [SECURITY] eventType= severity= corr= tenant= user= - MFA service initialized
2026-03-18 13:29:10.338 INFO  [SECURITY] eventType= severity= corr= tenant= user= - Initializing session repository
2026-03-18 13:29:10.338 INFO  [SECURITY] eventType= severity= corr= tenant= user= - Session repository initialized
2026-03-18 13:29:10.339 INFO  [SECURITY] eventType= severity= corr= tenant= user= - Initializing authentication service
2026-03-18 13:29:10.339 INFO  [SECURITY] eventType= severity= corr= tenant= user= - Authentication service initialized
2026-03-18 13:29:10.339 INFO  [SECURITY] eventType= severity= corr= tenant= user= - Initializing user service {:cache-enabled? false}
2026-03-18 13:29:10.339 INFO  [SECURITY] eventType= severity= corr= tenant= user= - User service initialized
2026-03-18 13:29:10.342 INFO  [SECURITY] eventType= severity= corr= tenant= user= - Initializing user module database schema
2026-03-18 13:29:10.342 INFO  [SECURITY] eventType= severity= corr= tenant= user= - Initializing user schema from Malli definitions (split-table architecture)
2026-03-18 13:29:10.343 INFO  [SECURITY] eventType= severity= corr= tenant= user= - Initializing database schema from Malli definitions {:dialect nil, :tables (auth_users users user_sessions user_audit_log)}
2026-03-18 13:29:10.344 INFO  [SECURITY] eventType= severity= corr= tenant= user= - DDL statement executed successfully {:adapter nil, :statement-preview CREATE TABLE IF NOT EXISTS auth_users (
  id UUID NOT NULL PRIMARY KEY,
  email VARCHAR(255) NOT NULL,
  password_hash VARCHAR(255) NOT NULL,
  active BOOLEAN NOT NULL DEFAULT true,
  mfa_enabled BOOLEAN,
  mfa_secret VARCHAR(255),
  mfa_backup_codes VARCHAR(255),
  mfa_backup_codes_used VARCHAR(255),
  mfa_enabled_at VARCHAR(255),
  failed_login_count INTEGER,
  lockout_until VARCHAR(255),
  created_at VARCHAR(255) NOT NULL,
  updated_at VARCHAR(255),
  deleted_at VARCHAR(255),
  CONSTRAINT uk_auth_users_email UNIQUE(email)
);}
2026-03-18 13:29:10.344 INFO  [SECURITY] eventType= severity= corr= tenant= user= - DDL statement executed successfully {:adapter nil, :statement-preview CREATE TABLE IF NOT EXISTS users (
  id UUID NOT NULL PRIMARY KEY,
  tenant_id UUID,
  name VARCHAR(255) NOT NULL,
  role VARCHAR(50) NOT NULL CHECK(role IN ('admin', 'user', 'viewer')),
  avatar_url VARCHAR(255),
  login_count INTEGER,
  last_login VARCHAR(255),
  notifications_email BOOLEAN,
  notifications_push BOOLEAN,
  notifications_sms BOOLEAN,
  theme VARCHAR(50) CHECK(theme IN ('light', 'dark', 'auto')),
  language VARCHAR(255),
  timezone VARCHAR(255),
  date_format VARCHAR(50) CHECK(date_format IN ('iso', 'us', 'eu')),
  time_format VARCHAR(50) CHECK(time_format IN ('12h', '24h')),
  created_at VARCHAR(255) NOT NULL,
  updated_at VARCHAR(255),
  deleted_at VARCHAR(255)
);}
2026-03-18 13:29:10.344 INFO  [SECURITY] eventType= severity= corr= tenant= user= - DDL statement executed successfully {:adapter nil, :statement-preview CREATE TABLE IF NOT EXISTS user_sessions (
  id UUID NOT NULL PRIMARY KEY,
  user_id UUID NOT NULL,
  session_token VARCHAR(255) NOT NULL,
  expires_at VARCHAR(255) NOT NULL,
  created_at VARCHAR(255) NOT NULL,
  last_accessed_at VARCHAR(255),
  revoked_at VARCHAR(255),
  user_agent VARCHAR(255),
  ip_address VARCHAR(255),
  CONSTRAINT uk_user_sessions_token UNIQUE(session_token)
);}
2026-03-18 13:29:10.345 INFO  [SECURITY] eventType= severity= corr= tenant= user= - DDL statement executed successfully {:adapter nil, :statement-preview CREATE TABLE IF NOT EXISTS user_audit_log (
  id UUID NOT NULL PRIMARY KEY,
  action VARCHAR(50) NOT NULL CHECK(action IN ('create', 'update', 'delete', 'activate', 'deactivate', 'role-change', 'bulk-action', 'login', 'logout')),
  actor_id UUID,
  actor_email VARCHAR(255),
  target_user_id UUID NOT NULL,
  target_user_email VARCHAR(255) NOT NULL,
  changes JSONB,
  metadata JSONB,
  ip_address VARCHAR(255),
  user_agent VARCHAR(255),
  result VARCHAR(50) NOT NULL CHECK(result IN ('success', 'failure')),
  error_message VARCHAR(255),
  created_at VARCHAR(255) NOT NULL
);}
2026-03-18 13:29:10.345 INFO  [SECURITY] eventType= severity= corr= tenant= user= - DDL statement executed successfully {:adapter nil, :statement-preview CREATE INDEX IF NOT EXISTS idx_auth_users_mfa_enabled_at ON auth_users (mfa_enabled_at)}
2026-03-18 13:29:10.345 INFO  [SECURITY] eventType= severity= corr= tenant= user= - DDL statement executed successfully {:adapter nil, :statement-preview CREATE INDEX IF NOT EXISTS idx_auth_users_created_at ON auth_users (created_at)}
2026-03-18 13:29:10.345 INFO  [SECURITY] eventType= severity= corr= tenant= user= - DDL statement executed successfully {:adapter nil, :statement-preview CREATE INDEX IF NOT EXISTS idx_auth_users_updated_at ON auth_users (updated_at)}
2026-03-18 13:29:10.345 INFO  [SECURITY] eventType= severity= corr= tenant= user= - DDL statement executed successfully {:adapter nil, :statement-preview CREATE INDEX IF NOT EXISTS idx_auth_users_deleted_at ON auth_users (deleted_at)}
2026-03-18 13:29:10.346 INFO  [SECURITY] eventType= severity= corr= tenant= user= - DDL statement executed successfully {:adapter nil, :statement-preview CREATE INDEX IF NOT EXISTS idx_auth_users_email ON auth_users (email)}
2026-03-18 13:29:10.346 INFO  [SECURITY] eventType= severity= corr= tenant= user= - DDL statement executed successfully {:adapter nil, :statement-preview CREATE INDEX IF NOT EXISTS idx_auth_users_active ON auth_users (active)}
2026-03-18 13:29:10.346 INFO  [SECURITY] eventType= severity= corr= tenant= user= - DDL statement executed successfully {:adapter nil, :statement-preview CREATE INDEX IF NOT EXISTS idx_users_tenant_id ON users (tenant_id)}
2026-03-18 13:29:10.346 INFO  [SECURITY] eventType= severity= corr= tenant= user= - DDL statement executed successfully {:adapter nil, :statement-preview CREATE INDEX IF NOT EXISTS idx_users_role ON users (role)}
2026-03-18 13:29:10.346 INFO  [SECURITY] eventType= severity= corr= tenant= user= - DDL statement executed successfully {:adapter nil, :statement-preview CREATE INDEX IF NOT EXISTS idx_users_theme ON users (theme)}
2026-03-18 13:29:10.346 INFO  [SECURITY] eventType= severity= corr= tenant= user= - DDL statement executed successfully {:adapter nil, :statement-preview CREATE INDEX IF NOT EXISTS idx_users_date_format ON users (date_format)}
2026-03-18 13:29:10.346 INFO  [SECURITY] eventType= severity= corr= tenant= user= - DDL statement executed successfully {:adapter nil, :statement-preview CREATE INDEX IF NOT EXISTS idx_users_time_format ON users (time_format)}
2026-03-18 13:29:10.346 INFO  [SECURITY] eventType= severity= corr= tenant= user= - DDL statement executed successfully {:adapter nil, :statement-preview CREATE INDEX IF NOT EXISTS idx_users_created_at ON users (created_at)}
2026-03-18 13:29:10.346 INFO  [SECURITY] eventType= severity= corr= tenant= user= - DDL statement executed successfully {:adapter nil, :statement-preview CREATE INDEX IF NOT EXISTS idx_users_updated_at ON users (updated_at)}
2026-03-18 13:29:10.346 INFO  [SECURITY] eventType= severity= corr= tenant= user= - DDL statement executed successfully {:adapter nil, :statement-preview CREATE INDEX IF NOT EXISTS idx_users_deleted_at ON users (deleted_at)}
2026-03-18 13:29:10.347 INFO  [SECURITY] eventType= severity= corr= tenant= user= - DDL statement executed successfully {:adapter nil, :statement-preview CREATE INDEX IF NOT EXISTS idx_users_role ON users (role)}
2026-03-18 13:29:10.347 INFO  [SECURITY] eventType= severity= corr= tenant= user= - DDL statement executed successfully {:adapter nil, :statement-preview CREATE INDEX IF NOT EXISTS idx_user_sessions_user_id ON user_sessions (user_id)}
2026-03-18 13:29:10.347 INFO  [SECURITY] eventType= severity= corr= tenant= user= - DDL statement executed successfully {:adapter nil, :statement-preview CREATE INDEX IF NOT EXISTS idx_user_sessions_expires_at ON user_sessions (expires_at)}
2026-03-18 13:29:10.347 INFO  [SECURITY] eventType= severity= corr= tenant= user= - DDL statement executed successfully {:adapter nil, :statement-preview CREATE INDEX IF NOT EXISTS idx_user_sessions_created_at ON user_sessions (created_at)}
2026-03-18 13:29:10.347 INFO  [SECURITY] eventType= severity= corr= tenant= user= - DDL statement executed successfully {:adapter nil, :statement-preview CREATE INDEX IF NOT EXISTS idx_user_sessions_last_accessed_at ON user_sessions (last_accessed_at)}
2026-03-18 13:29:10.347 INFO  [SECURITY] eventType= severity= corr= tenant= user= - DDL statement executed successfully {:adapter nil, :statement-preview CREATE INDEX IF NOT EXISTS idx_user_sessions_revoked_at ON user_sessions (revoked_at)}
2026-03-18 13:29:10.347 INFO  [SECURITY] eventType= severity= corr= tenant= user= - DDL statement executed successfully {:adapter nil, :statement-preview CREATE INDEX IF NOT EXISTS idx_sessions_token ON user_sessions (session_token)}
2026-03-18 13:29:10.347 INFO  [SECURITY] eventType= severity= corr= tenant= user= - DDL statement executed successfully {:adapter nil, :statement-preview CREATE INDEX IF NOT EXISTS idx_sessions_expires_at ON user_sessions (expires_at)}
2026-03-18 13:29:10.347 INFO  [SECURITY] eventType= severity= corr= tenant= user= - DDL statement executed successfully {:adapter nil, :statement-preview CREATE INDEX IF NOT EXISTS idx_user_audit_log_actor_id ON user_audit_log (actor_id)}
2026-03-18 13:29:10.347 INFO  [SECURITY] eventType= severity= corr= tenant= user= - DDL statement executed successfully {:adapter nil, :statement-preview CREATE INDEX IF NOT EXISTS idx_user_audit_log_target_user_id ON user_audit_log (target_user_id)}
2026-03-18 13:29:10.348 INFO  [SECURITY] eventType= severity= corr= tenant= user= - DDL statement executed successfully {:adapter nil, :statement-preview CREATE INDEX IF NOT EXISTS idx_user_audit_log_action ON user_audit_log (action)}
2026-03-18 13:29:10.348 INFO  [SECURITY] eventType= severity= corr= tenant= user= - DDL statement executed successfully {:adapter nil, :statement-preview CREATE INDEX IF NOT EXISTS idx_user_audit_log_result ON user_audit_log (result)}
2026-03-18 13:29:10.348 INFO  [SECURITY] eventType= severity= corr= tenant= user= - DDL statement executed successfully {:adapter nil, :statement-preview CREATE INDEX IF NOT EXISTS idx_user_audit_log_created_at ON user_audit_log (created_at)}
2026-03-18 13:29:10.348 INFO  [SECURITY] eventType= severity= corr= tenant= user= - Database schema initialization completed successfully {:dialect nil, :tables (auth_users users user_sessions user_audit_log)}
2026-03-18 13:29:10.348 INFO  [SECURITY] eventType= severity= corr= tenant= user= - User module database schema initialized
2026-03-18 13:29:10.349 INFO  [SECURITY] eventType= severity= corr= tenant= user= - Initializing user module routes (normalized format)
2026-03-18 13:29:10.446 INFO  [SECURITY] eventType= severity= corr= tenant= user= - User module routes initialized successfully {:route-keys (:api :web :static), :api-count 9, :web-count 20}
2026-03-18 13:29:35.833 INFO  [SECURITY] eventType= severity= corr= tenant= user= - Processing authentication request {:uri /web/admin/, :method :get, :has-session true, :has-bearer false, :cookies (session-token Idea-2e373df0), :session-token-value i0+Kidiy}
2026-03-18 13:29:35.833 INFO  [SECURITY] eventType= severity= corr= tenant= user= - Attempting session authentication {:token-preview i0+Kidiy}
2026-03-18 13:29:35.837 INFO  [SECURITY] eventType= severity= corr= tenant= user= - Validating session token {:session-token i0+KidiyGjR9LFBIKvncKNTnLYAxcmK43+wJJcU1CNU=, :uri /web/admin/}
2026-03-18 13:29:35.841 INFO  [SECURITY] eventType= severity= corr= tenant= user= - Database operation successful: find-session-by-token {:session-token i0+KidiyGjR9LFBIKvncKNTnLYAxcmK43+wJJcU1CNU=, :duration-ms 2.186208}
2026-03-18 13:29:35.841 INFO  [SECURITY] eventType= severity= corr= tenant= user= - Session invalid or expired {:session-token i0+KidiyGjR9LFBIKvncKNTnLYAxcmK43+wJJcU1CNU=}
2026-03-18 13:30:04.865 INFO  [SECURITY] eventType= severity= corr= tenant= user= - User module routes halted (no cleanup needed)
2026-03-18 13:30:04.865 INFO  [SECURITY] eventType= severity= corr= tenant= user= - User module database schema component halted
2026-03-18 13:30:04.865 INFO  [SECURITY] eventType= severity= corr= tenant= user= - User service halted (no cleanup needed)
2026-03-18 13:30:04.866 INFO  [SECURITY] eventType= severity= corr= tenant= user= - Authentication service halted (no cleanup needed)
2026-03-18 13:30:04.866 INFO  [SECURITY] eventType= severity= corr= tenant= user= - Session repository halted (no cleanup needed)
2026-03-18 13:30:04.866 INFO  [SECURITY] eventType= severity= corr= tenant= user= - MFA service halted (no cleanup needed)
2026-03-18 13:30:04.866 INFO  [SECURITY] eventType= severity= corr= tenant= user= - User repository halted (no cleanup needed)
2026-03-18 13:30:04.866 INFO  [SECURITY] eventType= severity= corr= tenant= user= - Audit repository halted (no cleanup needed)
2026-03-18 13:30:04.866 INFO  [SECURITY] eventType= severity= corr= tenant= user= - Closing database context {:adapter nil}
2026-03-18 13:30:04.866 INFO  [SECURITY] eventType= severity= corr= tenant= user= - Closing database connection pool {:pool-name default-Pool}
2026-03-18 13:30:04.868 INFO  [SECURITY] eventType= severity= corr= tenant= user= - Database connection pool closed {:pool-name default-Pool}
2026-03-18 13:35:11.857 INFO  [SECURITY] eventType= severity= corr= tenant= user= - Creating database connection pool {:adapter nil, :pool-size 5, :pool-name default-Pool}
2026-03-18 13:35:12.168 INFO  [SECURITY] eventType= severity= corr= tenant= user= - SQLite PRAGMA initialization completed {:successful-pragmas 7, :failed-pragmas 0, :total-pragmas 7}
2026-03-18 13:35:12.168 INFO  [SECURITY] eventType= severity= corr= tenant= user= - Database connection pool created successfully {:adapter nil, :pool-name default-Pool}
2026-03-18 13:35:12.168 INFO  [SECURITY] eventType= severity= corr= tenant= user= - Created database context {:adapter nil}
2026-03-18 13:35:12.170 INFO  [SECURITY] eventType= severity= corr= tenant= user= - Initializing audit repository
2026-03-18 13:35:12.170 INFO  [SECURITY] eventType= severity= corr= tenant= user= - Audit repository initialized
2026-03-18 13:35:12.171 INFO  [SECURITY] eventType= severity= corr= tenant= user= - Initializing user repository
2026-03-18 13:35:12.174 INFO  [SECURITY] eventType= severity= corr= tenant= user= - User repository initialized
2026-03-18 13:35:12.174 INFO  [SECURITY] eventType= severity= corr= tenant= user= - Initializing MFA service
2026-03-18 13:35:12.174 INFO  [SECURITY] eventType= severity= corr= tenant= user= - MFA service initialized
2026-03-18 13:35:12.175 INFO  [SECURITY] eventType= severity= corr= tenant= user= - Initializing session repository
2026-03-18 13:35:12.175 INFO  [SECURITY] eventType= severity= corr= tenant= user= - Session repository initialized
2026-03-18 13:35:12.175 INFO  [SECURITY] eventType= severity= corr= tenant= user= - Initializing authentication service
2026-03-18 13:35:12.175 INFO  [SECURITY] eventType= severity= corr= tenant= user= - Authentication service initialized
2026-03-18 13:35:12.176 INFO  [SECURITY] eventType= severity= corr= tenant= user= - Initializing user service {:cache-enabled? false}
2026-03-18 13:35:12.176 INFO  [SECURITY] eventType= severity= corr= tenant= user= - User service initialized
2026-03-18 13:35:12.178 INFO  [SECURITY] eventType= severity= corr= tenant= user= - Initializing user module database schema
2026-03-18 13:35:12.178 INFO  [SECURITY] eventType= severity= corr= tenant= user= - Initializing user schema from Malli definitions (split-table architecture)
2026-03-18 13:35:12.180 INFO  [SECURITY] eventType= severity= corr= tenant= user= - Initializing database schema from Malli definitions {:dialect nil, :tables (auth_users users user_sessions user_audit_log)}
2026-03-18 13:35:12.180 INFO  [SECURITY] eventType= severity= corr= tenant= user= - DDL statement executed successfully {:adapter nil, :statement-preview CREATE TABLE IF NOT EXISTS auth_users (
  id UUID NOT NULL PRIMARY KEY,
  email VARCHAR(255) NOT NULL,
  password_hash VARCHAR(255) NOT NULL,
  active BOOLEAN NOT NULL DEFAULT true,
  mfa_enabled BOOLEAN,
  mfa_secret VARCHAR(255),
  mfa_backup_codes VARCHAR(255),
  mfa_backup_codes_used VARCHAR(255),
  mfa_enabled_at VARCHAR(255),
  failed_login_count INTEGER,
  lockout_until VARCHAR(255),
  created_at VARCHAR(255) NOT NULL,
  updated_at VARCHAR(255),
  deleted_at VARCHAR(255),
  CONSTRAINT uk_auth_users_email UNIQUE(email)
);}
2026-03-18 13:35:12.181 INFO  [SECURITY] eventType= severity= corr= tenant= user= - DDL statement executed successfully {:adapter nil, :statement-preview CREATE TABLE IF NOT EXISTS users (
  id UUID NOT NULL PRIMARY KEY,
  tenant_id UUID,
  name VARCHAR(255) NOT NULL,
  role VARCHAR(50) NOT NULL CHECK(role IN ('admin', 'user', 'viewer')),
  avatar_url VARCHAR(255),
  login_count INTEGER,
  last_login VARCHAR(255),
  notifications_email BOOLEAN,
  notifications_push BOOLEAN,
  notifications_sms BOOLEAN,
  theme VARCHAR(50) CHECK(theme IN ('light', 'dark', 'auto')),
  language VARCHAR(255),
  timezone VARCHAR(255),
  date_format VARCHAR(50) CHECK(date_format IN ('iso', 'us', 'eu')),
  time_format VARCHAR(50) CHECK(time_format IN ('12h', '24h')),
  created_at VARCHAR(255) NOT NULL,
  updated_at VARCHAR(255),
  deleted_at VARCHAR(255)
);}
2026-03-18 13:35:12.181 INFO  [SECURITY] eventType= severity= corr= tenant= user= - DDL statement executed successfully {:adapter nil, :statement-preview CREATE TABLE IF NOT EXISTS user_sessions (
  id UUID NOT NULL PRIMARY KEY,
  user_id UUID NOT NULL,
  session_token VARCHAR(255) NOT NULL,
  expires_at VARCHAR(255) NOT NULL,
  created_at VARCHAR(255) NOT NULL,
  last_accessed_at VARCHAR(255),
  revoked_at VARCHAR(255),
  user_agent VARCHAR(255),
  ip_address VARCHAR(255),
  CONSTRAINT uk_user_sessions_token UNIQUE(session_token)
);}
2026-03-18 13:35:12.181 INFO  [SECURITY] eventType= severity= corr= tenant= user= - DDL statement executed successfully {:adapter nil, :statement-preview CREATE TABLE IF NOT EXISTS user_audit_log (
  id UUID NOT NULL PRIMARY KEY,
  action VARCHAR(50) NOT NULL CHECK(action IN ('create', 'update', 'delete', 'activate', 'deactivate', 'role-change', 'bulk-action', 'login', 'logout')),
  actor_id UUID,
  actor_email VARCHAR(255),
  target_user_id UUID NOT NULL,
  target_user_email VARCHAR(255) NOT NULL,
  changes JSONB,
  metadata JSONB,
  ip_address VARCHAR(255),
  user_agent VARCHAR(255),
  result VARCHAR(50) NOT NULL CHECK(result IN ('success', 'failure')),
  error_message VARCHAR(255),
  created_at VARCHAR(255) NOT NULL
);}
2026-03-18 13:35:12.182 INFO  [SECURITY] eventType= severity= corr= tenant= user= - DDL statement executed successfully {:adapter nil, :statement-preview CREATE INDEX IF NOT EXISTS idx_auth_users_mfa_enabled_at ON auth_users (mfa_enabled_at)}
2026-03-18 13:35:12.182 INFO  [SECURITY] eventType= severity= corr= tenant= user= - DDL statement executed successfully {:adapter nil, :statement-preview CREATE INDEX IF NOT EXISTS idx_auth_users_created_at ON auth_users (created_at)}
2026-03-18 13:35:12.182 INFO  [SECURITY] eventType= severity= corr= tenant= user= - DDL statement executed successfully {:adapter nil, :statement-preview CREATE INDEX IF NOT EXISTS idx_auth_users_updated_at ON auth_users (updated_at)}
2026-03-18 13:35:12.182 INFO  [SECURITY] eventType= severity= corr= tenant= user= - DDL statement executed successfully {:adapter nil, :statement-preview CREATE INDEX IF NOT EXISTS idx_auth_users_deleted_at ON auth_users (deleted_at)}
2026-03-18 13:35:12.182 INFO  [SECURITY] eventType= severity= corr= tenant= user= - DDL statement executed successfully {:adapter nil, :statement-preview CREATE INDEX IF NOT EXISTS idx_auth_users_email ON auth_users (email)}
2026-03-18 13:35:12.182 INFO  [SECURITY] eventType= severity= corr= tenant= user= - DDL statement executed successfully {:adapter nil, :statement-preview CREATE INDEX IF NOT EXISTS idx_auth_users_active ON auth_users (active)}
2026-03-18 13:35:12.182 INFO  [SECURITY] eventType= severity= corr= tenant= user= - DDL statement executed successfully {:adapter nil, :statement-preview CREATE INDEX IF NOT EXISTS idx_users_tenant_id ON users (tenant_id)}
2026-03-18 13:35:12.182 INFO  [SECURITY] eventType= severity= corr= tenant= user= - DDL statement executed successfully {:adapter nil, :statement-preview CREATE INDEX IF NOT EXISTS idx_users_role ON users (role)}
2026-03-18 13:35:12.182 INFO  [SECURITY] eventType= severity= corr= tenant= user= - DDL statement executed successfully {:adapter nil, :statement-preview CREATE INDEX IF NOT EXISTS idx_users_theme ON users (theme)}
2026-03-18 13:35:12.182 INFO  [SECURITY] eventType= severity= corr= tenant= user= - DDL statement executed successfully {:adapter nil, :statement-preview CREATE INDEX IF NOT EXISTS idx_users_date_format ON users (date_format)}
2026-03-18 13:35:12.182 INFO  [SECURITY] eventType= severity= corr= tenant= user= - DDL statement executed successfully {:adapter nil, :statement-preview CREATE INDEX IF NOT EXISTS idx_users_time_format ON users (time_format)}
2026-03-18 13:35:12.182 INFO  [SECURITY] eventType= severity= corr= tenant= user= - DDL statement executed successfully {:adapter nil, :statement-preview CREATE INDEX IF NOT EXISTS idx_users_created_at ON users (created_at)}
2026-03-18 13:35:12.182 INFO  [SECURITY] eventType= severity= corr= tenant= user= - DDL statement executed successfully {:adapter nil, :statement-preview CREATE INDEX IF NOT EXISTS idx_users_updated_at ON users (updated_at)}
2026-03-18 13:35:12.183 INFO  [SECURITY] eventType= severity= corr= tenant= user= - DDL statement executed successfully {:adapter nil, :statement-preview CREATE INDEX IF NOT EXISTS idx_users_deleted_at ON users (deleted_at)}
2026-03-18 13:35:12.183 INFO  [SECURITY] eventType= severity= corr= tenant= user= - DDL statement executed successfully {:adapter nil, :statement-preview CREATE INDEX IF NOT EXISTS idx_users_role ON users (role)}
2026-03-18 13:35:12.183 INFO  [SECURITY] eventType= severity= corr= tenant= user= - DDL statement executed successfully {:adapter nil, :statement-preview CREATE INDEX IF NOT EXISTS idx_user_sessions_user_id ON user_sessions (user_id)}
2026-03-18 13:35:12.183 INFO  [SECURITY] eventType= severity= corr= tenant= user= - DDL statement executed successfully {:adapter nil, :statement-preview CREATE INDEX IF NOT EXISTS idx_user_sessions_expires_at ON user_sessions (expires_at)}
2026-03-18 13:35:12.183 INFO  [SECURITY] eventType= severity= corr= tenant= user= - DDL statement executed successfully {:adapter nil, :statement-preview CREATE INDEX IF NOT EXISTS idx_user_sessions_created_at ON user_sessions (created_at)}
2026-03-18 13:35:12.183 INFO  [SECURITY] eventType= severity= corr= tenant= user= - DDL statement executed successfully {:adapter nil, :statement-preview CREATE INDEX IF NOT EXISTS idx_user_sessions_last_accessed_at ON user_sessions (last_accessed_at)}
2026-03-18 13:35:12.183 INFO  [SECURITY] eventType= severity= corr= tenant= user= - DDL statement executed successfully {:adapter nil, :statement-preview CREATE INDEX IF NOT EXISTS idx_user_sessions_revoked_at ON user_sessions (revoked_at)}
2026-03-18 13:35:12.183 INFO  [SECURITY] eventType= severity= corr= tenant= user= - DDL statement executed successfully {:adapter nil, :statement-preview CREATE INDEX IF NOT EXISTS idx_sessions_token ON user_sessions (session_token)}
2026-03-18 13:35:12.183 INFO  [SECURITY] eventType= severity= corr= tenant= user= - DDL statement executed successfully {:adapter nil, :statement-preview CREATE INDEX IF NOT EXISTS idx_sessions_expires_at ON user_sessions (expires_at)}
2026-03-18 13:35:12.183 INFO  [SECURITY] eventType= severity= corr= tenant= user= - DDL statement executed successfully {:adapter nil, :statement-preview CREATE INDEX IF NOT EXISTS idx_user_audit_log_actor_id ON user_audit_log (actor_id)}
2026-03-18 13:35:12.183 INFO  [SECURITY] eventType= severity= corr= tenant= user= - DDL statement executed successfully {:adapter nil, :statement-preview CREATE INDEX IF NOT EXISTS idx_user_audit_log_target_user_id ON user_audit_log (target_user_id)}
2026-03-18 13:35:12.183 INFO  [SECURITY] eventType= severity= corr= tenant= user= - DDL statement executed successfully {:adapter nil, :statement-preview CREATE INDEX IF NOT EXISTS idx_user_audit_log_action ON user_audit_log (action)}
2026-03-18 13:35:12.183 INFO  [SECURITY] eventType= severity= corr= tenant= user= - DDL statement executed successfully {:adapter nil, :statement-preview CREATE INDEX IF NOT EXISTS idx_user_audit_log_result ON user_audit_log (result)}
2026-03-18 13:35:12.183 INFO  [SECURITY] eventType= severity= corr= tenant= user= - DDL statement executed successfully {:adapter nil, :statement-preview CREATE INDEX IF NOT EXISTS idx_user_audit_log_created_at ON user_audit_log (created_at)}
2026-03-18 13:35:12.183 INFO  [SECURITY] eventType= severity= corr= tenant= user= - Database schema initialization completed successfully {:dialect nil, :tables (auth_users users user_sessions user_audit_log)}
2026-03-18 13:35:12.184 INFO  [SECURITY] eventType= severity= corr= tenant= user= - User module database schema initialized
2026-03-18 13:35:12.184 INFO  [SECURITY] eventType= severity= corr= tenant= user= - Initializing user module routes (normalized format)
2026-03-18 13:35:12.281 INFO  [SECURITY] eventType= severity= corr= tenant= user= - User module routes initialized successfully {:route-keys (:api :web :static), :api-count 9, :web-count 20}
2026-03-18 13:55:11.499 INFO  [SECURITY] eventType= severity= corr= tenant= user= - Creating database connection pool {:adapter nil, :pool-size 5, :pool-name default-Pool}
2026-03-18 13:55:11.805 INFO  [SECURITY] eventType= severity= corr= tenant= user= - SQLite PRAGMA initialization completed {:successful-pragmas 7, :failed-pragmas 0, :total-pragmas 7}
2026-03-18 13:55:11.806 INFO  [SECURITY] eventType= severity= corr= tenant= user= - Database connection pool created successfully {:adapter nil, :pool-name default-Pool}
2026-03-18 13:55:11.806 INFO  [SECURITY] eventType= severity= corr= tenant= user= - Created database context {:adapter nil}
2026-03-18 13:55:11.808 INFO  [SECURITY] eventType= severity= corr= tenant= user= - Initializing audit repository
2026-03-18 13:55:11.808 INFO  [SECURITY] eventType= severity= corr= tenant= user= - Audit repository initialized
2026-03-18 13:55:11.809 INFO  [SECURITY] eventType= severity= corr= tenant= user= - Initializing user repository
2026-03-18 13:55:11.813 INFO  [SECURITY] eventType= severity= corr= tenant= user= - User repository initialized
2026-03-18 13:55:11.814 INFO  [SECURITY] eventType= severity= corr= tenant= user= - Initializing MFA service
2026-03-18 13:55:11.814 INFO  [SECURITY] eventType= severity= corr= tenant= user= - MFA service initialized
2026-03-18 13:55:11.814 INFO  [SECURITY] eventType= severity= corr= tenant= user= - Initializing session repository
2026-03-18 13:55:11.814 INFO  [SECURITY] eventType= severity= corr= tenant= user= - Session repository initialized
2026-03-18 13:55:11.815 INFO  [SECURITY] eventType= severity= corr= tenant= user= - Initializing authentication service
2026-03-18 13:55:11.815 INFO  [SECURITY] eventType= severity= corr= tenant= user= - Authentication service initialized
2026-03-18 13:55:11.815 INFO  [SECURITY] eventType= severity= corr= tenant= user= - Initializing user service {:cache-enabled? false}
2026-03-18 13:55:11.815 INFO  [SECURITY] eventType= severity= corr= tenant= user= - User service initialized
2026-03-18 13:55:11.818 INFO  [SECURITY] eventType= severity= corr= tenant= user= - Initializing user module database schema
2026-03-18 13:55:11.818 INFO  [SECURITY] eventType= severity= corr= tenant= user= - Initializing user schema from Malli definitions (split-table architecture)
2026-03-18 13:55:11.820 INFO  [SECURITY] eventType= severity= corr= tenant= user= - Initializing database schema from Malli definitions {:dialect nil, :tables (auth_users users user_sessions user_audit_log)}
2026-03-18 13:55:11.821 INFO  [SECURITY] eventType= severity= corr= tenant= user= - DDL statement executed successfully {:adapter nil, :statement-preview CREATE TABLE IF NOT EXISTS auth_users (
  id UUID NOT NULL PRIMARY KEY,
  email VARCHAR(255) NOT NULL,
  password_hash VARCHAR(255) NOT NULL,
  active BOOLEAN NOT NULL DEFAULT true,
  mfa_enabled BOOLEAN,
  mfa_secret VARCHAR(255),
  mfa_backup_codes VARCHAR(255),
  mfa_backup_codes_used VARCHAR(255),
  mfa_enabled_at VARCHAR(255),
  failed_login_count INTEGER,
  lockout_until VARCHAR(255),
  created_at VARCHAR(255) NOT NULL,
  updated_at VARCHAR(255),
  deleted_at VARCHAR(255),
  CONSTRAINT uk_auth_users_email UNIQUE(email)
);}
2026-03-18 13:55:11.821 INFO  [SECURITY] eventType= severity= corr= tenant= user= - DDL statement executed successfully {:adapter nil, :statement-preview CREATE TABLE IF NOT EXISTS users (
  id UUID NOT NULL PRIMARY KEY,
  tenant_id UUID,
  name VARCHAR(255) NOT NULL,
  role VARCHAR(50) NOT NULL CHECK(role IN ('admin', 'user', 'viewer')),
  avatar_url VARCHAR(255),
  login_count INTEGER,
  last_login VARCHAR(255),
  notifications_email BOOLEAN,
  notifications_push BOOLEAN,
  notifications_sms BOOLEAN,
  theme VARCHAR(50) CHECK(theme IN ('light', 'dark', 'auto')),
  language VARCHAR(255),
  timezone VARCHAR(255),
  date_format VARCHAR(50) CHECK(date_format IN ('iso', 'us', 'eu')),
  time_format VARCHAR(50) CHECK(time_format IN ('12h', '24h')),
  created_at VARCHAR(255) NOT NULL,
  updated_at VARCHAR(255),
  deleted_at VARCHAR(255)
);}
2026-03-18 13:55:11.821 INFO  [SECURITY] eventType= severity= corr= tenant= user= - DDL statement executed successfully {:adapter nil, :statement-preview CREATE TABLE IF NOT EXISTS user_sessions (
  id UUID NOT NULL PRIMARY KEY,
  user_id UUID NOT NULL,
  session_token VARCHAR(255) NOT NULL,
  expires_at VARCHAR(255) NOT NULL,
  created_at VARCHAR(255) NOT NULL,
  last_accessed_at VARCHAR(255),
  revoked_at VARCHAR(255),
  user_agent VARCHAR(255),
  ip_address VARCHAR(255),
  CONSTRAINT uk_user_sessions_token UNIQUE(session_token)
);}
2026-03-18 13:55:11.821 INFO  [SECURITY] eventType= severity= corr= tenant= user= - DDL statement executed successfully {:adapter nil, :statement-preview CREATE TABLE IF NOT EXISTS user_audit_log (
  id UUID NOT NULL PRIMARY KEY,
  action VARCHAR(50) NOT NULL CHECK(action IN ('create', 'update', 'delete', 'activate', 'deactivate', 'role-change', 'bulk-action', 'login', 'logout')),
  actor_id UUID,
  actor_email VARCHAR(255),
  target_user_id UUID NOT NULL,
  target_user_email VARCHAR(255) NOT NULL,
  changes JSONB,
  metadata JSONB,
  ip_address VARCHAR(255),
  user_agent VARCHAR(255),
  result VARCHAR(50) NOT NULL CHECK(result IN ('success', 'failure')),
  error_message VARCHAR(255),
  created_at VARCHAR(255) NOT NULL
);}
2026-03-18 13:55:11.822 INFO  [SECURITY] eventType= severity= corr= tenant= user= - DDL statement executed successfully {:adapter nil, :statement-preview CREATE INDEX IF NOT EXISTS idx_auth_users_mfa_enabled_at ON auth_users (mfa_enabled_at)}
2026-03-18 13:55:11.822 INFO  [SECURITY] eventType= severity= corr= tenant= user= - DDL statement executed successfully {:adapter nil, :statement-preview CREATE INDEX IF NOT EXISTS idx_auth_users_created_at ON auth_users (created_at)}
2026-03-18 13:55:11.822 INFO  [SECURITY] eventType= severity= corr= tenant= user= - DDL statement executed successfully {:adapter nil, :statement-preview CREATE INDEX IF NOT EXISTS idx_auth_users_updated_at ON auth_users (updated_at)}
2026-03-18 13:55:11.822 INFO  [SECURITY] eventType= severity= corr= tenant= user= - DDL statement executed successfully {:adapter nil, :statement-preview CREATE INDEX IF NOT EXISTS idx_auth_users_deleted_at ON auth_users (deleted_at)}
2026-03-18 13:55:11.822 INFO  [SECURITY] eventType= severity= corr= tenant= user= - DDL statement executed successfully {:adapter nil, :statement-preview CREATE INDEX IF NOT EXISTS idx_auth_users_email ON auth_users (email)}
2026-03-18 13:55:11.823 INFO  [SECURITY] eventType= severity= corr= tenant= user= - DDL statement executed successfully {:adapter nil, :statement-preview CREATE INDEX IF NOT EXISTS idx_auth_users_active ON auth_users (active)}
2026-03-18 13:55:11.823 INFO  [SECURITY] eventType= severity= corr= tenant= user= - DDL statement executed successfully {:adapter nil, :statement-preview CREATE INDEX IF NOT EXISTS idx_users_tenant_id ON users (tenant_id)}
2026-03-18 13:55:11.823 INFO  [SECURITY] eventType= severity= corr= tenant= user= - DDL statement executed successfully {:adapter nil, :statement-preview CREATE INDEX IF NOT EXISTS idx_users_role ON users (role)}
2026-03-18 13:55:11.823 INFO  [SECURITY] eventType= severity= corr= tenant= user= - DDL statement executed successfully {:adapter nil, :statement-preview CREATE INDEX IF NOT EXISTS idx_users_theme ON users (theme)}
2026-03-18 13:55:11.823 INFO  [SECURITY] eventType= severity= corr= tenant= user= - DDL statement executed successfully {:adapter nil, :statement-preview CREATE INDEX IF NOT EXISTS idx_users_date_format ON users (date_format)}
2026-03-18 13:55:11.823 INFO  [SECURITY] eventType= severity= corr= tenant= user= - DDL statement executed successfully {:adapter nil, :statement-preview CREATE INDEX IF NOT EXISTS idx_users_time_format ON users (time_format)}
2026-03-18 13:55:11.824 INFO  [SECURITY] eventType= severity= corr= tenant= user= - DDL statement executed successfully {:adapter nil, :statement-preview CREATE INDEX IF NOT EXISTS idx_users_created_at ON users (created_at)}
2026-03-18 13:55:11.824 INFO  [SECURITY] eventType= severity= corr= tenant= user= - DDL statement executed successfully {:adapter nil, :statement-preview CREATE INDEX IF NOT EXISTS idx_users_updated_at ON users (updated_at)}
2026-03-18 13:55:11.824 INFO  [SECURITY] eventType= severity= corr= tenant= user= - DDL statement executed successfully {:adapter nil, :statement-preview CREATE INDEX IF NOT EXISTS idx_users_deleted_at ON users (deleted_at)}
2026-03-18 13:55:11.824 INFO  [SECURITY] eventType= severity= corr= tenant= user= - DDL statement executed successfully {:adapter nil, :statement-preview CREATE INDEX IF NOT EXISTS idx_users_role ON users (role)}
2026-03-18 13:55:11.824 INFO  [SECURITY] eventType= severity= corr= tenant= user= - DDL statement executed successfully {:adapter nil, :statement-preview CREATE INDEX IF NOT EXISTS idx_user_sessions_user_id ON user_sessions (user_id)}
2026-03-18 13:55:11.824 INFO  [SECURITY] eventType= severity= corr= tenant= user= - DDL statement executed successfully {:adapter nil, :statement-preview CREATE INDEX IF NOT EXISTS idx_user_sessions_expires_at ON user_sessions (expires_at)}
2026-03-18 13:55:11.824 INFO  [SECURITY] eventType= severity= corr= tenant= user= - DDL statement executed successfully {:adapter nil, :statement-preview CREATE INDEX IF NOT EXISTS idx_user_sessions_created_at ON user_sessions (created_at)}
2026-03-18 13:55:11.825 INFO  [SECURITY] eventType= severity= corr= tenant= user= - DDL statement executed successfully {:adapter nil, :statement-preview CREATE INDEX IF NOT EXISTS idx_user_sessions_last_accessed_at ON user_sessions (last_accessed_at)}
2026-03-18 13:55:11.825 INFO  [SECURITY] eventType= severity= corr= tenant= user= - DDL statement executed successfully {:adapter nil, :statement-preview CREATE INDEX IF NOT EXISTS idx_user_sessions_revoked_at ON user_sessions (revoked_at)}
2026-03-18 13:55:11.825 INFO  [SECURITY] eventType= severity= corr= tenant= user= - DDL statement executed successfully {:adapter nil, :statement-preview CREATE INDEX IF NOT EXISTS idx_sessions_token ON user_sessions (session_token)}
2026-03-18 13:55:11.825 INFO  [SECURITY] eventType= severity= corr= tenant= user= - DDL statement executed successfully {:adapter nil, :statement-preview CREATE INDEX IF NOT EXISTS idx_sessions_expires_at ON user_sessions (expires_at)}
2026-03-18 13:55:11.825 INFO  [SECURITY] eventType= severity= corr= tenant= user= - DDL statement executed successfully {:adapter nil, :statement-preview CREATE INDEX IF NOT EXISTS idx_user_audit_log_actor_id ON user_audit_log (actor_id)}
2026-03-18 13:55:11.825 INFO  [SECURITY] eventType= severity= corr= tenant= user= - DDL statement executed successfully {:adapter nil, :statement-preview CREATE INDEX IF NOT EXISTS idx_user_audit_log_target_user_id ON user_audit_log (target_user_id)}
2026-03-18 13:55:11.825 INFO  [SECURITY] eventType= severity= corr= tenant= user= - DDL statement executed successfully {:adapter nil, :statement-preview CREATE INDEX IF NOT EXISTS idx_user_audit_log_action ON user_audit_log (action)}
2026-03-18 13:55:11.825 INFO  [SECURITY] eventType= severity= corr= tenant= user= - DDL statement executed successfully {:adapter nil, :statement-preview CREATE INDEX IF NOT EXISTS idx_user_audit_log_result ON user_audit_log (result)}
2026-03-18 13:55:11.826 INFO  [SECURITY] eventType= severity= corr= tenant= user= - DDL statement executed successfully {:adapter nil, :statement-preview CREATE INDEX IF NOT EXISTS idx_user_audit_log_created_at ON user_audit_log (created_at)}
2026-03-18 13:55:11.826 INFO  [SECURITY] eventType= severity= corr= tenant= user= - Database schema initialization completed successfully {:dialect nil, :tables (auth_users users user_sessions user_audit_log)}
2026-03-18 13:55:11.827 INFO  [SECURITY] eventType= severity= corr= tenant= user= - User module database schema initialized
2026-03-18 13:55:11.827 INFO  [SECURITY] eventType= severity= corr= tenant= user= - Initializing user module routes (normalized format)
2026-03-18 13:55:11.929 INFO  [SECURITY] eventType= severity= corr= tenant= user= - User module routes initialized successfully {:route-keys (:api :web :static), :api-count 9, :web-count 20}
2026-03-18 13:56:07.080 INFO  [SECURITY] eventType= severity= corr= tenant= user= - User module routes halted (no cleanup needed)
2026-03-18 13:56:07.080 INFO  [SECURITY] eventType= severity= corr= tenant= user= - User module database schema component halted
2026-03-18 13:56:07.080 INFO  [SECURITY] eventType= severity= corr= tenant= user= - User service halted (no cleanup needed)
2026-03-18 13:56:07.080 INFO  [SECURITY] eventType= severity= corr= tenant= user= - Authentication service halted (no cleanup needed)
2026-03-18 13:56:07.081 INFO  [SECURITY] eventType= severity= corr= tenant= user= - Session repository halted (no cleanup needed)
2026-03-18 13:56:07.081 INFO  [SECURITY] eventType= severity= corr= tenant= user= - MFA service halted (no cleanup needed)
2026-03-18 13:56:07.081 INFO  [SECURITY] eventType= severity= corr= tenant= user= - User repository halted (no cleanup needed)
2026-03-18 13:56:07.081 INFO  [SECURITY] eventType= severity= corr= tenant= user= - Audit repository halted (no cleanup needed)
2026-03-18 13:56:07.081 INFO  [SECURITY] eventType= severity= corr= tenant= user= - Closing database context {:adapter nil}
2026-03-18 13:56:07.081 INFO  [SECURITY] eventType= severity= corr= tenant= user= - Closing database connection pool {:pool-name default-Pool}
2026-03-18 13:56:07.082 INFO  [SECURITY] eventType= severity= corr= tenant= user= - Database connection pool closed {:pool-name default-Pool}
2026-03-18 13:56:11.890 INFO  [SECURITY] eventType= severity= corr= tenant= user= - Creating database connection pool {:adapter nil, :pool-size 5, :pool-name default-Pool}
2026-03-18 13:56:12.125 INFO  [SECURITY] eventType= severity= corr= tenant= user= - SQLite PRAGMA initialization completed {:successful-pragmas 7, :failed-pragmas 0, :total-pragmas 7}
2026-03-18 13:56:12.125 INFO  [SECURITY] eventType= severity= corr= tenant= user= - Database connection pool created successfully {:adapter nil, :pool-name default-Pool}
2026-03-18 13:56:12.125 INFO  [SECURITY] eventType= severity= corr= tenant= user= - Created database context {:adapter nil}
2026-03-18 13:56:12.127 INFO  [SECURITY] eventType= severity= corr= tenant= user= - Initializing audit repository
2026-03-18 13:56:12.127 INFO  [SECURITY] eventType= severity= corr= tenant= user= - Audit repository initialized
2026-03-18 13:56:12.127 INFO  [SECURITY] eventType= severity= corr= tenant= user= - Initializing user repository
2026-03-18 13:56:12.130 INFO  [SECURITY] eventType= severity= corr= tenant= user= - User repository initialized
2026-03-18 13:56:12.130 INFO  [SECURITY] eventType= severity= corr= tenant= user= - Initializing MFA service
2026-03-18 13:56:12.130 INFO  [SECURITY] eventType= severity= corr= tenant= user= - MFA service initialized
2026-03-18 13:56:12.130 INFO  [SECURITY] eventType= severity= corr= tenant= user= - Initializing session repository
2026-03-18 13:56:12.130 INFO  [SECURITY] eventType= severity= corr= tenant= user= - Session repository initialized
2026-03-18 13:56:12.130 INFO  [SECURITY] eventType= severity= corr= tenant= user= - Initializing authentication service
2026-03-18 13:56:12.130 INFO  [SECURITY] eventType= severity= corr= tenant= user= - Authentication service initialized
2026-03-18 13:56:12.131 INFO  [SECURITY] eventType= severity= corr= tenant= user= - Initializing user service {:cache-enabled? false}
2026-03-18 13:56:12.131 INFO  [SECURITY] eventType= severity= corr= tenant= user= - User service initialized
2026-03-18 13:56:12.132 INFO  [SECURITY] eventType= severity= corr= tenant= user= - Initializing user module database schema
2026-03-18 13:56:12.133 INFO  [SECURITY] eventType= severity= corr= tenant= user= - Initializing user schema from Malli definitions (split-table architecture)
2026-03-18 13:56:12.134 INFO  [SECURITY] eventType= severity= corr= tenant= user= - Initializing database schema from Malli definitions {:dialect nil, :tables (auth_users users user_sessions user_audit_log)}
2026-03-18 13:56:12.134 INFO  [SECURITY] eventType= severity= corr= tenant= user= - DDL statement executed successfully {:adapter nil, :statement-preview CREATE TABLE IF NOT EXISTS auth_users (
  id UUID NOT NULL PRIMARY KEY,
  email VARCHAR(255) NOT NULL,
  password_hash VARCHAR(255) NOT NULL,
  active BOOLEAN NOT NULL DEFAULT true,
  mfa_enabled BOOLEAN,
  mfa_secret VARCHAR(255),
  mfa_backup_codes VARCHAR(255),
  mfa_backup_codes_used VARCHAR(255),
  mfa_enabled_at VARCHAR(255),
  failed_login_count INTEGER,
  lockout_until VARCHAR(255),
  created_at VARCHAR(255) NOT NULL,
  updated_at VARCHAR(255),
  deleted_at VARCHAR(255),
  CONSTRAINT uk_auth_users_email UNIQUE(email)
);}
2026-03-18 13:56:12.134 INFO  [SECURITY] eventType= severity= corr= tenant= user= - DDL statement executed successfully {:adapter nil, :statement-preview CREATE TABLE IF NOT EXISTS users (
  id UUID NOT NULL PRIMARY KEY,
  tenant_id UUID,
  name VARCHAR(255) NOT NULL,
  role VARCHAR(50) NOT NULL CHECK(role IN ('admin', 'user', 'viewer')),
  avatar_url VARCHAR(255),
  login_count INTEGER,
  last_login VARCHAR(255),
  notifications_email BOOLEAN,
  notifications_push BOOLEAN,
  notifications_sms BOOLEAN,
  theme VARCHAR(50) CHECK(theme IN ('light', 'dark', 'auto')),
  language VARCHAR(255),
  timezone VARCHAR(255),
  date_format VARCHAR(50) CHECK(date_format IN ('iso', 'us', 'eu')),
  time_format VARCHAR(50) CHECK(time_format IN ('12h', '24h')),
  created_at VARCHAR(255) NOT NULL,
  updated_at VARCHAR(255),
  deleted_at VARCHAR(255)
);}
2026-03-18 13:56:12.135 INFO  [SECURITY] eventType= severity= corr= tenant= user= - DDL statement executed successfully {:adapter nil, :statement-preview CREATE TABLE IF NOT EXISTS user_sessions (
  id UUID NOT NULL PRIMARY KEY,
  user_id UUID NOT NULL,
  session_token VARCHAR(255) NOT NULL,
  expires_at VARCHAR(255) NOT NULL,
  created_at VARCHAR(255) NOT NULL,
  last_accessed_at VARCHAR(255),
  revoked_at VARCHAR(255),
  user_agent VARCHAR(255),
  ip_address VARCHAR(255),
  CONSTRAINT uk_user_sessions_token UNIQUE(session_token)
);}
2026-03-18 13:56:12.135 INFO  [SECURITY] eventType= severity= corr= tenant= user= - DDL statement executed successfully {:adapter nil, :statement-preview CREATE TABLE IF NOT EXISTS user_audit_log (
  id UUID NOT NULL PRIMARY KEY,
  action VARCHAR(50) NOT NULL CHECK(action IN ('create', 'update', 'delete', 'activate', 'deactivate', 'role-change', 'bulk-action', 'login', 'logout')),
  actor_id UUID,
  actor_email VARCHAR(255),
  target_user_id UUID NOT NULL,
  target_user_email VARCHAR(255) NOT NULL,
  changes JSONB,
  metadata JSONB,
  ip_address VARCHAR(255),
  user_agent VARCHAR(255),
  result VARCHAR(50) NOT NULL CHECK(result IN ('success', 'failure')),
  error_message VARCHAR(255),
  created_at VARCHAR(255) NOT NULL
);}
2026-03-18 13:56:12.135 INFO  [SECURITY] eventType= severity= corr= tenant= user= - DDL statement executed successfully {:adapter nil, :statement-preview CREATE INDEX IF NOT EXISTS idx_auth_users_mfa_enabled_at ON auth_users (mfa_enabled_at)}
2026-03-18 13:56:12.135 INFO  [SECURITY] eventType= severity= corr= tenant= user= - DDL statement executed successfully {:adapter nil, :statement-preview CREATE INDEX IF NOT EXISTS idx_auth_users_created_at ON auth_users (created_at)}
2026-03-18 13:56:12.135 INFO  [SECURITY] eventType= severity= corr= tenant= user= - DDL statement executed successfully {:adapter nil, :statement-preview CREATE INDEX IF NOT EXISTS idx_auth_users_updated_at ON auth_users (updated_at)}
2026-03-18 13:56:12.135 INFO  [SECURITY] eventType= severity= corr= tenant= user= - DDL statement executed successfully {:adapter nil, :statement-preview CREATE INDEX IF NOT EXISTS idx_auth_users_deleted_at ON auth_users (deleted_at)}
2026-03-18 13:56:12.136 INFO  [SECURITY] eventType= severity= corr= tenant= user= - DDL statement executed successfully {:adapter nil, :statement-preview CREATE INDEX IF NOT EXISTS idx_auth_users_email ON auth_users (email)}
2026-03-18 13:56:12.136 INFO  [SECURITY] eventType= severity= corr= tenant= user= - DDL statement executed successfully {:adapter nil, :statement-preview CREATE INDEX IF NOT EXISTS idx_auth_users_active ON auth_users (active)}
2026-03-18 13:56:12.136 INFO  [SECURITY] eventType= severity= corr= tenant= user= - DDL statement executed successfully {:adapter nil, :statement-preview CREATE INDEX IF NOT EXISTS idx_users_tenant_id ON users (tenant_id)}
2026-03-18 13:56:12.136 INFO  [SECURITY] eventType= severity= corr= tenant= user= - DDL statement executed successfully {:adapter nil, :statement-preview CREATE INDEX IF NOT EXISTS idx_users_role ON users (role)}
2026-03-18 13:56:12.136 INFO  [SECURITY] eventType= severity= corr= tenant= user= - DDL statement executed successfully {:adapter nil, :statement-preview CREATE INDEX IF NOT EXISTS idx_users_theme ON users (theme)}
2026-03-18 13:56:12.136 INFO  [SECURITY] eventType= severity= corr= tenant= user= - DDL statement executed successfully {:adapter nil, :statement-preview CREATE INDEX IF NOT EXISTS idx_users_date_format ON users (date_format)}
2026-03-18 13:56:12.136 INFO  [SECURITY] eventType= severity= corr= tenant= user= - DDL statement executed successfully {:adapter nil, :statement-preview CREATE INDEX IF NOT EXISTS idx_users_time_format ON users (time_format)}
2026-03-18 13:56:12.136 INFO  [SECURITY] eventType= severity= corr= tenant= user= - DDL statement executed successfully {:adapter nil, :statement-preview CREATE INDEX IF NOT EXISTS idx_users_created_at ON users (created_at)}
2026-03-18 13:56:12.136 INFO  [SECURITY] eventType= severity= corr= tenant= user= - DDL statement executed successfully {:adapter nil, :statement-preview CREATE INDEX IF NOT EXISTS idx_users_updated_at ON users (updated_at)}
2026-03-18 13:56:12.136 INFO  [SECURITY] eventType= severity= corr= tenant= user= - DDL statement executed successfully {:adapter nil, :statement-preview CREATE INDEX IF NOT EXISTS idx_users_deleted_at ON users (deleted_at)}
2026-03-18 13:56:12.136 INFO  [SECURITY] eventType= severity= corr= tenant= user= - DDL statement executed successfully {:adapter nil, :statement-preview CREATE INDEX IF NOT EXISTS idx_users_role ON users (role)}
2026-03-18 13:56:12.136 INFO  [SECURITY] eventType= severity= corr= tenant= user= - DDL statement executed successfully {:adapter nil, :statement-preview CREATE INDEX IF NOT EXISTS idx_user_sessions_user_id ON user_sessions (user_id)}
2026-03-18 13:56:12.137 INFO  [SECURITY] eventType= severity= corr= tenant= user= - DDL statement executed successfully {:adapter nil, :statement-preview CREATE INDEX IF NOT EXISTS idx_user_sessions_expires_at ON user_sessions (expires_at)}
2026-03-18 13:56:12.137 INFO  [SECURITY] eventType= severity= corr= tenant= user= - DDL statement executed successfully {:adapter nil, :statement-preview CREATE INDEX IF NOT EXISTS idx_user_sessions_created_at ON user_sessions (created_at)}
2026-03-18 13:56:12.137 INFO  [SECURITY] eventType= severity= corr= tenant= user= - DDL statement executed successfully {:adapter nil, :statement-preview CREATE INDEX IF NOT EXISTS idx_user_sessions_last_accessed_at ON user_sessions (last_accessed_at)}
2026-03-18 13:56:12.137 INFO  [SECURITY] eventType= severity= corr= tenant= user= - DDL statement executed successfully {:adapter nil, :statement-preview CREATE INDEX IF NOT EXISTS idx_user_sessions_revoked_at ON user_sessions (revoked_at)}
2026-03-18 13:56:12.137 INFO  [SECURITY] eventType= severity= corr= tenant= user= - DDL statement executed successfully {:adapter nil, :statement-preview CREATE INDEX IF NOT EXISTS idx_sessions_token ON user_sessions (session_token)}
2026-03-18 13:56:12.137 INFO  [SECURITY] eventType= severity= corr= tenant= user= - DDL statement executed successfully {:adapter nil, :statement-preview CREATE INDEX IF NOT EXISTS idx_sessions_expires_at ON user_sessions (expires_at)}
2026-03-18 13:56:12.137 INFO  [SECURITY] eventType= severity= corr= tenant= user= - DDL statement executed successfully {:adapter nil, :statement-preview CREATE INDEX IF NOT EXISTS idx_user_audit_log_actor_id ON user_audit_log (actor_id)}
2026-03-18 13:56:12.137 INFO  [SECURITY] eventType= severity= corr= tenant= user= - DDL statement executed successfully {:adapter nil, :statement-preview CREATE INDEX IF NOT EXISTS idx_user_audit_log_target_user_id ON user_audit_log (target_user_id)}
2026-03-18 13:56:12.137 INFO  [SECURITY] eventType= severity= corr= tenant= user= - DDL statement executed successfully {:adapter nil, :statement-preview CREATE INDEX IF NOT EXISTS idx_user_audit_log_action ON user_audit_log (action)}
2026-03-18 13:56:12.137 INFO  [SECURITY] eventType= severity= corr= tenant= user= - DDL statement executed successfully {:adapter nil, :statement-preview CREATE INDEX IF NOT EXISTS idx_user_audit_log_result ON user_audit_log (result)}
2026-03-18 13:56:12.137 INFO  [SECURITY] eventType= severity= corr= tenant= user= - DDL statement executed successfully {:adapter nil, :statement-preview CREATE INDEX IF NOT EXISTS idx_user_audit_log_created_at ON user_audit_log (created_at)}
2026-03-18 13:56:12.137 INFO  [SECURITY] eventType= severity= corr= tenant= user= - Database schema initialization completed successfully {:dialect nil, :tables (auth_users users user_sessions user_audit_log)}
2026-03-18 13:56:12.138 INFO  [SECURITY] eventType= severity= corr= tenant= user= - User module database schema initialized
2026-03-18 13:56:12.138 INFO  [SECURITY] eventType= severity= corr= tenant= user= - Initializing user module routes (normalized format)
2026-03-18 13:56:12.233 INFO  [SECURITY] eventType= severity= corr= tenant= user= - User module routes initialized successfully {:route-keys (:api :web :static), :api-count 9, :web-count 20}
2026-03-18 14:01:37.042 INFO  [SECURITY] eventType= severity= corr= tenant= user= - User module routes halted (no cleanup needed)
2026-03-18 14:01:37.042 INFO  [SECURITY] eventType= severity= corr= tenant= user= - User module database schema component halted
2026-03-18 14:01:37.043 INFO  [SECURITY] eventType= severity= corr= tenant= user= - User service halted (no cleanup needed)
2026-03-18 14:01:37.043 INFO  [SECURITY] eventType= severity= corr= tenant= user= - Authentication service halted (no cleanup needed)
2026-03-18 14:01:37.043 INFO  [SECURITY] eventType= severity= corr= tenant= user= - Session repository halted (no cleanup needed)
2026-03-18 14:01:37.043 INFO  [SECURITY] eventType= severity= corr= tenant= user= - MFA service halted (no cleanup needed)
2026-03-18 14:01:37.043 INFO  [SECURITY] eventType= severity= corr= tenant= user= - User repository halted (no cleanup needed)
2026-03-18 14:01:37.043 INFO  [SECURITY] eventType= severity= corr= tenant= user= - Audit repository halted (no cleanup needed)
2026-03-18 14:01:37.043 INFO  [SECURITY] eventType= severity= corr= tenant= user= - Closing database context {:adapter nil}
2026-03-18 14:01:37.044 INFO  [SECURITY] eventType= severity= corr= tenant= user= - Closing database connection pool {:pool-name default-Pool}
2026-03-18 14:01:37.044 INFO  [SECURITY] eventType= severity= corr= tenant= user= - Database connection pool closed {:pool-name default-Pool}
2026-03-18 14:01:41.086 INFO  [SECURITY] eventType= severity= corr= tenant= user= - Creating database connection pool {:adapter nil, :pool-size 5, :pool-name default-Pool}
2026-03-18 14:01:41.339 INFO  [SECURITY] eventType= severity= corr= tenant= user= - SQLite PRAGMA initialization completed {:successful-pragmas 7, :failed-pragmas 0, :total-pragmas 7}
2026-03-18 14:01:41.339 INFO  [SECURITY] eventType= severity= corr= tenant= user= - Database connection pool created successfully {:adapter nil, :pool-name default-Pool}
2026-03-18 14:01:41.339 INFO  [SECURITY] eventType= severity= corr= tenant= user= - Created database context {:adapter nil}
2026-03-18 14:01:41.341 INFO  [SECURITY] eventType= severity= corr= tenant= user= - Initializing audit repository
2026-03-18 14:01:41.341 INFO  [SECURITY] eventType= severity= corr= tenant= user= - Audit repository initialized
2026-03-18 14:01:41.341 INFO  [SECURITY] eventType= severity= corr= tenant= user= - Initializing user repository
2026-03-18 14:01:41.345 INFO  [SECURITY] eventType= severity= corr= tenant= user= - User repository initialized
2026-03-18 14:01:41.345 INFO  [SECURITY] eventType= severity= corr= tenant= user= - Initializing MFA service
2026-03-18 14:01:41.345 INFO  [SECURITY] eventType= severity= corr= tenant= user= - MFA service initialized
2026-03-18 14:01:41.345 INFO  [SECURITY] eventType= severity= corr= tenant= user= - Initializing session repository
2026-03-18 14:01:41.346 INFO  [SECURITY] eventType= severity= corr= tenant= user= - Session repository initialized
2026-03-18 14:01:41.346 INFO  [SECURITY] eventType= severity= corr= tenant= user= - Initializing authentication service
2026-03-18 14:01:41.346 INFO  [SECURITY] eventType= severity= corr= tenant= user= - Authentication service initialized
2026-03-18 14:01:41.347 INFO  [SECURITY] eventType= severity= corr= tenant= user= - Initializing user service {:cache-enabled? false}
2026-03-18 14:01:41.347 INFO  [SECURITY] eventType= severity= corr= tenant= user= - User service initialized
2026-03-18 14:01:41.349 INFO  [SECURITY] eventType= severity= corr= tenant= user= - Initializing user module database schema
2026-03-18 14:01:41.349 INFO  [SECURITY] eventType= severity= corr= tenant= user= - Initializing user schema from Malli definitions (split-table architecture)
2026-03-18 14:01:41.351 INFO  [SECURITY] eventType= severity= corr= tenant= user= - Initializing database schema from Malli definitions {:dialect nil, :tables (auth_users users user_sessions user_audit_log)}
2026-03-18 14:01:41.351 INFO  [SECURITY] eventType= severity= corr= tenant= user= - DDL statement executed successfully {:adapter nil, :statement-preview CREATE TABLE IF NOT EXISTS auth_users (
  id UUID NOT NULL PRIMARY KEY,
  email VARCHAR(255) NOT NULL,
  password_hash VARCHAR(255) NOT NULL,
  active BOOLEAN NOT NULL DEFAULT true,
  mfa_enabled BOOLEAN,
  mfa_secret VARCHAR(255),
  mfa_backup_codes VARCHAR(255),
  mfa_backup_codes_used VARCHAR(255),
  mfa_enabled_at VARCHAR(255),
  failed_login_count INTEGER,
  lockout_until VARCHAR(255),
  created_at VARCHAR(255) NOT NULL,
  updated_at VARCHAR(255),
  deleted_at VARCHAR(255),
  CONSTRAINT uk_auth_users_email UNIQUE(email)
);}
2026-03-18 14:01:41.352 INFO  [SECURITY] eventType= severity= corr= tenant= user= - DDL statement executed successfully {:adapter nil, :statement-preview CREATE TABLE IF NOT EXISTS users (
  id UUID NOT NULL PRIMARY KEY,
  tenant_id UUID,
  name VARCHAR(255) NOT NULL,
  role VARCHAR(50) NOT NULL CHECK(role IN ('admin', 'user', 'viewer')),
  avatar_url VARCHAR(255),
  login_count INTEGER,
  last_login VARCHAR(255),
  notifications_email BOOLEAN,
  notifications_push BOOLEAN,
  notifications_sms BOOLEAN,
  theme VARCHAR(50) CHECK(theme IN ('light', 'dark', 'auto')),
  language VARCHAR(255),
  timezone VARCHAR(255),
  date_format VARCHAR(50) CHECK(date_format IN ('iso', 'us', 'eu')),
  time_format VARCHAR(50) CHECK(time_format IN ('12h', '24h')),
  created_at VARCHAR(255) NOT NULL,
  updated_at VARCHAR(255),
  deleted_at VARCHAR(255)
);}
2026-03-18 14:01:41.352 INFO  [SECURITY] eventType= severity= corr= tenant= user= - DDL statement executed successfully {:adapter nil, :statement-preview CREATE TABLE IF NOT EXISTS user_sessions (
  id UUID NOT NULL PRIMARY KEY,
  user_id UUID NOT NULL,
  session_token VARCHAR(255) NOT NULL,
  expires_at VARCHAR(255) NOT NULL,
  created_at VARCHAR(255) NOT NULL,
  last_accessed_at VARCHAR(255),
  revoked_at VARCHAR(255),
  user_agent VARCHAR(255),
  ip_address VARCHAR(255),
  CONSTRAINT uk_user_sessions_token UNIQUE(session_token)
);}
2026-03-18 14:01:41.352 INFO  [SECURITY] eventType= severity= corr= tenant= user= - DDL statement executed successfully {:adapter nil, :statement-preview CREATE TABLE IF NOT EXISTS user_audit_log (
  id UUID NOT NULL PRIMARY KEY,
  action VARCHAR(50) NOT NULL CHECK(action IN ('create', 'update', 'delete', 'activate', 'deactivate', 'role-change', 'bulk-action', 'login', 'logout')),
  actor_id UUID,
  actor_email VARCHAR(255),
  target_user_id UUID NOT NULL,
  target_user_email VARCHAR(255) NOT NULL,
  changes JSONB,
  metadata JSONB,
  ip_address VARCHAR(255),
  user_agent VARCHAR(255),
  result VARCHAR(50) NOT NULL CHECK(result IN ('success', 'failure')),
  error_message VARCHAR(255),
  created_at VARCHAR(255) NOT NULL
);}
2026-03-18 14:01:41.353 INFO  [SECURITY] eventType= severity= corr= tenant= user= - DDL statement executed successfully {:adapter nil, :statement-preview CREATE INDEX IF NOT EXISTS idx_auth_users_mfa_enabled_at ON auth_users (mfa_enabled_at)}
2026-03-18 14:01:41.353 INFO  [SECURITY] eventType= severity= corr= tenant= user= - DDL statement executed successfully {:adapter nil, :statement-preview CREATE INDEX IF NOT EXISTS idx_auth_users_created_at ON auth_users (created_at)}
2026-03-18 14:01:41.353 INFO  [SECURITY] eventType= severity= corr= tenant= user= - DDL statement executed successfully {:adapter nil, :statement-preview CREATE INDEX IF NOT EXISTS idx_auth_users_updated_at ON auth_users (updated_at)}
2026-03-18 14:01:41.353 INFO  [SECURITY] eventType= severity= corr= tenant= user= - DDL statement executed successfully {:adapter nil, :statement-preview CREATE INDEX IF NOT EXISTS idx_auth_users_deleted_at ON auth_users (deleted_at)}
2026-03-18 14:01:41.353 INFO  [SECURITY] eventType= severity= corr= tenant= user= - DDL statement executed successfully {:adapter nil, :statement-preview CREATE INDEX IF NOT EXISTS idx_auth_users_email ON auth_users (email)}
2026-03-18 14:01:41.354 INFO  [SECURITY] eventType= severity= corr= tenant= user= - DDL statement executed successfully {:adapter nil, :statement-preview CREATE INDEX IF NOT EXISTS idx_auth_users_active ON auth_users (active)}
2026-03-18 14:01:41.354 INFO  [SECURITY] eventType= severity= corr= tenant= user= - DDL statement executed successfully {:adapter nil, :statement-preview CREATE INDEX IF NOT EXISTS idx_users_tenant_id ON users (tenant_id)}
2026-03-18 14:01:41.354 INFO  [SECURITY] eventType= severity= corr= tenant= user= - DDL statement executed successfully {:adapter nil, :statement-preview CREATE INDEX IF NOT EXISTS idx_users_role ON users (role)}
2026-03-18 14:01:41.354 INFO  [SECURITY] eventType= severity= corr= tenant= user= - DDL statement executed successfully {:adapter nil, :statement-preview CREATE INDEX IF NOT EXISTS idx_users_theme ON users (theme)}
2026-03-18 14:01:41.354 INFO  [SECURITY] eventType= severity= corr= tenant= user= - DDL statement executed successfully {:adapter nil, :statement-preview CREATE INDEX IF NOT EXISTS idx_users_date_format ON users (date_format)}
2026-03-18 14:01:41.354 INFO  [SECURITY] eventType= severity= corr= tenant= user= - DDL statement executed successfully {:adapter nil, :statement-preview CREATE INDEX IF NOT EXISTS idx_users_time_format ON users (time_format)}
2026-03-18 14:01:41.354 INFO  [SECURITY] eventType= severity= corr= tenant= user= - DDL statement executed successfully {:adapter nil, :statement-preview CREATE INDEX IF NOT EXISTS idx_users_created_at ON users (created_at)}
2026-03-18 14:01:41.354 INFO  [SECURITY] eventType= severity= corr= tenant= user= - DDL statement executed successfully {:adapter nil, :statement-preview CREATE INDEX IF NOT EXISTS idx_users_updated_at ON users (updated_at)}
2026-03-18 14:01:41.354 INFO  [SECURITY] eventType= severity= corr= tenant= user= - DDL statement executed successfully {:adapter nil, :statement-preview CREATE INDEX IF NOT EXISTS idx_users_deleted_at ON users (deleted_at)}
2026-03-18 14:01:41.355 INFO  [SECURITY] eventType= severity= corr= tenant= user= - DDL statement executed successfully {:adapter nil, :statement-preview CREATE INDEX IF NOT EXISTS idx_users_role ON users (role)}
2026-03-18 14:01:41.355 INFO  [SECURITY] eventType= severity= corr= tenant= user= - DDL statement executed successfully {:adapter nil, :statement-preview CREATE INDEX IF NOT EXISTS idx_user_sessions_user_id ON user_sessions (user_id)}
2026-03-18 14:01:41.355 INFO  [SECURITY] eventType= severity= corr= tenant= user= - DDL statement executed successfully {:adapter nil, :statement-preview CREATE INDEX IF NOT EXISTS idx_user_sessions_expires_at ON user_sessions (expires_at)}
2026-03-18 14:01:41.355 INFO  [SECURITY] eventType= severity= corr= tenant= user= - DDL statement executed successfully {:adapter nil, :statement-preview CREATE INDEX IF NOT EXISTS idx_user_sessions_created_at ON user_sessions (created_at)}
2026-03-18 14:01:41.355 INFO  [SECURITY] eventType= severity= corr= tenant= user= - DDL statement executed successfully {:adapter nil, :statement-preview CREATE INDEX IF NOT EXISTS idx_user_sessions_last_accessed_at ON user_sessions (last_accessed_at)}
2026-03-18 14:01:41.355 INFO  [SECURITY] eventType= severity= corr= tenant= user= - DDL statement executed successfully {:adapter nil, :statement-preview CREATE INDEX IF NOT EXISTS idx_user_sessions_revoked_at ON user_sessions (revoked_at)}
2026-03-18 14:01:41.355 INFO  [SECURITY] eventType= severity= corr= tenant= user= - DDL statement executed successfully {:adapter nil, :statement-preview CREATE INDEX IF NOT EXISTS idx_sessions_token ON user_sessions (session_token)}
2026-03-18 14:01:41.355 INFO  [SECURITY] eventType= severity= corr= tenant= user= - DDL statement executed successfully {:adapter nil, :statement-preview CREATE INDEX IF NOT EXISTS idx_sessions_expires_at ON user_sessions (expires_at)}
2026-03-18 14:01:41.355 INFO  [SECURITY] eventType= severity= corr= tenant= user= - DDL statement executed successfully {:adapter nil, :statement-preview CREATE INDEX IF NOT EXISTS idx_user_audit_log_actor_id ON user_audit_log (actor_id)}
2026-03-18 14:01:41.355 INFO  [SECURITY] eventType= severity= corr= tenant= user= - DDL statement executed successfully {:adapter nil, :statement-preview CREATE INDEX IF NOT EXISTS idx_user_audit_log_target_user_id ON user_audit_log (target_user_id)}
2026-03-18 14:01:41.355 INFO  [SECURITY] eventType= severity= corr= tenant= user= - DDL statement executed successfully {:adapter nil, :statement-preview CREATE INDEX IF NOT EXISTS idx_user_audit_log_action ON user_audit_log (action)}
2026-03-18 14:01:41.356 INFO  [SECURITY] eventType= severity= corr= tenant= user= - DDL statement executed successfully {:adapter nil, :statement-preview CREATE INDEX IF NOT EXISTS idx_user_audit_log_result ON user_audit_log (result)}
2026-03-18 14:01:41.356 INFO  [SECURITY] eventType= severity= corr= tenant= user= - DDL statement executed successfully {:adapter nil, :statement-preview CREATE INDEX IF NOT EXISTS idx_user_audit_log_created_at ON user_audit_log (created_at)}
2026-03-18 14:01:41.356 INFO  [SECURITY] eventType= severity= corr= tenant= user= - Database schema initialization completed successfully {:dialect nil, :tables (auth_users users user_sessions user_audit_log)}
2026-03-18 14:01:41.357 INFO  [SECURITY] eventType= severity= corr= tenant= user= - User module database schema initialized
2026-03-18 14:01:41.357 INFO  [SECURITY] eventType= severity= corr= tenant= user= - Initializing user module routes (normalized format)
2026-03-18 14:01:41.454 INFO  [SECURITY] eventType= severity= corr= tenant= user= - User module routes initialized successfully {:route-keys (:api :web :static), :api-count 9, :web-count 20}
2026-03-18 14:02:08.725 INFO  [SECURITY] eventType= severity= corr= tenant= user= - Authentication attempt {:email admin@ex.nl, :ip [0:0:0:0:0:0:0:1]}
2026-03-18 14:02:08.733 INFO  [SECURITY] eventType= severity= corr= tenant= user= - Database operation successful: find-user-by-email {:email admin@ex.nl, :duration-ms 5.667916}
2026-03-18 14:02:08.736 INFO  [SECURITY] eventType= severity= corr= tenant= user= - Database operation successful: find-user-by-email {:email admin@ex.nl, :duration-ms 1.456042}
2026-03-18 14:02:08.736 INFO  [SECURITY] eventType= severity= corr= tenant= user= - Login attempt {:email admin@ex.nl, :authenticated false, :result-keys (:authenticated :reason :message :retry-after), :ip-address [0:0:0:0:0:0:0:1], :user-agent Mozilla/5.0 (Macintosh; Intel Mac OS X 10_15_7) AppleWebKit/605.1.15 (KHTML, like Gecko) Version/26.3.1 Safari/605.1.15}
2026-03-18 14:02:08.736 WARN  [SECURITY] eventType= severity= corr= tenant= user= - Login failed {:email admin@ex.nl, :reason :authentication-failed, :message nil}
2026-03-18 14:02:17.127 INFO  [SECURITY] eventType= severity= corr= tenant= user= - Authentication attempt {:email admin@ex.nl, :ip [0:0:0:0:0:0:0:1]}
2026-03-18 14:02:17.131 INFO  [SECURITY] eventType= severity= corr= tenant= user= - Database operation successful: find-user-by-email {:email admin@ex.nl, :duration-ms 2.895125}
2026-03-18 14:02:17.134 INFO  [SECURITY] eventType= severity= corr= tenant= user= - Database operation successful: find-user-by-email {:email admin@ex.nl, :duration-ms 2.323083}
2026-03-18 14:02:17.135 INFO  [SECURITY] eventType= severity= corr= tenant= user= - Login attempt {:email admin@ex.nl, :authenticated false, :result-keys (:authenticated :reason :message :retry-after), :ip-address [0:0:0:0:0:0:0:1], :user-agent Mozilla/5.0 (Macintosh; Intel Mac OS X 10_15_7) AppleWebKit/605.1.15 (KHTML, like Gecko) Version/26.3.1 Safari/605.1.15}
2026-03-18 14:02:17.135 WARN  [SECURITY] eventType= severity= corr= tenant= user= - Login failed {:email admin@ex.nl, :reason :authentication-failed, :message nil}
2026-03-18 14:13:51.110 INFO  [SECURITY] eventType= severity= corr= tenant= user= - User module routes halted (no cleanup needed)
2026-03-18 14:13:51.111 INFO  [SECURITY] eventType= severity= corr= tenant= user= - User module database schema component halted
2026-03-18 14:13:51.111 INFO  [SECURITY] eventType= severity= corr= tenant= user= - User service halted (no cleanup needed)
2026-03-18 14:13:51.112 INFO  [SECURITY] eventType= severity= corr= tenant= user= - Authentication service halted (no cleanup needed)
2026-03-18 14:13:51.112 INFO  [SECURITY] eventType= severity= corr= tenant= user= - Session repository halted (no cleanup needed)
2026-03-18 14:13:51.112 INFO  [SECURITY] eventType= severity= corr= tenant= user= - MFA service halted (no cleanup needed)
2026-03-18 14:13:51.112 INFO  [SECURITY] eventType= severity= corr= tenant= user= - User repository halted (no cleanup needed)
2026-03-18 14:13:51.112 INFO  [SECURITY] eventType= severity= corr= tenant= user= - Audit repository halted (no cleanup needed)
2026-03-18 14:13:51.112 INFO  [SECURITY] eventType= severity= corr= tenant= user= - Closing database context {:adapter nil}
2026-03-18 14:13:51.113 INFO  [SECURITY] eventType= severity= corr= tenant= user= - Closing database connection pool {:pool-name default-Pool}
2026-03-18 14:13:51.113 INFO  [SECURITY] eventType= severity= corr= tenant= user= - Database connection pool closed {:pool-name default-Pool}
2026-03-18 14:13:56.969 INFO  [SECURITY] eventType= severity= corr= tenant= user= - Creating database connection pool {:adapter nil, :pool-size 5, :pool-name default-Pool}
2026-03-18 14:13:57.183 INFO  [SECURITY] eventType= severity= corr= tenant= user= - SQLite PRAGMA initialization completed {:successful-pragmas 7, :failed-pragmas 0, :total-pragmas 7}
2026-03-18 14:13:57.183 INFO  [SECURITY] eventType= severity= corr= tenant= user= - Database connection pool created successfully {:adapter nil, :pool-name default-Pool}
2026-03-18 14:13:57.183 INFO  [SECURITY] eventType= severity= corr= tenant= user= - Created database context {:adapter nil}
2026-03-18 14:13:57.185 INFO  [SECURITY] eventType= severity= corr= tenant= user= - Initializing audit repository
2026-03-18 14:13:57.185 INFO  [SECURITY] eventType= severity= corr= tenant= user= - Audit repository initialized
2026-03-18 14:13:57.185 INFO  [SECURITY] eventType= severity= corr= tenant= user= - Initializing user repository
2026-03-18 14:13:57.188 INFO  [SECURITY] eventType= severity= corr= tenant= user= - User repository initialized
2026-03-18 14:13:57.188 INFO  [SECURITY] eventType= severity= corr= tenant= user= - Initializing MFA service
2026-03-18 14:13:57.188 INFO  [SECURITY] eventType= severity= corr= tenant= user= - MFA service initialized
2026-03-18 14:13:57.188 INFO  [SECURITY] eventType= severity= corr= tenant= user= - Initializing session repository
2026-03-18 14:13:57.188 INFO  [SECURITY] eventType= severity= corr= tenant= user= - Session repository initialized
2026-03-18 14:13:57.188 INFO  [SECURITY] eventType= severity= corr= tenant= user= - Initializing authentication service
2026-03-18 14:13:57.189 INFO  [SECURITY] eventType= severity= corr= tenant= user= - Authentication service initialized
2026-03-18 14:13:57.189 INFO  [SECURITY] eventType= severity= corr= tenant= user= - Initializing user service {:cache-enabled? false}
2026-03-18 14:13:57.189 INFO  [SECURITY] eventType= severity= corr= tenant= user= - User service initialized
2026-03-18 14:13:57.191 INFO  [SECURITY] eventType= severity= corr= tenant= user= - Initializing user module database schema
2026-03-18 14:13:57.191 INFO  [SECURITY] eventType= severity= corr= tenant= user= - Initializing user schema from Malli definitions (split-table architecture)
2026-03-18 14:13:57.192 INFO  [SECURITY] eventType= severity= corr= tenant= user= - Initializing database schema from Malli definitions {:dialect nil, :tables (auth_users users user_sessions user_audit_log)}
2026-03-18 14:13:57.193 INFO  [SECURITY] eventType= severity= corr= tenant= user= - DDL statement executed successfully {:adapter nil, :statement-preview CREATE TABLE IF NOT EXISTS auth_users (
  id UUID NOT NULL PRIMARY KEY,
  email VARCHAR(255) NOT NULL,
  password_hash VARCHAR(255) NOT NULL,
  active BOOLEAN NOT NULL DEFAULT true,
  mfa_enabled BOOLEAN,
  mfa_secret VARCHAR(255),
  mfa_backup_codes VARCHAR(255),
  mfa_backup_codes_used VARCHAR(255),
  mfa_enabled_at VARCHAR(255),
  failed_login_count INTEGER,
  lockout_until VARCHAR(255),
  created_at VARCHAR(255) NOT NULL,
  updated_at VARCHAR(255),
  deleted_at VARCHAR(255),
  CONSTRAINT uk_auth_users_email UNIQUE(email)
);}
2026-03-18 14:13:57.193 INFO  [SECURITY] eventType= severity= corr= tenant= user= - DDL statement executed successfully {:adapter nil, :statement-preview CREATE TABLE IF NOT EXISTS users (
  id UUID NOT NULL PRIMARY KEY,
  tenant_id UUID,
  name VARCHAR(255) NOT NULL,
  role VARCHAR(50) NOT NULL CHECK(role IN ('admin', 'user', 'viewer')),
  avatar_url VARCHAR(255),
  login_count INTEGER,
  last_login VARCHAR(255),
  notifications_email BOOLEAN,
  notifications_push BOOLEAN,
  notifications_sms BOOLEAN,
  theme VARCHAR(50) CHECK(theme IN ('light', 'dark', 'auto')),
  language VARCHAR(255),
  timezone VARCHAR(255),
  date_format VARCHAR(50) CHECK(date_format IN ('iso', 'us', 'eu')),
  time_format VARCHAR(50) CHECK(time_format IN ('12h', '24h')),
  created_at VARCHAR(255) NOT NULL,
  updated_at VARCHAR(255),
  deleted_at VARCHAR(255)
);}
2026-03-18 14:13:57.193 INFO  [SECURITY] eventType= severity= corr= tenant= user= - DDL statement executed successfully {:adapter nil, :statement-preview CREATE TABLE IF NOT EXISTS user_sessions (
  id UUID NOT NULL PRIMARY KEY,
  user_id UUID NOT NULL,
  session_token VARCHAR(255) NOT NULL,
  expires_at VARCHAR(255) NOT NULL,
  created_at VARCHAR(255) NOT NULL,
  last_accessed_at VARCHAR(255),
  revoked_at VARCHAR(255),
  user_agent VARCHAR(255),
  ip_address VARCHAR(255),
  CONSTRAINT uk_user_sessions_token UNIQUE(session_token)
);}
2026-03-18 14:13:57.193 INFO  [SECURITY] eventType= severity= corr= tenant= user= - DDL statement executed successfully {:adapter nil, :statement-preview CREATE TABLE IF NOT EXISTS user_audit_log (
  id UUID NOT NULL PRIMARY KEY,
  action VARCHAR(50) NOT NULL CHECK(action IN ('create', 'update', 'delete', 'activate', 'deactivate', 'role-change', 'bulk-action', 'login', 'logout')),
  actor_id UUID,
  actor_email VARCHAR(255),
  target_user_id UUID NOT NULL,
  target_user_email VARCHAR(255) NOT NULL,
  changes JSONB,
  metadata JSONB,
  ip_address VARCHAR(255),
  user_agent VARCHAR(255),
  result VARCHAR(50) NOT NULL CHECK(result IN ('success', 'failure')),
  error_message VARCHAR(255),
  created_at VARCHAR(255) NOT NULL
);}
2026-03-18 14:13:57.194 INFO  [SECURITY] eventType= severity= corr= tenant= user= - DDL statement executed successfully {:adapter nil, :statement-preview CREATE INDEX IF NOT EXISTS idx_auth_users_mfa_enabled_at ON auth_users (mfa_enabled_at)}
2026-03-18 14:13:57.194 INFO  [SECURITY] eventType= severity= corr= tenant= user= - DDL statement executed successfully {:adapter nil, :statement-preview CREATE INDEX IF NOT EXISTS idx_auth_users_created_at ON auth_users (created_at)}
2026-03-18 14:13:57.194 INFO  [SECURITY] eventType= severity= corr= tenant= user= - DDL statement executed successfully {:adapter nil, :statement-preview CREATE INDEX IF NOT EXISTS idx_auth_users_updated_at ON auth_users (updated_at)}
2026-03-18 14:13:57.194 INFO  [SECURITY] eventType= severity= corr= tenant= user= - DDL statement executed successfully {:adapter nil, :statement-preview CREATE INDEX IF NOT EXISTS idx_auth_users_deleted_at ON auth_users (deleted_at)}
2026-03-18 14:13:57.194 INFO  [SECURITY] eventType= severity= corr= tenant= user= - DDL statement executed successfully {:adapter nil, :statement-preview CREATE INDEX IF NOT EXISTS idx_auth_users_email ON auth_users (email)}
2026-03-18 14:13:57.194 INFO  [SECURITY] eventType= severity= corr= tenant= user= - DDL statement executed successfully {:adapter nil, :statement-preview CREATE INDEX IF NOT EXISTS idx_auth_users_active ON auth_users (active)}
2026-03-18 14:13:57.194 INFO  [SECURITY] eventType= severity= corr= tenant= user= - DDL statement executed successfully {:adapter nil, :statement-preview CREATE INDEX IF NOT EXISTS idx_users_tenant_id ON users (tenant_id)}
2026-03-18 14:13:57.194 INFO  [SECURITY] eventType= severity= corr= tenant= user= - DDL statement executed successfully {:adapter nil, :statement-preview CREATE INDEX IF NOT EXISTS idx_users_role ON users (role)}
2026-03-18 14:13:57.194 INFO  [SECURITY] eventType= severity= corr= tenant= user= - DDL statement executed successfully {:adapter nil, :statement-preview CREATE INDEX IF NOT EXISTS idx_users_theme ON users (theme)}
2026-03-18 14:13:57.194 INFO  [SECURITY] eventType= severity= corr= tenant= user= - DDL statement executed successfully {:adapter nil, :statement-preview CREATE INDEX IF NOT EXISTS idx_users_date_format ON users (date_format)}
2026-03-18 14:13:57.195 INFO  [SECURITY] eventType= severity= corr= tenant= user= - DDL statement executed successfully {:adapter nil, :statement-preview CREATE INDEX IF NOT EXISTS idx_users_time_format ON users (time_format)}
2026-03-18 14:13:57.195 INFO  [SECURITY] eventType= severity= corr= tenant= user= - DDL statement executed successfully {:adapter nil, :statement-preview CREATE INDEX IF NOT EXISTS idx_users_created_at ON users (created_at)}
2026-03-18 14:13:57.195 INFO  [SECURITY] eventType= severity= corr= tenant= user= - DDL statement executed successfully {:adapter nil, :statement-preview CREATE INDEX IF NOT EXISTS idx_users_updated_at ON users (updated_at)}
2026-03-18 14:13:57.195 INFO  [SECURITY] eventType= severity= corr= tenant= user= - DDL statement executed successfully {:adapter nil, :statement-preview CREATE INDEX IF NOT EXISTS idx_users_deleted_at ON users (deleted_at)}
2026-03-18 14:13:57.195 INFO  [SECURITY] eventType= severity= corr= tenant= user= - DDL statement executed successfully {:adapter nil, :statement-preview CREATE INDEX IF NOT EXISTS idx_users_role ON users (role)}
2026-03-18 14:13:57.195 INFO  [SECURITY] eventType= severity= corr= tenant= user= - DDL statement executed successfully {:adapter nil, :statement-preview CREATE INDEX IF NOT EXISTS idx_user_sessions_user_id ON user_sessions (user_id)}
2026-03-18 14:13:57.195 INFO  [SECURITY] eventType= severity= corr= tenant= user= - DDL statement executed successfully {:adapter nil, :statement-preview CREATE INDEX IF NOT EXISTS idx_user_sessions_expires_at ON user_sessions (expires_at)}
2026-03-18 14:13:57.195 INFO  [SECURITY] eventType= severity= corr= tenant= user= - DDL statement executed successfully {:adapter nil, :statement-preview CREATE INDEX IF NOT EXISTS idx_user_sessions_created_at ON user_sessions (created_at)}
2026-03-18 14:13:57.195 INFO  [SECURITY] eventType= severity= corr= tenant= user= - DDL statement executed successfully {:adapter nil, :statement-preview CREATE INDEX IF NOT EXISTS idx_user_sessions_last_accessed_at ON user_sessions (last_accessed_at)}
2026-03-18 14:13:57.195 INFO  [SECURITY] eventType= severity= corr= tenant= user= - DDL statement executed successfully {:adapter nil, :statement-preview CREATE INDEX IF NOT EXISTS idx_user_sessions_revoked_at ON user_sessions (revoked_at)}
2026-03-18 14:13:57.195 INFO  [SECURITY] eventType= severity= corr= tenant= user= - DDL statement executed successfully {:adapter nil, :statement-preview CREATE INDEX IF NOT EXISTS idx_sessions_token ON user_sessions (session_token)}
2026-03-18 14:13:57.195 INFO  [SECURITY] eventType= severity= corr= tenant= user= - DDL statement executed successfully {:adapter nil, :statement-preview CREATE INDEX IF NOT EXISTS idx_sessions_expires_at ON user_sessions (expires_at)}
2026-03-18 14:13:57.195 INFO  [SECURITY] eventType= severity= corr= tenant= user= - DDL statement executed successfully {:adapter nil, :statement-preview CREATE INDEX IF NOT EXISTS idx_user_audit_log_actor_id ON user_audit_log (actor_id)}
2026-03-18 14:13:57.195 INFO  [SECURITY] eventType= severity= corr= tenant= user= - DDL statement executed successfully {:adapter nil, :statement-preview CREATE INDEX IF NOT EXISTS idx_user_audit_log_target_user_id ON user_audit_log (target_user_id)}
2026-03-18 14:13:57.196 INFO  [SECURITY] eventType= severity= corr= tenant= user= - DDL statement executed successfully {:adapter nil, :statement-preview CREATE INDEX IF NOT EXISTS idx_user_audit_log_action ON user_audit_log (action)}
2026-03-18 14:13:57.196 INFO  [SECURITY] eventType= severity= corr= tenant= user= - DDL statement executed successfully {:adapter nil, :statement-preview CREATE INDEX IF NOT EXISTS idx_user_audit_log_result ON user_audit_log (result)}
2026-03-18 14:13:57.196 INFO  [SECURITY] eventType= severity= corr= tenant= user= - DDL statement executed successfully {:adapter nil, :statement-preview CREATE INDEX IF NOT EXISTS idx_user_audit_log_created_at ON user_audit_log (created_at)}
2026-03-18 14:13:57.196 INFO  [SECURITY] eventType= severity= corr= tenant= user= - Database schema initialization completed successfully {:dialect nil, :tables (auth_users users user_sessions user_audit_log)}
2026-03-18 14:13:57.196 INFO  [SECURITY] eventType= severity= corr= tenant= user= - User module database schema initialized
2026-03-18 14:13:57.197 INFO  [SECURITY] eventType= severity= corr= tenant= user= - Initializing user module routes (normalized format)
2026-03-18 14:13:57.294 INFO  [SECURITY] eventType= severity= corr= tenant= user= - User module routes initialized successfully {:route-keys (:api :web :static), :api-count 9, :web-count 20}
2026-03-18 14:16:43.001 INFO  [SECURITY] eventType= severity= corr= tenant= user= - Starting Boundary CLI {:args (user create --email admin@ex.nl --name Admin --role admin --password-prompt)}
2026-03-18 14:16:43.006 INFO  [SECURITY] eventType= severity= corr= tenant= user= - Loading configuration {:profile :dev, :path conf/dev/config.edn}
2026-03-18 14:16:43.010 INFO  [SECURITY] eventType= severity= corr= tenant= user= - Starting Boundary User CLI {:args (create --email admin@ex.nl --name Admin --role admin --password-prompt)}
2026-03-18 14:16:43.010 INFO  [SECURITY] eventType= severity= corr= tenant= user= - Loading configuration {:profile :dev, :path conf/dev/config.edn}
2026-03-18 14:16:43.032 INFO  [SECURITY] eventType= severity= corr= tenant= user= - Creating database connection pool {:adapter nil, :pool-size 3, :pool-name default-Pool}
2026-03-18 14:16:43.316 INFO  [SECURITY] eventType= severity= corr= tenant= user= - SQLite PRAGMA initialization completed {:successful-pragmas 7, :failed-pragmas 0, :total-pragmas 7}
2026-03-18 14:16:43.316 INFO  [SECURITY] eventType= severity= corr= tenant= user= - Database connection pool created successfully {:adapter nil, :pool-name default-Pool}
2026-03-18 14:16:43.316 INFO  [SECURITY] eventType= severity= corr= tenant= user= - Created database context {:adapter nil}
2026-03-18 14:16:43.316 INFO  [SECURITY] eventType= severity= corr= tenant= user= - Initializing user schema from Malli definitions (split-table architecture)
2026-03-18 14:16:43.320 INFO  [SECURITY] eventType= severity= corr= tenant= user= - Initializing database schema from Malli definitions {:dialect nil, :tables (auth_users users user_sessions user_audit_log)}
2026-03-18 14:16:43.321 INFO  [SECURITY] eventType= severity= corr= tenant= user= - DDL statement executed successfully {:adapter nil, :statement-preview CREATE TABLE IF NOT EXISTS auth_users (
  id UUID NOT NULL PRIMARY KEY,
  email VARCHAR(255) NOT NULL,
  password_hash VARCHAR(255) NOT NULL,
  active BOOLEAN NOT NULL DEFAULT true,
  mfa_enabled BOOLEAN,
  mfa_secret VARCHAR(255),
  mfa_backup_codes VARCHAR(255),
  mfa_backup_codes_used VARCHAR(255),
  mfa_enabled_at VARCHAR(255),
  failed_login_count INTEGER,
  lockout_until VARCHAR(255),
  created_at VARCHAR(255) NOT NULL,
  updated_at VARCHAR(255),
  deleted_at VARCHAR(255),
  CONSTRAINT uk_auth_users_email UNIQUE(email)
);}
2026-03-18 14:16:43.321 INFO  [SECURITY] eventType= severity= corr= tenant= user= - DDL statement executed successfully {:adapter nil, :statement-preview CREATE TABLE IF NOT EXISTS users (
  id UUID NOT NULL PRIMARY KEY,
  tenant_id UUID,
  name VARCHAR(255) NOT NULL,
  role VARCHAR(50) NOT NULL CHECK(role IN ('admin', 'user', 'viewer')),
  avatar_url VARCHAR(255),
  login_count INTEGER,
  last_login VARCHAR(255),
  notifications_email BOOLEAN,
  notifications_push BOOLEAN,
  notifications_sms BOOLEAN,
  theme VARCHAR(50) CHECK(theme IN ('light', 'dark', 'auto')),
  language VARCHAR(255),
  timezone VARCHAR(255),
  date_format VARCHAR(50) CHECK(date_format IN ('iso', 'us', 'eu')),
  time_format VARCHAR(50) CHECK(time_format IN ('12h', '24h')),
  created_at VARCHAR(255) NOT NULL,
  updated_at VARCHAR(255),
  deleted_at VARCHAR(255)
);}
2026-03-18 14:16:43.321 INFO  [SECURITY] eventType= severity= corr= tenant= user= - DDL statement executed successfully {:adapter nil, :statement-preview CREATE TABLE IF NOT EXISTS user_sessions (
  id UUID NOT NULL PRIMARY KEY,
  user_id UUID NOT NULL,
  session_token VARCHAR(255) NOT NULL,
  expires_at VARCHAR(255) NOT NULL,
  created_at VARCHAR(255) NOT NULL,
  last_accessed_at VARCHAR(255),
  revoked_at VARCHAR(255),
  user_agent VARCHAR(255),
  ip_address VARCHAR(255),
  CONSTRAINT uk_user_sessions_token UNIQUE(session_token)
);}
2026-03-18 14:16:43.321 INFO  [SECURITY] eventType= severity= corr= tenant= user= - DDL statement executed successfully {:adapter nil, :statement-preview CREATE TABLE IF NOT EXISTS user_audit_log (
  id UUID NOT NULL PRIMARY KEY,
  action VARCHAR(50) NOT NULL CHECK(action IN ('create', 'update', 'delete', 'activate', 'deactivate', 'role-change', 'bulk-action', 'login', 'logout')),
  actor_id UUID,
  actor_email VARCHAR(255),
  target_user_id UUID NOT NULL,
  target_user_email VARCHAR(255) NOT NULL,
  changes JSONB,
  metadata JSONB,
  ip_address VARCHAR(255),
  user_agent VARCHAR(255),
  result VARCHAR(50) NOT NULL CHECK(result IN ('success', 'failure')),
  error_message VARCHAR(255),
  created_at VARCHAR(255) NOT NULL
);}
2026-03-18 14:16:43.322 INFO  [SECURITY] eventType= severity= corr= tenant= user= - DDL statement executed successfully {:adapter nil, :statement-preview CREATE INDEX IF NOT EXISTS idx_auth_users_mfa_enabled_at ON auth_users (mfa_enabled_at)}
2026-03-18 14:16:43.322 INFO  [SECURITY] eventType= severity= corr= tenant= user= - DDL statement executed successfully {:adapter nil, :statement-preview CREATE INDEX IF NOT EXISTS idx_auth_users_created_at ON auth_users (created_at)}
2026-03-18 14:16:43.322 INFO  [SECURITY] eventType= severity= corr= tenant= user= - DDL statement executed successfully {:adapter nil, :statement-preview CREATE INDEX IF NOT EXISTS idx_auth_users_updated_at ON auth_users (updated_at)}
2026-03-18 14:16:43.322 INFO  [SECURITY] eventType= severity= corr= tenant= user= - DDL statement executed successfully {:adapter nil, :statement-preview CREATE INDEX IF NOT EXISTS idx_auth_users_deleted_at ON auth_users (deleted_at)}
2026-03-18 14:16:43.322 INFO  [SECURITY] eventType= severity= corr= tenant= user= - DDL statement executed successfully {:adapter nil, :statement-preview CREATE INDEX IF NOT EXISTS idx_auth_users_email ON auth_users (email)}
2026-03-18 14:16:43.322 INFO  [SECURITY] eventType= severity= corr= tenant= user= - DDL statement executed successfully {:adapter nil, :statement-preview CREATE INDEX IF NOT EXISTS idx_auth_users_active ON auth_users (active)}
2026-03-18 14:16:43.322 INFO  [SECURITY] eventType= severity= corr= tenant= user= - DDL statement executed successfully {:adapter nil, :statement-preview CREATE INDEX IF NOT EXISTS idx_users_tenant_id ON users (tenant_id)}
2026-03-18 14:16:43.323 INFO  [SECURITY] eventType= severity= corr= tenant= user= - DDL statement executed successfully {:adapter nil, :statement-preview CREATE INDEX IF NOT EXISTS idx_users_role ON users (role)}
2026-03-18 14:16:43.323 INFO  [SECURITY] eventType= severity= corr= tenant= user= - DDL statement executed successfully {:adapter nil, :statement-preview CREATE INDEX IF NOT EXISTS idx_users_theme ON users (theme)}
2026-03-18 14:16:43.323 INFO  [SECURITY] eventType= severity= corr= tenant= user= - DDL statement executed successfully {:adapter nil, :statement-preview CREATE INDEX IF NOT EXISTS idx_users_date_format ON users (date_format)}
2026-03-18 14:16:43.323 INFO  [SECURITY] eventType= severity= corr= tenant= user= - DDL statement executed successfully {:adapter nil, :statement-preview CREATE INDEX IF NOT EXISTS idx_users_time_format ON users (time_format)}
2026-03-18 14:16:43.323 INFO  [SECURITY] eventType= severity= corr= tenant= user= - DDL statement executed successfully {:adapter nil, :statement-preview CREATE INDEX IF NOT EXISTS idx_users_created_at ON users (created_at)}
2026-03-18 14:16:43.323 INFO  [SECURITY] eventType= severity= corr= tenant= user= - DDL statement executed successfully {:adapter nil, :statement-preview CREATE INDEX IF NOT EXISTS idx_users_updated_at ON users (updated_at)}
2026-03-18 14:16:43.323 INFO  [SECURITY] eventType= severity= corr= tenant= user= - DDL statement executed successfully {:adapter nil, :statement-preview CREATE INDEX IF NOT EXISTS idx_users_deleted_at ON users (deleted_at)}
2026-03-18 14:16:43.323 INFO  [SECURITY] eventType= severity= corr= tenant= user= - DDL statement executed successfully {:adapter nil, :statement-preview CREATE INDEX IF NOT EXISTS idx_users_role ON users (role)}
2026-03-18 14:16:43.323 INFO  [SECURITY] eventType= severity= corr= tenant= user= - DDL statement executed successfully {:adapter nil, :statement-preview CREATE INDEX IF NOT EXISTS idx_user_sessions_user_id ON user_sessions (user_id)}
2026-03-18 14:16:43.323 INFO  [SECURITY] eventType= severity= corr= tenant= user= - DDL statement executed successfully {:adapter nil, :statement-preview CREATE INDEX IF NOT EXISTS idx_user_sessions_expires_at ON user_sessions (expires_at)}
2026-03-18 14:16:43.323 INFO  [SECURITY] eventType= severity= corr= tenant= user= - DDL statement executed successfully {:adapter nil, :statement-preview CREATE INDEX IF NOT EXISTS idx_user_sessions_created_at ON user_sessions (created_at)}
2026-03-18 14:16:43.324 INFO  [SECURITY] eventType= severity= corr= tenant= user= - DDL statement executed successfully {:adapter nil, :statement-preview CREATE INDEX IF NOT EXISTS idx_user_sessions_last_accessed_at ON user_sessions (last_accessed_at)}
2026-03-18 14:16:43.324 INFO  [SECURITY] eventType= severity= corr= tenant= user= - DDL statement executed successfully {:adapter nil, :statement-preview CREATE INDEX IF NOT EXISTS idx_user_sessions_revoked_at ON user_sessions (revoked_at)}
2026-03-18 14:16:43.324 INFO  [SECURITY] eventType= severity= corr= tenant= user= - DDL statement executed successfully {:adapter nil, :statement-preview CREATE INDEX IF NOT EXISTS idx_sessions_token ON user_sessions (session_token)}
2026-03-18 14:16:43.324 INFO  [SECURITY] eventType= severity= corr= tenant= user= - DDL statement executed successfully {:adapter nil, :statement-preview CREATE INDEX IF NOT EXISTS idx_sessions_expires_at ON user_sessions (expires_at)}
2026-03-18 14:16:43.324 INFO  [SECURITY] eventType= severity= corr= tenant= user= - DDL statement executed successfully {:adapter nil, :statement-preview CREATE INDEX IF NOT EXISTS idx_user_audit_log_actor_id ON user_audit_log (actor_id)}
2026-03-18 14:16:43.324 INFO  [SECURITY] eventType= severity= corr= tenant= user= - DDL statement executed successfully {:adapter nil, :statement-preview CREATE INDEX IF NOT EXISTS idx_user_audit_log_target_user_id ON user_audit_log (target_user_id)}
2026-03-18 14:16:43.324 INFO  [SECURITY] eventType= severity= corr= tenant= user= - DDL statement executed successfully {:adapter nil, :statement-preview CREATE INDEX IF NOT EXISTS idx_user_audit_log_action ON user_audit_log (action)}
2026-03-18 14:16:43.324 INFO  [SECURITY] eventType= severity= corr= tenant= user= - DDL statement executed successfully {:adapter nil, :statement-preview CREATE INDEX IF NOT EXISTS idx_user_audit_log_result ON user_audit_log (result)}
2026-03-18 14:16:43.324 INFO  [SECURITY] eventType= severity= corr= tenant= user= - DDL statement executed successfully {:adapter nil, :statement-preview CREATE INDEX IF NOT EXISTS idx_user_audit_log_created_at ON user_audit_log (created_at)}
2026-03-18 14:16:43.324 INFO  [SECURITY] eventType= severity= corr= tenant= user= - Database schema initialization completed successfully {:dialect nil, :tables (auth_users users user_sessions user_audit_log)}
2026-03-18 14:16:43.335 INFO  [SECURITY] eventType= severity= corr= tenant= user= - Database operation successful: find-user-by-email {:email admin@ex.nl, :duration-ms 1.894708}
2026-03-18 14:16:43.573 INFO  [SECURITY] eventType= severity= corr= tenant= user= - Database operation successful: create-user {:user-entity {:role :admin, :updated-at nil, :email admin@ex.nl, :name Admin, :password-hash bcrypt+sha512$cabc3591cb0c6ca725bbc15923e48fce$12$c6b34d27e0c039bba3dfe70b8bdf7fa192c95aa4b7d1d036, :deleted-at nil, :active true, :id #uuid "93ff2b18-aee4-4460-9c30-13ae467bdbd9", :created-at #object[java.time.Instant 0x4515c6f 2026-03-18T13:16:43.565296Z]}, :duration-ms 6.822459}
2026-03-18 14:16:43.575 INFO  [SECURITY] eventType= severity= corr= tenant= user= - Database operation successful: create-audit-log {:audit-entity {:actor-email system, :user-agent nil, :target-user-id #uuid "3b38c2f4-634a-42fb-afd3-6c588eba95d2", :actor-id nil, :result :success, :target-user-email admin@ex.nl, :changes {:created true}, :action :create, :metadata {:role admin, :active true}, :ip-address nil}, :duration-ms 2.209417}
2026-03-18 14:17:02.357 INFO  [SECURITY] eventType= severity= corr= tenant= user= - Authentication attempt {:email admin@ex.nl, :ip [0:0:0:0:0:0:0:1]}
2026-03-18 14:17:02.362 INFO  [SECURITY] eventType= severity= corr= tenant= user= - Database operation successful: find-user-by-email {:email admin@ex.nl, :duration-ms 3.820916}
2026-03-18 14:17:02.582 INFO  [SECURITY] eventType= severity= corr= tenant= user= - Database operation successful: find-sessions-by-user {:user-id #uuid "3b38c2f4-634a-42fb-afd3-6c588eba95d2", :duration-ms 0.904583}
2026-03-18 14:17:02.589 INFO  [SECURITY] eventType= severity= corr= tenant= user= - Database operation successful: update-user {:user-entity {:role :admin, :updated-at nil, :email admin@ex.nl, :timezone nil, :notifications-sms false, :name Admin, :mfa-enabled-at nil, :avatar-url nil, :password-hash bcrypt+sha512$cabc3591cb0c6ca725bbc15923e48fce$12$c6b34d27e0c039bba3dfe70b8bdf7fa192c95aa4b7d1d036, :mfa-backup-codes-used nil, :time-format nil, :last-login #object[java.time.Instant 0x24b6c2e2 2026-03-18T13:17:02.358071Z], :lockout-until nil, :deleted-at nil, :notifications-push false, :date-format nil, :theme nil, :login-count 1, :language nil, :mfa-secret nil, :active true, :id #uuid "3b38c2f4-634a-42fb-afd3-6c588eba95d2", :failed-login-count 0, :notifications-email false, :mfa-backup-codes nil, :mfa-enabled nil, :created-at #object[java.time.Instant 0x288910c7 2026-03-18T13:16:43.565644Z], :tenant-id nil}, :duration-ms 6.662708}
2026-03-18 14:17:02.594 INFO  [SECURITY] eventType= severity= corr= tenant= user= - Database operation successful: create-session {:session-entity {:user-id #uuid "3b38c2f4-634a-42fb-afd3-6c588eba95d2", :session-token GMVCYd36HoZr2BJDurilc8vdYtg7ZnkU3zfBMPIqKu0=, :expires-at #object[java.time.Instant 0x28c7da8 2026-03-18T14:17:02.358071Z], :user-agent Mozilla/5.0 (Macintosh; Intel Mac OS X 10_15_7) AppleWebKit/605.1.15 (KHTML, like Gecko) Version/26.3.1 Safari/605.1.15, :ip-address [0:0:0:0:0:0:0:1]}, :duration-ms 1.236708}
2026-03-18 14:17:02.595 INFO  [SECURITY] eventType= severity= corr= tenant= user= - Authentication successful {:email admin@ex.nl, :risk-score 75, :mfa-used nil, :session-duration 1}
2026-03-18 14:17:02.595 INFO  [SECURITY] eventType= severity= corr= tenant= user= - Database operation successful: create-audit-log {:audit-entity {:actor-email admin@ex.nl, :user-agent Mozilla/5.0 (Macintosh; Intel Mac OS X 10_15_7) AppleWebKit/605.1.15 (KHTML, like Gecko) Version/26.3.1 Safari/605.1.15, :target-user-id #uuid "3b38c2f4-634a-42fb-afd3-6c588eba95d2", :actor-id #uuid "3b38c2f4-634a-42fb-afd3-6c588eba95d2", :result :success, :target-user-email admin@ex.nl, :action :login, :error-message nil, :ip-address [0:0:0:0:0:0:0:1]}, :duration-ms 0.330333}
2026-03-18 14:17:02.595 INFO  [SECURITY] eventType= severity= corr= tenant= user= - Login attempt {:email admin@ex.nl, :authenticated true, :result-keys (:authenticated :user :session :session-token :jwt-token), :ip-address [0:0:0:0:0:0:0:1], :user-agent Mozilla/5.0 (Macintosh; Intel Mac OS X 10_15_7) AppleWebKit/605.1.15 (KHTML, like Gecko) Version/26.3.1 Safari/605.1.15}
2026-03-18 14:17:02.595 INFO  [SECURITY] eventType= severity= corr= tenant= user= - Login successful, setting cookie and redirecting {:session-token GMVCYd36HoZr2BJDurilc8vdYtg7ZnkU3zfBMPIqKu0=, :session-token-type java.lang.String, :remember? false, :cookie-max-age nil, :return-to /web/admin/, :user-role :admin}
2026-03-18 14:17:02.605 INFO  [SECURITY] eventType= severity= corr= tenant= user= - Processing authentication request {:uri /web/admin/, :method :get, :has-session true, :has-bearer false, :cookies (session-token Idea-2e373df0), :session-token-value GMVCYd36}
2026-03-18 14:17:02.605 INFO  [SECURITY] eventType= severity= corr= tenant= user= - Attempting session authentication {:token-preview GMVCYd36}
2026-03-18 14:17:02.605 INFO  [SECURITY] eventType= severity= corr= tenant= user= - Validating session token {:session-token GMVCYd36HoZr2BJDurilc8vdYtg7ZnkU3zfBMPIqKu0=, :uri /web/admin/}
2026-03-18 14:17:02.606 INFO  [SECURITY] eventType= severity= corr= tenant= user= - Database operation successful: find-session-by-token {:session-token GMVCYd36HoZr2BJDurilc8vdYtg7ZnkU3zfBMPIqKu0=, :duration-ms 0.608791}
2026-03-18 14:17:02.607 INFO  [SECURITY] eventType= severity= corr= tenant= user= - Database operation successful: update-session {:session-entity {:expires-at #object[java.time.Instant 0x35739c49 2026-03-19T13:17:02.606583Z], :user-agent Mozilla/5.0 (Macintosh; Intel Mac OS X 10_15_7) AppleWebKit/605.1.15 (KHTML, like Gecko) Version/26.3.1 Safari/605.1.15, :session-token GMVCYd36HoZr2BJDurilc8vdYtg7ZnkU3zfBMPIqKu0=, :user-id #uuid "3b38c2f4-634a-42fb-afd3-6c588eba95d2", :last-accessed-at #object[java.time.Instant 0x48da6c91 2026-03-18T13:17:02.606583Z], :id #uuid "de09cd28-d7a3-4464-9685-d4ccda961465", :revoked-at nil, :created-at #object[java.time.Instant 0x59b7a570 2026-03-18T13:17:02.593704Z], :ip-address [0:0:0:0:0:0:0:1]}, :duration-ms 0.261917}
2026-03-18 14:17:02.607 INFO  [SECURITY] eventType= severity= corr= tenant= user= - Session validation successful {:user-id #uuid "3b38c2f4-634a-42fb-afd3-6c588eba95d2"}
2026-03-18 14:17:02.608 INFO  [SECURITY] eventType= severity= corr= tenant= user= - Database operation successful: find-user-by-id {:user-id #uuid "3b38c2f4-634a-42fb-afd3-6c588eba95d2", :duration-ms 0.623958}
2026-03-18 14:17:02.608 INFO  [SECURITY] eventType= severity= corr= tenant= user= - After require-admin-user! {:user-email admin@ex.nl}
2026-03-18 14:17:02.608 INFO  [SECURITY] eventType= severity= corr= tenant= user= - Redirecting to first entity {:entity :orders}
2026-03-18 14:17:02.612 INFO  [SECURITY] eventType= severity= corr= tenant= user= - Processing authentication request {:uri /web/admin/orders, :method :get, :has-session true, :has-bearer false, :cookies (session-token Idea-2e373df0), :session-token-value GMVCYd36}
2026-03-18 14:17:02.612 INFO  [SECURITY] eventType= severity= corr= tenant= user= - Attempting session authentication {:token-preview GMVCYd36}
2026-03-18 14:17:02.612 INFO  [SECURITY] eventType= severity= corr= tenant= user= - Validating session token {:session-token GMVCYd36HoZr2BJDurilc8vdYtg7ZnkU3zfBMPIqKu0=, :uri /web/admin/orders}
2026-03-18 14:17:02.613 INFO  [SECURITY] eventType= severity= corr= tenant= user= - Database operation successful: find-session-by-token {:session-token GMVCYd36HoZr2BJDurilc8vdYtg7ZnkU3zfBMPIqKu0=, :duration-ms 0.539125}
2026-03-18 14:17:02.613 INFO  [SECURITY] eventType= severity= corr= tenant= user= - Database operation successful: update-session {:session-entity {:expires-at #object[java.time.Instant 0x4fdc2544 2026-03-19T13:17:02.606583Z], :user-agent Mozilla/5.0 (Macintosh; Intel Mac OS X 10_15_7) AppleWebKit/605.1.15 (KHTML, like Gecko) Version/26.3.1 Safari/605.1.15, :session-token GMVCYd36HoZr2BJDurilc8vdYtg7ZnkU3zfBMPIqKu0=, :user-id #uuid "3b38c2f4-634a-42fb-afd3-6c588eba95d2", :last-accessed-at #object[java.time.Instant 0x67ff4da3 2026-03-18T13:17:02.613602Z], :id #uuid "de09cd28-d7a3-4464-9685-d4ccda961465", :revoked-at nil, :created-at #object[java.time.Instant 0x20bb281b 2026-03-18T13:17:02.593704Z], :ip-address [0:0:0:0:0:0:0:1]}, :duration-ms 0.268042}
2026-03-18 14:17:02.613 INFO  [SECURITY] eventType= severity= corr= tenant= user= - Session validation successful {:user-id #uuid "3b38c2f4-634a-42fb-afd3-6c588eba95d2"}
2026-03-18 14:17:02.614 INFO  [SECURITY] eventType= severity= corr= tenant= user= - Database operation successful: find-user-by-id {:user-id #uuid "3b38c2f4-634a-42fb-afd3-6c588eba95d2", :duration-ms 0.498917}
2026-03-18 14:17:02.618 INFO  [SECURITY] eventType= severity= corr= tenant= user= - Database operation successful: admin-list-entities {:entity orders, :limit nil, :offset nil, :duration-ms 1.301791}
2026-03-18 14:17:09.168 INFO  [SECURITY] eventType= severity= corr= tenant= user= - Processing authentication request {:uri /web/admin/products, :method :get, :has-session true, :has-bearer false, :cookies (session-token Idea-2e373df0), :session-token-value GMVCYd36}
2026-03-18 14:17:09.168 INFO  [SECURITY] eventType= severity= corr= tenant= user= - Attempting session authentication {:token-preview GMVCYd36}
2026-03-18 14:17:09.168 INFO  [SECURITY] eventType= severity= corr= tenant= user= - Validating session token {:session-token GMVCYd36HoZr2BJDurilc8vdYtg7ZnkU3zfBMPIqKu0=, :uri /web/admin/products}
2026-03-18 14:17:09.171 INFO  [SECURITY] eventType= severity= corr= tenant= user= - Database operation successful: find-session-by-token {:session-token GMVCYd36HoZr2BJDurilc8vdYtg7ZnkU3zfBMPIqKu0=, :duration-ms 2.100125}
2026-03-18 14:17:09.172 INFO  [SECURITY] eventType= severity= corr= tenant= user= - Database operation successful: update-session {:session-entity {:expires-at #object[java.time.Instant 0x2101befb 2026-03-19T13:17:02.606583Z], :user-agent Mozilla/5.0 (Macintosh; Intel Mac OS X 10_15_7) AppleWebKit/605.1.15 (KHTML, like Gecko) Version/26.3.1 Safari/605.1.15, :session-token GMVCYd36HoZr2BJDurilc8vdYtg7ZnkU3zfBMPIqKu0=, :user-id #uuid "3b38c2f4-634a-42fb-afd3-6c588eba95d2", :last-accessed-at #object[java.time.Instant 0x2fc644ab 2026-03-18T13:17:09.171504Z], :id #uuid "de09cd28-d7a3-4464-9685-d4ccda961465", :revoked-at nil, :created-at #object[java.time.Instant 0x2bf9d58b 2026-03-18T13:17:02.593704Z], :ip-address [0:0:0:0:0:0:0:1]}, :duration-ms 0.592291}
2026-03-18 14:17:09.172 INFO  [SECURITY] eventType= severity= corr= tenant= user= - Session validation successful {:user-id #uuid "3b38c2f4-634a-42fb-afd3-6c588eba95d2"}
2026-03-18 14:17:09.174 INFO  [SECURITY] eventType= severity= corr= tenant= user= - Database operation successful: find-user-by-id {:user-id #uuid "3b38c2f4-634a-42fb-afd3-6c588eba95d2", :duration-ms 2.011625}
2026-03-18 14:17:09.177 INFO  [SECURITY] eventType= severity= corr= tenant= user= - Database operation successful: admin-list-entities {:entity products, :limit nil, :offset nil, :duration-ms 1.561041}
2026-03-18 14:17:14.766 INFO  [SECURITY] eventType= severity= corr= tenant= user= - Processing authentication request {:uri /web/admin/products/22222222-2222-2222-2222-222222222222/name/edit, :method :get, :has-session true, :has-bearer false, :cookies (session-token Idea-2e373df0), :session-token-value GMVCYd36}
2026-03-18 14:17:14.767 INFO  [SECURITY] eventType= severity= corr= tenant= user= - Attempting session authentication {:token-preview GMVCYd36}
2026-03-18 14:17:14.767 INFO  [SECURITY] eventType= severity= corr= tenant= user= - Validating session token {:session-token GMVCYd36HoZr2BJDurilc8vdYtg7ZnkU3zfBMPIqKu0=, :uri /web/admin/products/22222222-2222-2222-2222-222222222222/name/edit}
2026-03-18 14:17:14.771 INFO  [SECURITY] eventType= severity= corr= tenant= user= - Database operation successful: find-session-by-token {:session-token GMVCYd36HoZr2BJDurilc8vdYtg7ZnkU3zfBMPIqKu0=, :duration-ms 3.142208}
2026-03-18 14:17:14.773 INFO  [SECURITY] eventType= severity= corr= tenant= user= - Database operation successful: update-session {:session-entity {:expires-at #object[java.time.Instant 0x8ef594 2026-03-19T13:17:02.606583Z], :user-agent Mozilla/5.0 (Macintosh; Intel Mac OS X 10_15_7) AppleWebKit/605.1.15 (KHTML, like Gecko) Version/26.3.1 Safari/605.1.15, :session-token GMVCYd36HoZr2BJDurilc8vdYtg7ZnkU3zfBMPIqKu0=, :user-id #uuid "3b38c2f4-634a-42fb-afd3-6c588eba95d2", :last-accessed-at #object[java.time.Instant 0x257dd57c 2026-03-18T13:17:14.771678Z], :id #uuid "de09cd28-d7a3-4464-9685-d4ccda961465", :revoked-at nil, :created-at #object[java.time.Instant 0x4cb90a11 2026-03-18T13:17:02.593704Z], :ip-address [0:0:0:0:0:0:0:1]}, :duration-ms 1.134875}
2026-03-18 14:17:14.773 INFO  [SECURITY] eventType= severity= corr= tenant= user= - Session validation successful {:user-id #uuid "3b38c2f4-634a-42fb-afd3-6c588eba95d2"}
2026-03-18 14:17:14.775 INFO  [SECURITY] eventType= severity= corr= tenant= user= - Database operation successful: find-user-by-id {:user-id #uuid "3b38c2f4-634a-42fb-afd3-6c588eba95d2", :duration-ms 1.466667}
2026-03-18 14:17:14.778 INFO  [SECURITY] eventType= severity= corr= tenant= user= - Database operation successful: admin-get-entity {:entity products, :id #uuid "22222222-2222-2222-2222-222222222222", :duration-ms 1.483666}
2026-03-18 14:17:17.525 INFO  [SECURITY] eventType= severity= corr= tenant= user= - Processing authentication request {:uri /web/admin/products/22222222-2222-2222-2222-222222222222/name/cancel, :method :get, :has-session true, :has-bearer false, :cookies (session-token Idea-2e373df0), :session-token-value GMVCYd36}
2026-03-18 14:17:17.525 INFO  [SECURITY] eventType= severity= corr= tenant= user= - Attempting session authentication {:token-preview GMVCYd36}
2026-03-18 14:17:17.525 INFO  [SECURITY] eventType= severity= corr= tenant= user= - Validating session token {:session-token GMVCYd36HoZr2BJDurilc8vdYtg7ZnkU3zfBMPIqKu0=, :uri /web/admin/products/22222222-2222-2222-2222-222222222222/name/cancel}
2026-03-18 14:17:17.528 INFO  [SECURITY] eventType= severity= corr= tenant= user= - Database operation successful: find-session-by-token {:session-token GMVCYd36HoZr2BJDurilc8vdYtg7ZnkU3zfBMPIqKu0=, :duration-ms 2.393583}
2026-03-18 14:17:17.531 INFO  [SECURITY] eventType= severity= corr= tenant= user= - Database operation successful: update-session {:session-entity {:expires-at #object[java.time.Instant 0x4c7364cc 2026-03-19T13:17:02.606583Z], :user-agent Mozilla/5.0 (Macintosh; Intel Mac OS X 10_15_7) AppleWebKit/605.1.15 (KHTML, like Gecko) Version/26.3.1 Safari/605.1.15, :session-token GMVCYd36HoZr2BJDurilc8vdYtg7ZnkU3zfBMPIqKu0=, :user-id #uuid "3b38c2f4-634a-42fb-afd3-6c588eba95d2", :last-accessed-at #object[java.time.Instant 0x3f1a7abe 2026-03-18T13:17:17.529261Z], :id #uuid "de09cd28-d7a3-4464-9685-d4ccda961465", :revoked-at nil, :created-at #object[java.time.Instant 0x6ef910dd 2026-03-18T13:17:02.593704Z], :ip-address [0:0:0:0:0:0:0:1]}, :duration-ms 1.511583}
2026-03-18 14:17:17.531 INFO  [SECURITY] eventType= severity= corr= tenant= user= - Session validation successful {:user-id #uuid "3b38c2f4-634a-42fb-afd3-6c588eba95d2"}
2026-03-18 14:17:17.534 INFO  [SECURITY] eventType= severity= corr= tenant= user= - Database operation successful: find-user-by-id {:user-id #uuid "3b38c2f4-634a-42fb-afd3-6c588eba95d2", :duration-ms 2.117459}
2026-03-18 14:17:17.536 INFO  [SECURITY] eventType= severity= corr= tenant= user= - Database operation successful: admin-get-entity {:entity products, :id #uuid "22222222-2222-2222-2222-222222222222", :duration-ms 1.181083}
2026-03-18 14:17:19.439 INFO  [SECURITY] eventType= severity= corr= tenant= user= - Processing authentication request {:uri /web/admin/products/22222222-2222-2222-2222-222222222222, :method :get, :has-session true, :has-bearer false, :cookies (session-token Idea-2e373df0), :session-token-value GMVCYd36}
2026-03-18 14:17:19.439 INFO  [SECURITY] eventType= severity= corr= tenant= user= - Attempting session authentication {:token-preview GMVCYd36}
2026-03-18 14:17:19.439 INFO  [SECURITY] eventType= severity= corr= tenant= user= - Validating session token {:session-token GMVCYd36HoZr2BJDurilc8vdYtg7ZnkU3zfBMPIqKu0=, :uri /web/admin/products/22222222-2222-2222-2222-222222222222}
2026-03-18 14:17:19.442 INFO  [SECURITY] eventType= severity= corr= tenant= user= - Database operation successful: find-session-by-token {:session-token GMVCYd36HoZr2BJDurilc8vdYtg7ZnkU3zfBMPIqKu0=, :duration-ms 2.433666}
2026-03-18 14:17:19.444 INFO  [SECURITY] eventType= severity= corr= tenant= user= - Database operation successful: update-session {:session-entity {:expires-at #object[java.time.Instant 0x647327ca 2026-03-19T13:17:02.606583Z], :user-agent Mozilla/5.0 (Macintosh; Intel Mac OS X 10_15_7) AppleWebKit/605.1.15 (KHTML, like Gecko) Version/26.3.1 Safari/605.1.15, :session-token GMVCYd36HoZr2BJDurilc8vdYtg7ZnkU3zfBMPIqKu0=, :user-id #uuid "3b38c2f4-634a-42fb-afd3-6c588eba95d2", :last-accessed-at #object[java.time.Instant 0x87ddb75 2026-03-18T13:17:19.442791Z], :id #uuid "de09cd28-d7a3-4464-9685-d4ccda961465", :revoked-at nil, :created-at #object[java.time.Instant 0x64737050 2026-03-18T13:17:02.593704Z], :ip-address [0:0:0:0:0:0:0:1]}, :duration-ms 1.01175}
2026-03-18 14:17:19.444 INFO  [SECURITY] eventType= severity= corr= tenant= user= - Session validation successful {:user-id #uuid "3b38c2f4-634a-42fb-afd3-6c588eba95d2"}
2026-03-18 14:17:19.446 INFO  [SECURITY] eventType= severity= corr= tenant= user= - Database operation successful: find-user-by-id {:user-id #uuid "3b38c2f4-634a-42fb-afd3-6c588eba95d2", :duration-ms 2.050417}
2026-03-18 14:17:19.449 INFO  [SECURITY] eventType= severity= corr= tenant= user= - Database operation successful: admin-get-entity {:entity products, :id #uuid "22222222-2222-2222-2222-222222222222", :duration-ms 1.293166}
2026-03-18 14:17:27.304 INFO  [SECURITY] eventType= severity= corr= tenant= user= - Processing authentication request {:uri /web/admin/users, :method :get, :has-session true, :has-bearer false, :cookies (session-token Idea-2e373df0), :session-token-value GMVCYd36}
2026-03-18 14:17:27.308 INFO  [SECURITY] eventType= severity= corr= tenant= user= - Attempting session authentication {:token-preview GMVCYd36}
2026-03-18 14:17:27.308 INFO  [SECURITY] eventType= severity= corr= tenant= user= - Validating session token {:session-token GMVCYd36HoZr2BJDurilc8vdYtg7ZnkU3zfBMPIqKu0=, :uri /web/admin/users}
2026-03-18 14:17:27.311 INFO  [SECURITY] eventType= severity= corr= tenant= user= - Database operation successful: find-session-by-token {:session-token GMVCYd36HoZr2BJDurilc8vdYtg7ZnkU3zfBMPIqKu0=, :duration-ms 2.118917}
2026-03-18 14:17:27.313 INFO  [SECURITY] eventType= severity= corr= tenant= user= - Database operation successful: update-session {:session-entity {:expires-at #object[java.time.Instant 0x583333ec 2026-03-19T13:17:02.606583Z], :user-agent Mozilla/5.0 (Macintosh; Intel Mac OS X 10_15_7) AppleWebKit/605.1.15 (KHTML, like Gecko) Version/26.3.1 Safari/605.1.15, :session-token GMVCYd36HoZr2BJDurilc8vdYtg7ZnkU3zfBMPIqKu0=, :user-id #uuid "3b38c2f4-634a-42fb-afd3-6c588eba95d2", :last-accessed-at #object[java.time.Instant 0x1d31a68e 2026-03-18T13:17:27.311993Z], :id #uuid "de09cd28-d7a3-4464-9685-d4ccda961465", :revoked-at nil, :created-at #object[java.time.Instant 0x1536020c 2026-03-18T13:17:02.593704Z], :ip-address [0:0:0:0:0:0:0:1]}, :duration-ms 0.837416}
2026-03-18 14:17:27.313 INFO  [SECURITY] eventType= severity= corr= tenant= user= - Session validation successful {:user-id #uuid "3b38c2f4-634a-42fb-afd3-6c588eba95d2"}
2026-03-18 14:17:27.314 INFO  [SECURITY] eventType= severity= corr= tenant= user= - Database operation successful: find-user-by-id {:user-id #uuid "3b38c2f4-634a-42fb-afd3-6c588eba95d2", :duration-ms 1.358333}
2026-03-18 14:17:27.319 INFO  [SECURITY] eventType= severity= corr= tenant= user= - Database operation successful: admin-list-entities {:entity users, :limit nil, :offset nil, :duration-ms 3.3975}
2026-03-18 14:17:32.625 INFO  [SECURITY] eventType= severity= corr= tenant= user= - Processing authentication request {:uri /web/dashboard, :method :get, :has-session true, :has-bearer false, :cookies (session-token Idea-2e373df0), :session-token-value GMVCYd36}
2026-03-18 14:17:32.625 INFO  [SECURITY] eventType= severity= corr= tenant= user= - Attempting session authentication {:token-preview GMVCYd36}
2026-03-18 14:17:32.625 INFO  [SECURITY] eventType= severity= corr= tenant= user= - Validating session token {:session-token GMVCYd36HoZr2BJDurilc8vdYtg7ZnkU3zfBMPIqKu0=, :uri /web/dashboard}
2026-03-18 14:17:32.628 INFO  [SECURITY] eventType= severity= corr= tenant= user= - Database operation successful: find-session-by-token {:session-token GMVCYd36HoZr2BJDurilc8vdYtg7ZnkU3zfBMPIqKu0=, :duration-ms 1.975667}
2026-03-18 14:17:32.629 INFO  [SECURITY] eventType= severity= corr= tenant= user= - Database operation successful: update-session {:session-entity {:expires-at #object[java.time.Instant 0x33784d87 2026-03-19T13:17:02.606583Z], :user-agent Mozilla/5.0 (Macintosh; Intel Mac OS X 10_15_7) AppleWebKit/605.1.15 (KHTML, like Gecko) Version/26.3.1 Safari/605.1.15, :session-token GMVCYd36HoZr2BJDurilc8vdYtg7ZnkU3zfBMPIqKu0=, :user-id #uuid "3b38c2f4-634a-42fb-afd3-6c588eba95d2", :last-accessed-at #object[java.time.Instant 0x13281951 2026-03-18T13:17:32.628448Z], :id #uuid "de09cd28-d7a3-4464-9685-d4ccda961465", :revoked-at nil, :created-at #object[java.time.Instant 0x238ea5e 2026-03-18T13:17:02.593704Z], :ip-address [0:0:0:0:0:0:0:1]}, :duration-ms 0.671875}
2026-03-18 14:17:32.629 INFO  [SECURITY] eventType= severity= corr= tenant= user= - Session validation successful {:user-id #uuid "3b38c2f4-634a-42fb-afd3-6c588eba95d2"}
2026-03-18 14:17:32.631 INFO  [SECURITY] eventType= severity= corr= tenant= user= - Database operation successful: find-user-by-id {:user-id #uuid "3b38c2f4-634a-42fb-afd3-6c588eba95d2", :duration-ms 1.333}
2026-03-18 14:17:32.632 INFO  [SECURITY] eventType= severity= corr= tenant= user= - Database operation successful: find-sessions-by-user {:user-id #uuid "3b38c2f4-634a-42fb-afd3-6c588eba95d2", :duration-ms 0.75975}
2026-03-18 14:17:32.634 INFO  [SECURITY] eventType= severity= corr= tenant= user= - Database operation successful: find-user-by-id {:user-id #uuid "3b38c2f4-634a-42fb-afd3-6c588eba95d2", :duration-ms 1.301458}
2026-03-18 14:17:40.415 INFO  [SECURITY] eventType= severity= corr= tenant= user= - Processing authentication request {:uri /web/admin/, :method :get, :has-session true, :has-bearer false, :cookies (session-token Idea-2e373df0), :session-token-value GMVCYd36}
2026-03-18 14:17:40.416 INFO  [SECURITY] eventType= severity= corr= tenant= user= - Attempting session authentication {:token-preview GMVCYd36}
2026-03-18 14:17:40.416 INFO  [SECURITY] eventType= severity= corr= tenant= user= - Validating session token {:session-token GMVCYd36HoZr2BJDurilc8vdYtg7ZnkU3zfBMPIqKu0=, :uri /web/admin/}
2026-03-18 14:17:40.419 INFO  [SECURITY] eventType= severity= corr= tenant= user= - Database operation successful: find-session-by-token {:session-token GMVCYd36HoZr2BJDurilc8vdYtg7ZnkU3zfBMPIqKu0=, :duration-ms 2.553792}
2026-03-18 14:17:40.420 INFO  [SECURITY] eventType= severity= corr= tenant= user= - Database operation successful: update-session {:session-entity {:expires-at #object[java.time.Instant 0x5c0fbb72 2026-03-19T13:17:02.606583Z], :user-agent Mozilla/5.0 (Macintosh; Intel Mac OS X 10_15_7) AppleWebKit/605.1.15 (KHTML, like Gecko) Version/26.3.1 Safari/605.1.15, :session-token GMVCYd36HoZr2BJDurilc8vdYtg7ZnkU3zfBMPIqKu0=, :user-id #uuid "3b38c2f4-634a-42fb-afd3-6c588eba95d2", :last-accessed-at #object[java.time.Instant 0x653fd22b 2026-03-18T13:17:40.419800Z], :id #uuid "de09cd28-d7a3-4464-9685-d4ccda961465", :revoked-at nil, :created-at #object[java.time.Instant 0x41c51132 2026-03-18T13:17:02.593704Z], :ip-address [0:0:0:0:0:0:0:1]}, :duration-ms 0.72625}
2026-03-18 14:17:40.421 INFO  [SECURITY] eventType= severity= corr= tenant= user= - Session validation successful {:user-id #uuid "3b38c2f4-634a-42fb-afd3-6c588eba95d2"}
2026-03-18 14:17:40.422 INFO  [SECURITY] eventType= severity= corr= tenant= user= - Database operation successful: find-user-by-id {:user-id #uuid "3b38c2f4-634a-42fb-afd3-6c588eba95d2", :duration-ms 1.112459}
2026-03-18 14:17:40.422 INFO  [SECURITY] eventType= severity= corr= tenant= user= - After require-admin-user! {:user-email admin@ex.nl}
2026-03-18 14:17:40.422 INFO  [SECURITY] eventType= severity= corr= tenant= user= - Redirecting to first entity {:entity :orders}
2026-03-18 14:17:40.429 INFO  [SECURITY] eventType= severity= corr= tenant= user= - Processing authentication request {:uri /web/admin/orders, :method :get, :has-session true, :has-bearer false, :cookies (session-token Idea-2e373df0), :session-token-value GMVCYd36}
2026-03-18 14:17:40.429 INFO  [SECURITY] eventType= severity= corr= tenant= user= - Attempting session authentication {:token-preview GMVCYd36}
2026-03-18 14:17:40.429 INFO  [SECURITY] eventType= severity= corr= tenant= user= - Validating session token {:session-token GMVCYd36HoZr2BJDurilc8vdYtg7ZnkU3zfBMPIqKu0=, :uri /web/admin/orders}
2026-03-18 14:17:40.431 INFO  [SECURITY] eventType= severity= corr= tenant= user= - Database operation successful: find-session-by-token {:session-token GMVCYd36HoZr2BJDurilc8vdYtg7ZnkU3zfBMPIqKu0=, :duration-ms 1.673583}
2026-03-18 14:17:40.433 INFO  [SECURITY] eventType= severity= corr= tenant= user= - Database operation successful: update-session {:session-entity {:expires-at #object[java.time.Instant 0x5a273c03 2026-03-19T13:17:02.606583Z], :user-agent Mozilla/5.0 (Macintosh; Intel Mac OS X 10_15_7) AppleWebKit/605.1.15 (KHTML, like Gecko) Version/26.3.1 Safari/605.1.15, :session-token GMVCYd36HoZr2BJDurilc8vdYtg7ZnkU3zfBMPIqKu0=, :user-id #uuid "3b38c2f4-634a-42fb-afd3-6c588eba95d2", :last-accessed-at #object[java.time.Instant 0x4dfe865d 2026-03-18T13:17:40.432180Z], :id #uuid "de09cd28-d7a3-4464-9685-d4ccda961465", :revoked-at nil, :created-at #object[java.time.Instant 0x227bb9ad 2026-03-18T13:17:02.593704Z], :ip-address [0:0:0:0:0:0:0:1]}, :duration-ms 1.097917}
2026-03-18 14:17:40.433 INFO  [SECURITY] eventType= severity= corr= tenant= user= - Session validation successful {:user-id #uuid "3b38c2f4-634a-42fb-afd3-6c588eba95d2"}
2026-03-18 14:17:40.435 INFO  [SECURITY] eventType= severity= corr= tenant= user= - Database operation successful: find-user-by-id {:user-id #uuid "3b38c2f4-634a-42fb-afd3-6c588eba95d2", :duration-ms 1.490375}
2026-03-18 14:17:40.439 INFO  [SECURITY] eventType= severity= corr= tenant= user= - Database operation successful: admin-list-entities {:entity orders, :limit nil, :offset nil, :duration-ms 1.9335}
2026-03-18 14:17:43.638 INFO  [SECURITY] eventType= severity= corr= tenant= user= - Processing authentication request {:uri /web/admin/products, :method :get, :has-session true, :has-bearer false, :cookies (session-token Idea-2e373df0), :session-token-value GMVCYd36}
2026-03-18 14:17:43.638 INFO  [SECURITY] eventType= severity= corr= tenant= user= - Attempting session authentication {:token-preview GMVCYd36}
2026-03-18 14:17:43.638 INFO  [SECURITY] eventType= severity= corr= tenant= user= - Validating session token {:session-token GMVCYd36HoZr2BJDurilc8vdYtg7ZnkU3zfBMPIqKu0=, :uri /web/admin/products}
2026-03-18 14:17:43.640 INFO  [SECURITY] eventType= severity= corr= tenant= user= - Database operation successful: find-session-by-token {:session-token GMVCYd36HoZr2BJDurilc8vdYtg7ZnkU3zfBMPIqKu0=, :duration-ms 1.662875}
2026-03-18 14:17:43.642 INFO  [SECURITY] eventType= severity= corr= tenant= user= - Database operation successful: update-session {:session-entity {:expires-at #object[java.time.Instant 0x7bb017d 2026-03-19T13:17:02.606583Z], :user-agent Mozilla/5.0 (Macintosh; Intel Mac OS X 10_15_7) AppleWebKit/605.1.15 (KHTML, like Gecko) Version/26.3.1 Safari/605.1.15, :session-token GMVCYd36HoZr2BJDurilc8vdYtg7ZnkU3zfBMPIqKu0=, :user-id #uuid "3b38c2f4-634a-42fb-afd3-6c588eba95d2", :last-accessed-at #object[java.time.Instant 0x2e3a8f2 2026-03-18T13:17:43.640602Z], :id #uuid "de09cd28-d7a3-4464-9685-d4ccda961465", :revoked-at nil, :created-at #object[java.time.Instant 0x391dd796 2026-03-18T13:17:02.593704Z], :ip-address [0:0:0:0:0:0:0:1]}, :duration-ms 1.164333}
2026-03-18 14:17:43.642 INFO  [SECURITY] eventType= severity= corr= tenant= user= - Session validation successful {:user-id #uuid "3b38c2f4-634a-42fb-afd3-6c588eba95d2"}
2026-03-18 14:17:43.644 INFO  [SECURITY] eventType= severity= corr= tenant= user= - Database operation successful: find-user-by-id {:user-id #uuid "3b38c2f4-634a-42fb-afd3-6c588eba95d2", :duration-ms 1.897791}
2026-03-18 14:17:43.647 INFO  [SECURITY] eventType= severity= corr= tenant= user= - Database operation successful: admin-list-entities {:entity products, :limit nil, :offset nil, :duration-ms 1.50875}
2026-03-18 14:17:45.106 INFO  [SECURITY] eventType= severity= corr= tenant= user= - Processing authentication request {:uri /web/admin/users, :method :get, :has-session true, :has-bearer false, :cookies (session-token Idea-2e373df0), :session-token-value GMVCYd36}
2026-03-18 14:17:45.106 INFO  [SECURITY] eventType= severity= corr= tenant= user= - Attempting session authentication {:token-preview GMVCYd36}
2026-03-18 14:17:45.106 INFO  [SECURITY] eventType= severity= corr= tenant= user= - Validating session token {:session-token GMVCYd36HoZr2BJDurilc8vdYtg7ZnkU3zfBMPIqKu0=, :uri /web/admin/users}
2026-03-18 14:17:45.108 INFO  [SECURITY] eventType= severity= corr= tenant= user= - Database operation successful: find-session-by-token {:session-token GMVCYd36HoZr2BJDurilc8vdYtg7ZnkU3zfBMPIqKu0=, :duration-ms 1.991167}
2026-03-18 14:17:45.110 INFO  [SECURITY] eventType= severity= corr= tenant= user= - Database operation successful: update-session {:session-entity {:expires-at #object[java.time.Instant 0x2ce67d1b 2026-03-19T13:17:02.606583Z], :user-agent Mozilla/5.0 (Macintosh; Intel Mac OS X 10_15_7) AppleWebKit/605.1.15 (KHTML, like Gecko) Version/26.3.1 Safari/605.1.15, :session-token GMVCYd36HoZr2BJDurilc8vdYtg7ZnkU3zfBMPIqKu0=, :user-id #uuid "3b38c2f4-634a-42fb-afd3-6c588eba95d2", :last-accessed-at #object[java.time.Instant 0x6d0b8738 2026-03-18T13:17:45.108982Z], :id #uuid "de09cd28-d7a3-4464-9685-d4ccda961465", :revoked-at nil, :created-at #object[java.time.Instant 0x7d1e59c1 2026-03-18T13:17:02.593704Z], :ip-address [0:0:0:0:0:0:0:1]}, :duration-ms 1.051625}
2026-03-18 14:17:45.110 INFO  [SECURITY] eventType= severity= corr= tenant= user= - Session validation successful {:user-id #uuid "3b38c2f4-634a-42fb-afd3-6c588eba95d2"}
2026-03-18 14:17:45.113 INFO  [SECURITY] eventType= severity= corr= tenant= user= - Database operation successful: find-user-by-id {:user-id #uuid "3b38c2f4-634a-42fb-afd3-6c588eba95d2", :duration-ms 2.022209}
2026-03-18 14:17:45.116 INFO  [SECURITY] eventType= severity= corr= tenant= user= - Database operation successful: admin-list-entities {:entity users, :limit nil, :offset nil, :duration-ms 1.8885}
2026-03-18 14:17:46.497 INFO  [SECURITY] eventType= severity= corr= tenant= user= - Processing authentication request {:uri /web/admin/products, :method :get, :has-session true, :has-bearer false, :cookies (session-token Idea-2e373df0), :session-token-value GMVCYd36}
2026-03-18 14:17:46.497 INFO  [SECURITY] eventType= severity= corr= tenant= user= - Attempting session authentication {:token-preview GMVCYd36}
2026-03-18 14:17:46.497 INFO  [SECURITY] eventType= severity= corr= tenant= user= - Validating session token {:session-token GMVCYd36HoZr2BJDurilc8vdYtg7ZnkU3zfBMPIqKu0=, :uri /web/admin/products}
2026-03-18 14:17:46.499 INFO  [SECURITY] eventType= severity= corr= tenant= user= - Database operation successful: find-session-by-token {:session-token GMVCYd36HoZr2BJDurilc8vdYtg7ZnkU3zfBMPIqKu0=, :duration-ms 1.819542}
2026-03-18 14:17:46.500 INFO  [SECURITY] eventType= severity= corr= tenant= user= - Database operation successful: update-session {:session-entity {:expires-at #object[java.time.Instant 0x2cc5c483 2026-03-19T13:17:02.606583Z], :user-agent Mozilla/5.0 (Macintosh; Intel Mac OS X 10_15_7) AppleWebKit/605.1.15 (KHTML, like Gecko) Version/26.3.1 Safari/605.1.15, :session-token GMVCYd36HoZr2BJDurilc8vdYtg7ZnkU3zfBMPIqKu0=, :user-id #uuid "3b38c2f4-634a-42fb-afd3-6c588eba95d2", :last-accessed-at #object[java.time.Instant 0xd303e42 2026-03-18T13:17:46.499713Z], :id #uuid "de09cd28-d7a3-4464-9685-d4ccda961465", :revoked-at nil, :created-at #object[java.time.Instant 0x16051b45 2026-03-18T13:17:02.593704Z], :ip-address [0:0:0:0:0:0:0:1]}, :duration-ms 0.520917}
2026-03-18 14:17:46.500 INFO  [SECURITY] eventType= severity= corr= tenant= user= - Session validation successful {:user-id #uuid "3b38c2f4-634a-42fb-afd3-6c588eba95d2"}
2026-03-18 14:17:46.501 INFO  [SECURITY] eventType= severity= corr= tenant= user= - Database operation successful: find-user-by-id {:user-id #uuid "3b38c2f4-634a-42fb-afd3-6c588eba95d2", :duration-ms 1.019709}
2026-03-18 14:17:46.504 INFO  [SECURITY] eventType= severity= corr= tenant= user= - Database operation successful: admin-list-entities {:entity products, :limit nil, :offset nil, :duration-ms 1.643458}
2026-03-18 14:17:53.780 INFO  [SECURITY] eventType= severity= corr= tenant= user= - Processing authentication request {:uri /web/admin/products/11111111-1111-1111-1111-111111111111, :method :get, :has-session true, :has-bearer false, :cookies (session-token Idea-2e373df0), :session-token-value GMVCYd36}
2026-03-18 14:17:53.781 INFO  [SECURITY] eventType= severity= corr= tenant= user= - Attempting session authentication {:token-preview GMVCYd36}
2026-03-18 14:17:53.781 INFO  [SECURITY] eventType= severity= corr= tenant= user= - Validating session token {:session-token GMVCYd36HoZr2BJDurilc8vdYtg7ZnkU3zfBMPIqKu0=, :uri /web/admin/products/11111111-1111-1111-1111-111111111111}
2026-03-18 14:17:53.783 INFO  [SECURITY] eventType= severity= corr= tenant= user= - Database operation successful: find-session-by-token {:session-token GMVCYd36HoZr2BJDurilc8vdYtg7ZnkU3zfBMPIqKu0=, :duration-ms 2.161333}
2026-03-18 14:17:53.784 INFO  [SECURITY] eventType= severity= corr= tenant= user= - Database operation successful: update-session {:session-entity {:expires-at #object[java.time.Instant 0x581d120c 2026-03-19T13:17:02.606583Z], :user-agent Mozilla/5.0 (Macintosh; Intel Mac OS X 10_15_7) AppleWebKit/605.1.15 (KHTML, like Gecko) Version/26.3.1 Safari/605.1.15, :session-token GMVCYd36HoZr2BJDurilc8vdYtg7ZnkU3zfBMPIqKu0=, :user-id #uuid "3b38c2f4-634a-42fb-afd3-6c588eba95d2", :last-accessed-at #object[java.time.Instant 0x470cb2b1 2026-03-18T13:17:53.783988Z], :id #uuid "de09cd28-d7a3-4464-9685-d4ccda961465", :revoked-at nil, :created-at #object[java.time.Instant 0x760fcf2f 2026-03-18T13:17:02.593704Z], :ip-address [0:0:0:0:0:0:0:1]}, :duration-ms 0.548917}
2026-03-18 14:17:53.784 INFO  [SECURITY] eventType= severity= corr= tenant= user= - Session validation successful {:user-id #uuid "3b38c2f4-634a-42fb-afd3-6c588eba95d2"}
2026-03-18 14:17:53.786 INFO  [SECURITY] eventType= severity= corr= tenant= user= - Database operation successful: find-user-by-id {:user-id #uuid "3b38c2f4-634a-42fb-afd3-6c588eba95d2", :duration-ms 1.171583}
2026-03-18 14:17:53.788 INFO  [SECURITY] eventType= severity= corr= tenant= user= - Database operation successful: admin-get-entity {:entity products, :id #uuid "11111111-1111-1111-1111-111111111111", :duration-ms 0.670541}
2026-03-18 14:18:06.718 INFO  [SECURITY] eventType= severity= corr= tenant= user= - Processing authentication request {:uri /web/admin/products, :method :get, :has-session true, :has-bearer false, :cookies (session-token Idea-2e373df0), :session-token-value GMVCYd36}
2026-03-18 14:18:06.719 INFO  [SECURITY] eventType= severity= corr= tenant= user= - Attempting session authentication {:token-preview GMVCYd36}
2026-03-18 14:18:06.719 INFO  [SECURITY] eventType= severity= corr= tenant= user= - Validating session token {:session-token GMVCYd36HoZr2BJDurilc8vdYtg7ZnkU3zfBMPIqKu0=, :uri /web/admin/products}
2026-03-18 14:18:06.721 INFO  [SECURITY] eventType= severity= corr= tenant= user= - Database operation successful: find-session-by-token {:session-token GMVCYd36HoZr2BJDurilc8vdYtg7ZnkU3zfBMPIqKu0=, :duration-ms 1.839416}
2026-03-18 14:18:06.722 INFO  [SECURITY] eventType= severity= corr= tenant= user= - Database operation successful: update-session {:session-entity {:expires-at #object[java.time.Instant 0x3dca196b 2026-03-19T13:17:02.606583Z], :user-agent Mozilla/5.0 (Macintosh; Intel Mac OS X 10_15_7) AppleWebKit/605.1.15 (KHTML, like Gecko) Version/26.3.1 Safari/605.1.15, :session-token GMVCYd36HoZr2BJDurilc8vdYtg7ZnkU3zfBMPIqKu0=, :user-id #uuid "3b38c2f4-634a-42fb-afd3-6c588eba95d2", :last-accessed-at #object[java.time.Instant 0x5e19821c 2026-03-18T13:18:06.721999Z], :id #uuid "de09cd28-d7a3-4464-9685-d4ccda961465", :revoked-at nil, :created-at #object[java.time.Instant 0x7fd38540 2026-03-18T13:17:02.593704Z], :ip-address [0:0:0:0:0:0:0:1]}, :duration-ms 0.51675}
2026-03-18 14:18:06.722 INFO  [SECURITY] eventType= severity= corr= tenant= user= - Session validation successful {:user-id #uuid "3b38c2f4-634a-42fb-afd3-6c588eba95d2"}
2026-03-18 14:18:06.724 INFO  [SECURITY] eventType= severity= corr= tenant= user= - Database operation successful: find-user-by-id {:user-id #uuid "3b38c2f4-634a-42fb-afd3-6c588eba95d2", :duration-ms 1.072542}
2026-03-18 14:18:06.726 INFO  [SECURITY] eventType= severity= corr= tenant= user= - Database operation successful: admin-list-entities {:entity products, :limit nil, :offset nil, :duration-ms 1.190542}
2026-03-18 14:18:10.535 INFO  [SECURITY] eventType= severity= corr= tenant= user= - Processing authentication request {:uri /web/logout, :method :post, :has-session true, :has-bearer false, :cookies (session-token Idea-2e373df0), :session-token-value GMVCYd36}
2026-03-18 14:18:10.535 INFO  [SECURITY] eventType= severity= corr= tenant= user= - Attempting session authentication {:token-preview GMVCYd36}
2026-03-18 14:18:10.535 INFO  [SECURITY] eventType= severity= corr= tenant= user= - Validating session token {:session-token GMVCYd36HoZr2BJDurilc8vdYtg7ZnkU3zfBMPIqKu0=, :uri /web/logout}
2026-03-18 14:18:10.537 INFO  [SECURITY] eventType= severity= corr= tenant= user= - Database operation successful: find-session-by-token {:session-token GMVCYd36HoZr2BJDurilc8vdYtg7ZnkU3zfBMPIqKu0=, :duration-ms 1.710042}
2026-03-18 14:18:10.539 INFO  [SECURITY] eventType= severity= corr= tenant= user= - Database operation successful: update-session {:session-entity {:expires-at #object[java.time.Instant 0x18959450 2026-03-19T13:17:02.606583Z], :user-agent Mozilla/5.0 (Macintosh; Intel Mac OS X 10_15_7) AppleWebKit/605.1.15 (KHTML, like Gecko) Version/26.3.1 Safari/605.1.15, :session-token GMVCYd36HoZr2BJDurilc8vdYtg7ZnkU3zfBMPIqKu0=, :user-id #uuid "3b38c2f4-634a-42fb-afd3-6c588eba95d2", :last-accessed-at #object[java.time.Instant 0x1cf8fcd1 2026-03-18T13:18:10.538015Z], :id #uuid "de09cd28-d7a3-4464-9685-d4ccda961465", :revoked-at nil, :created-at #object[java.time.Instant 0x5018dde2 2026-03-18T13:17:02.593704Z], :ip-address [0:0:0:0:0:0:0:1]}, :duration-ms 0.848292}
2026-03-18 14:18:10.539 INFO  [SECURITY] eventType= severity= corr= tenant= user= - Session validation successful {:user-id #uuid "3b38c2f4-634a-42fb-afd3-6c588eba95d2"}
2026-03-18 14:18:10.540 INFO  [SECURITY] eventType= severity= corr= tenant= user= - Database operation successful: find-user-by-id {:user-id #uuid "3b38c2f4-634a-42fb-afd3-6c588eba95d2", :duration-ms 0.939084}
2026-03-18 14:18:10.545 INFO  [SECURITY] eventType= severity= corr= tenant= user= - Attempting to invalidate session {:token GMVCYd36HoZr2BJD}
2026-03-18 14:18:10.546 INFO  [SECURITY] eventType= severity= corr= tenant= user= - Database operation successful: find-session-by-token {:session-token GMVCYd36HoZr2BJDurilc8vdYtg7ZnkU3zfBMPIqKu0=, :duration-ms 0.908542}
2026-03-18 14:18:10.547 INFO  [SECURITY] eventType= severity= corr= tenant= user= - Database operation successful: invalidate-session {:session-token GMVCYd36HoZr2BJDurilc8vdYtg7ZnkU3zfBMPIqKu0=, :duration-ms 0.39625}
2026-03-18 14:18:10.548 INFO  [SECURITY] eventType= severity= corr= tenant= user= - Database operation successful: find-user-by-id {:user-id nil, :duration-ms 0.562291}
2026-03-18 14:18:10.548 INFO  [SECURITY] eventType= severity= corr= tenant= user= - Session invalidation result {:result {:invalidated true, :session-id #uuid "de09cd28-d7a3-4464-9685-d4ccda961465"}}
2026-03-18 14:18:29.257 INFO  [SECURITY] eventType= severity= corr= tenant= user= - Authentication attempt {:email admin@ex.nl, :ip [0:0:0:0:0:0:0:1]}
2026-03-18 14:18:29.259 INFO  [SECURITY] eventType= severity= corr= tenant= user= - Database operation successful: find-user-by-email {:email admin@ex.nl, :duration-ms 1.524875}
2026-03-18 14:18:29.492 INFO  [SECURITY] eventType= severity= corr= tenant= user= - Database operation successful: find-sessions-by-user {:user-id #uuid "3b38c2f4-634a-42fb-afd3-6c588eba95d2", :duration-ms 0.435292}
2026-03-18 14:18:29.493 INFO  [SECURITY] eventType= severity= corr= tenant= user= - Database operation successful: update-user {:user-entity {:role :admin, :updated-at nil, :email admin@ex.nl, :timezone nil, :notifications-sms false, :name Admin, :mfa-enabled-at nil, :avatar-url nil, :password-hash bcrypt+sha512$cabc3591cb0c6ca725bbc15923e48fce$12$c6b34d27e0c039bba3dfe70b8bdf7fa192c95aa4b7d1d036, :mfa-backup-codes-used nil, :time-format nil, :last-login #object[java.time.Instant 0x10732b3a 2026-03-18T13:18:29.257509Z], :lockout-until nil, :deleted-at nil, :notifications-push false, :date-format nil, :theme nil, :login-count 2, :language nil, :mfa-secret nil, :active true, :id #uuid "3b38c2f4-634a-42fb-afd3-6c588eba95d2", :failed-login-count 0, :notifications-email false, :mfa-backup-codes nil, :mfa-enabled nil, :created-at #object[java.time.Instant 0x555c5970 2026-03-18T13:16:43.565644Z], :tenant-id nil}, :duration-ms 0.506875}
2026-03-18 14:18:29.493 INFO  [SECURITY] eventType= severity= corr= tenant= user= - Database operation successful: create-session {:session-entity {:user-id #uuid "3b38c2f4-634a-42fb-afd3-6c588eba95d2", :session-token BhM8Cwbl1zkLk6sqYHoX26wku8dcIqbZ1rFLsPR33iE=, :expires-at #object[java.time.Instant 0x5ec9ca68 2026-03-18T14:18:29.257509Z], :user-agent Mozilla/5.0 (Macintosh; Intel Mac OS X 10_15_7) AppleWebKit/605.1.15 (KHTML, like Gecko) Version/26.3.1 Safari/605.1.15, :ip-address [0:0:0:0:0:0:0:1]}, :duration-ms 0.26625}
2026-03-18 14:18:29.494 INFO  [SECURITY] eventType= severity= corr= tenant= user= - Authentication successful {:email admin@ex.nl, :risk-score 75, :mfa-used nil, :session-duration 1}
2026-03-18 14:18:29.494 INFO  [SECURITY] eventType= severity= corr= tenant= user= - Database operation successful: create-audit-log {:audit-entity {:actor-email admin@ex.nl, :user-agent Mozilla/5.0 (Macintosh; Intel Mac OS X 10_15_7) AppleWebKit/605.1.15 (KHTML, like Gecko) Version/26.3.1 Safari/605.1.15, :target-user-id #uuid "3b38c2f4-634a-42fb-afd3-6c588eba95d2", :actor-id #uuid "3b38c2f4-634a-42fb-afd3-6c588eba95d2", :result :success, :target-user-email admin@ex.nl, :action :login, :error-message nil, :ip-address [0:0:0:0:0:0:0:1]}, :duration-ms 0.167}
2026-03-18 14:18:29.494 INFO  [SECURITY] eventType= severity= corr= tenant= user= - Login attempt {:email admin@ex.nl, :authenticated true, :result-keys (:authenticated :user :session :session-token :jwt-token), :ip-address [0:0:0:0:0:0:0:1], :user-agent Mozilla/5.0 (Macintosh; Intel Mac OS X 10_15_7) AppleWebKit/605.1.15 (KHTML, like Gecko) Version/26.3.1 Safari/605.1.15}
2026-03-18 14:18:29.494 INFO  [SECURITY] eventType= severity= corr= tenant= user= - Login successful, setting cookie and redirecting {:session-token BhM8Cwbl1zkLk6sqYHoX26wku8dcIqbZ1rFLsPR33iE=, :session-token-type java.lang.String, :remember? false, :cookie-max-age nil, :return-to /web/admin/users, :user-role :admin}
2026-03-18 14:18:29.498 INFO  [SECURITY] eventType= severity= corr= tenant= user= - Processing authentication request {:uri /web/admin/users, :method :get, :has-session true, :has-bearer false, :cookies (session-token Idea-2e373df0), :session-token-value BhM8Cwbl}
2026-03-18 14:18:29.498 INFO  [SECURITY] eventType= severity= corr= tenant= user= - Attempting session authentication {:token-preview BhM8Cwbl}
2026-03-18 14:18:29.498 INFO  [SECURITY] eventType= severity= corr= tenant= user= - Validating session token {:session-token BhM8Cwbl1zkLk6sqYHoX26wku8dcIqbZ1rFLsPR33iE=, :uri /web/admin/users}
2026-03-18 14:18:29.499 INFO  [SECURITY] eventType= severity= corr= tenant= user= - Database operation successful: find-session-by-token {:session-token BhM8Cwbl1zkLk6sqYHoX26wku8dcIqbZ1rFLsPR33iE=, :duration-ms 0.542375}
2026-03-18 14:18:29.499 INFO  [SECURITY] eventType= severity= corr= tenant= user= - Database operation successful: update-session {:session-entity {:expires-at #object[java.time.Instant 0x1c67a211 2026-03-19T13:18:29.499318Z], :user-agent Mozilla/5.0 (Macintosh; Intel Mac OS X 10_15_7) AppleWebKit/605.1.15 (KHTML, like Gecko) Version/26.3.1 Safari/605.1.15, :session-token BhM8Cwbl1zkLk6sqYHoX26wku8dcIqbZ1rFLsPR33iE=, :user-id #uuid "3b38c2f4-634a-42fb-afd3-6c588eba95d2", :last-accessed-at #object[java.time.Instant 0x7fc342ba 2026-03-18T13:18:29.499318Z], :id #uuid "ac498adc-5eea-4ca5-91cf-9b609244885b", :revoked-at nil, :created-at #object[java.time.Instant 0x46b6ef71 2026-03-18T13:18:29.493663Z], :ip-address [0:0:0:0:0:0:0:1]}, :duration-ms 0.173833}
2026-03-18 14:18:29.499 INFO  [SECURITY] eventType= severity= corr= tenant= user= - Session validation successful {:user-id #uuid "3b38c2f4-634a-42fb-afd3-6c588eba95d2"}
2026-03-18 14:18:29.500 INFO  [SECURITY] eventType= severity= corr= tenant= user= - Database operation successful: find-user-by-id {:user-id #uuid "3b38c2f4-634a-42fb-afd3-6c588eba95d2", :duration-ms 0.403292}
2026-03-18 14:18:29.500 INFO  [SECURITY] eventType= severity= corr= tenant= user= - Database operation successful: admin-list-entities {:entity users, :limit nil, :offset nil, :duration-ms 0.4635}
2026-03-18 14:18:41.323 INFO  [SECURITY] eventType= severity= corr= tenant= user= - Processing authentication request {:uri /web/admin/products, :method :get, :has-session true, :has-bearer false, :cookies (session-token Idea-2e373df0), :session-token-value BhM8Cwbl}
2026-03-18 14:18:41.324 INFO  [SECURITY] eventType= severity= corr= tenant= user= - Attempting session authentication {:token-preview BhM8Cwbl}
2026-03-18 14:18:41.324 INFO  [SECURITY] eventType= severity= corr= tenant= user= - Validating session token {:session-token BhM8Cwbl1zkLk6sqYHoX26wku8dcIqbZ1rFLsPR33iE=, :uri /web/admin/products}
2026-03-18 14:18:41.327 INFO  [SECURITY] eventType= severity= corr= tenant= user= - Database operation successful: find-session-by-token {:session-token BhM8Cwbl1zkLk6sqYHoX26wku8dcIqbZ1rFLsPR33iE=, :duration-ms 2.038416}
2026-03-18 14:18:41.328 INFO  [SECURITY] eventType= severity= corr= tenant= user= - Database operation successful: update-session {:session-entity {:expires-at #object[java.time.Instant 0x7f20c436 2026-03-19T13:18:29.499318Z], :user-agent Mozilla/5.0 (Macintosh; Intel Mac OS X 10_15_7) AppleWebKit/605.1.15 (KHTML, like Gecko) Version/26.3.1 Safari/605.1.15, :session-token BhM8Cwbl1zkLk6sqYHoX26wku8dcIqbZ1rFLsPR33iE=, :user-id #uuid "3b38c2f4-634a-42fb-afd3-6c588eba95d2", :last-accessed-at #object[java.time.Instant 0x7dc3e68d 2026-03-18T13:18:41.327176Z], :id #uuid "ac498adc-5eea-4ca5-91cf-9b609244885b", :revoked-at nil, :created-at #object[java.time.Instant 0x718d1559 2026-03-18T13:18:29.493663Z], :ip-address [0:0:0:0:0:0:0:1]}, :duration-ms 0.737208}
2026-03-18 14:18:41.328 INFO  [SECURITY] eventType= severity= corr= tenant= user= - Session validation successful {:user-id #uuid "3b38c2f4-634a-42fb-afd3-6c588eba95d2"}
2026-03-18 14:18:41.329 INFO  [SECURITY] eventType= severity= corr= tenant= user= - Database operation successful: find-user-by-id {:user-id #uuid "3b38c2f4-634a-42fb-afd3-6c588eba95d2", :duration-ms 0.994}
2026-03-18 14:18:41.331 INFO  [SECURITY] eventType= severity= corr= tenant= user= - Database operation successful: admin-list-entities {:entity products, :limit nil, :offset nil, :duration-ms 0.742709}
2026-03-18 14:18:45.448 INFO  [SECURITY] eventType= severity= corr= tenant= user= - Processing authentication request {:uri /web/admin/products/table, :method :get, :has-session true, :has-bearer false, :cookies (session-token Idea-2e373df0), :session-token-value BhM8Cwbl}
2026-03-18 14:18:45.449 INFO  [SECURITY] eventType= severity= corr= tenant= user= - Attempting session authentication {:token-preview BhM8Cwbl}
2026-03-18 14:18:45.449 INFO  [SECURITY] eventType= severity= corr= tenant= user= - Validating session token {:session-token BhM8Cwbl1zkLk6sqYHoX26wku8dcIqbZ1rFLsPR33iE=, :uri /web/admin/products/table}
2026-03-18 14:18:45.454 INFO  [SECURITY] eventType= severity= corr= tenant= user= - Database operation successful: find-session-by-token {:session-token BhM8Cwbl1zkLk6sqYHoX26wku8dcIqbZ1rFLsPR33iE=, :duration-ms 5.003417}
2026-03-18 14:18:45.456 INFO  [SECURITY] eventType= severity= corr= tenant= user= - Database operation successful: update-session {:session-entity {:expires-at #object[java.time.Instant 0x3cc8b61f 2026-03-19T13:18:29.499318Z], :user-agent Mozilla/5.0 (Macintosh; Intel Mac OS X 10_15_7) AppleWebKit/605.1.15 (KHTML, like Gecko) Version/26.3.1 Safari/605.1.15, :session-token BhM8Cwbl1zkLk6sqYHoX26wku8dcIqbZ1rFLsPR33iE=, :user-id #uuid "3b38c2f4-634a-42fb-afd3-6c588eba95d2", :last-accessed-at #object[java.time.Instant 0x67915960 2026-03-18T13:18:45.454887Z], :id #uuid "ac498adc-5eea-4ca5-91cf-9b609244885b", :revoked-at nil, :created-at #object[java.time.Instant 0x422f684a 2026-03-18T13:18:29.493663Z], :ip-address [0:0:0:0:0:0:0:1]}, :duration-ms 1.051208}
2026-03-18 14:18:45.456 INFO  [SECURITY] eventType= severity= corr= tenant= user= - Session validation successful {:user-id #uuid "3b38c2f4-634a-42fb-afd3-6c588eba95d2"}
2026-03-18 14:18:45.458 INFO  [SECURITY] eventType= severity= corr= tenant= user= - Database operation successful: find-user-by-id {:user-id #uuid "3b38c2f4-634a-42fb-afd3-6c588eba95d2", :duration-ms 1.479083}
2026-03-18 14:18:45.462 ERROR [SECURITY] eventType= severity= corr= tenant= user= - Query failed {:adapter nil, :sql SELECT * FROM products WHERE (name ILIKE ?) ORDER BY name ASC LIMIT ? OFFSET ?, :error [SQLITE_ERROR] SQL error or missing database (near "ILIKE": syntax error)}
2026-03-18 14:18:45.465 ERROR [SECURITY] eventType= severity= corr= tenant= user= - Database operation failed: admin-list-entities {:operation admin-list-entities}
clojure.lang.ExceptionInfo: Database query failed {:adapter nil, :sql "SELECT * FROM products WHERE (name ILIKE ?) ORDER BY name ASC LIMIT ? OFFSET ?", :params ("%cl%" 20 0), :original-error "[SQLITE_ERROR] SQL error or missing database (near \"ILIKE\": syntax error)"}
	at boundary.platform.shell.adapters.database.common.execution$execute_query_BANG_.invokeStatic(execution.clj:129)
	at boundary.platform.shell.adapters.database.common.execution$execute_query_BANG_.invoke(execution.clj:52)
	at boundary.admin.shell.service.AdminService$fn__24187.invoke(service.clj:275)
	at boundary.platform.shell.persistence_interceptors$create_persistence_pipeline$fn__17423.invoke(persistence_interceptors.clj:179)
	at boundary.core.interceptor$execute_interceptor_fn.invokeStatic(interceptor.clj:31)
	at boundary.core.interceptor$execute_interceptor_fn.invoke(interceptor.clj:22)
	at boundary.core.interceptor$run_enter_phase$fn__17314.invoke(interceptor.clj:58)
	at clojure.lang.ArrayChunk.reduce(ArrayChunk.java:60)
	at clojure.core.protocols$fn__8274.invokeStatic(protocols.clj:135)
	at clojure.core.protocols$fn__8274.invoke(protocols.clj:123)
	at clojure.core.protocols$fn__8233$G__8228__8242.invoke(protocols.clj:19)
	at clojure.core.protocols$seq_reduce.invokeStatic(protocols.clj:31)
	at clojure.core.protocols$fn__8266.invokeStatic(protocols.clj:74)
	at clojure.core.protocols$fn__8266.invoke(protocols.clj:74)
	at clojure.core.protocols$fn__8207$G__8202__8220.invoke(protocols.clj:13)
	at clojure.core$reduce.invokeStatic(core.clj:6965)
	at clojure.core$reduce.invoke(core.clj:6947)
	at boundary.core.interceptor$run_enter_phase.invokeStatic(interceptor.clj:51)
	at boundary.core.interceptor$run_enter_phase.invoke(interceptor.clj:45)
	at boundary.core.interceptor$run_pipeline.invokeStatic(interceptor.clj:104)
	at boundary.core.interceptor$run_pipeline.invoke(interceptor.clj:85)
	at boundary.platform.shell.persistence_interceptors$execute_persistence_operation.invokeStatic(persistence_interceptors.clj:222)
	at boundary.platform.shell.persistence_interceptors$execute_persistence_operation.doInvoke(persistence_interceptors.clj:189)
	at clojure.lang.RestFn.invoke(RestFn.java:473)
	at boundary.admin.shell.service.AdminService.list_entities(service.clj:222)
	at boundary.admin.shell.http$entity_table_fragment_handler$fn__26055.invoke(http.clj:552)
	at boundary.user.shell.middleware$session_authentication_middleware$fn__25915.invoke(middleware.clj:181)
	at boundary.user.shell.middleware$flexible_authentication_middleware$fn__25931.invoke(middleware.clj:249)
	at reitit.ring$ring_handler$fn__7042.invoke(ring.cljc:388)
	at clojure.lang.AFn.applyToHelper(AFn.java:154)
	at clojure.lang.AFn.applyTo(AFn.java:144)
	at clojure.lang.AFunction$1.doInvoke(AFunction.java:33)
	at clojure.lang.RestFn.invoke(RestFn.java:411)
	at boundary.admin.shell.http$wrap_method_override$fn__25952.invoke(http.clj:57)
	at ring.middleware.params$wrap_params$fn__4637.invoke(params.clj:75)
	at ring.middleware.cookies$wrap_cookies$fn__4558.invoke(cookies.clj:198)
	at ecommerce.shared.http.middleware$wrap_json_body$fn__13573.invoke(middleware.clj:31)
	at ecommerce.shared.http.middleware$wrap_session_id$fn__13577.invoke(middleware.clj:44)
	at ecommerce.shared.http.middleware$wrap_cors$fn__13584.invoke(middleware.clj:82)
	at ring.middleware.resource$wrap_resource_prefer_resources$fn__4823.invoke(resource.clj:25)
	at ecommerce.shared.http.middleware$wrap_exception_handler$fn__13581.invoke(middleware.clj:57)
	at ecommerce.shared.http.middleware$wrap_request_logging$fn__13587.invoke(middleware.clj:94)
	at ring.adapter.jetty$proxy_handler$fn__4203.invoke(jetty.clj:115)
	at ring.adapter.jetty.proxy$org.eclipse.jetty.ee9.servlet.ServletHandler$ff19274a.doHandle(Unknown Source)
	at org.eclipse.jetty.ee9.nested.ScopedHandler.nextHandle(ScopedHandler.java:193)
	at org.eclipse.jetty.ee9.nested.ContextHandler.doHandle(ContextHandler.java:1041)
	at org.eclipse.jetty.ee9.nested.ScopedHandler.nextScope(ScopedHandler.java:162)
	at org.eclipse.jetty.ee9.servlet.ServletHandler.doScope(ServletHandler.java:483)
	at ring.adapter.jetty.proxy$org.eclipse.jetty.ee9.servlet.ServletHandler$ff19274a.doScope(Unknown Source)
	at org.eclipse.jetty.ee9.nested.ScopedHandler.nextScope(ScopedHandler.java:160)
	at org.eclipse.jetty.ee9.nested.ContextHandler.doScope(ContextHandler.java:962)
	at org.eclipse.jetty.ee9.nested.ScopedHandler.handle(ScopedHandler.java:123)
	at org.eclipse.jetty.ee9.nested.ContextHandler.handle(ContextHandler.java:1723)
	at org.eclipse.jetty.ee9.nested.HttpChannel$RequestDispatchable.dispatch(HttpChannel.java:1581)
	at org.eclipse.jetty.ee9.nested.HttpChannel.dispatch(HttpChannel.java:733)
	at org.eclipse.jetty.ee9.nested.HttpChannel.handle(HttpChannel.java:520)
	at org.eclipse.jetty.ee9.nested.ContextHandler$CoreContextHandler$CoreToNestedHandler.handle(ContextHandler.java:3048)
	at org.eclipse.jetty.server.handler.ContextHandler.handle(ContextHandler.java:1174)
	at org.eclipse.jetty.server.Server.handle(Server.java:182)
	at org.eclipse.jetty.server.internal.HttpChannelState$HandlerInvoker.run(HttpChannelState.java:682)
	at org.eclipse.jetty.server.internal.HttpConnection.onFillable(HttpConnection.java:411)
	at org.eclipse.jetty.server.internal.HttpConnection$FillableCallback.succeeded(HttpConnection.java:1819)
	at org.eclipse.jetty.io.FillInterest.fillable(FillInterest.java:99)
	at org.eclipse.jetty.io.SelectableChannelEndPoint$1.run(SelectableChannelEndPoint.java:54)
	at org.eclipse.jetty.util.thread.strategy.AdaptiveExecutionStrategy.runTask(AdaptiveExecutionStrategy.java:521)
	at org.eclipse.jetty.util.thread.strategy.AdaptiveExecutionStrategy.epcRunTask(AdaptiveExecutionStrategy.java:492)
	at org.eclipse.jetty.util.thread.strategy.AdaptiveExecutionStrategy.consumeTask(AdaptiveExecutionStrategy.java:447)
	at org.eclipse.jetty.util.thread.strategy.AdaptiveExecutionStrategy.tryProduce(AdaptiveExecutionStrategy.java:297)
	at org.eclipse.jetty.util.thread.strategy.AdaptiveExecutionStrategy.run(AdaptiveExecutionStrategy.java:202)
	at org.eclipse.jetty.util.thread.ReservedThreadExecutor$ReservedThread.run(ReservedThreadExecutor.java:312)
	at org.eclipse.jetty.util.thread.QueuedThreadPool.runJob(QueuedThreadPool.java:999)
	at org.eclipse.jetty.util.thread.QueuedThreadPool$Runner.doRunJob(QueuedThreadPool.java:1229)
	at org.eclipse.jetty.util.thread.QueuedThreadPool$Runner.run(QueuedThreadPool.java:1184)
	at java.base/java.lang.Thread.run(Thread.java:1474)
Caused by: org.sqlite.SQLiteException: [SQLITE_ERROR] SQL error or missing database (near "ILIKE": syntax error)
	at org.sqlite.core.DB.newSQLException(DB.java:1179)
	at org.sqlite.core.DB.newSQLException(DB.java:1190)
	at org.sqlite.core.DB.throwex(DB.java:1150)
	at org.sqlite.core.NativeDB.prepare_utf8(Native Method)
	at org.sqlite.core.NativeDB.prepare(NativeDB.java:135)
	at org.sqlite.core.DB.prepare(DB.java:264)
	at org.sqlite.core.CorePreparedStatement.<init>(CorePreparedStatement.java:46)
	at org.sqlite.jdbc3.JDBC3PreparedStatement.<init>(JDBC3PreparedStatement.java:32)
	at org.sqlite.jdbc4.JDBC4PreparedStatement.<init>(JDBC4PreparedStatement.java:28)
	at org.sqlite.jdbc4.JDBC4Connection.prepareStatement(JDBC4Connection.java:34)
	at org.sqlite.jdbc3.JDBC3Connection.prepareStatement(JDBC3Connection.java:225)
	at org.sqlite.jdbc3.JDBC3Connection.prepareStatement(JDBC3Connection.java:205)
	at com.zaxxer.hikari.pool.ProxyConnection.prepareStatement(ProxyConnection.java:328)
	at com.zaxxer.hikari.pool.HikariProxyConnection.prepareStatement(HikariProxyConnection.java)
	at next.jdbc.prepare$create.invokeStatic(prepare.clj:134)
	at next.jdbc.prepare$create.invoke(prepare.clj:84)
	at next.jdbc.result_set$eval3442$fn__3450.invoke(result_set.clj:943)
	at next.jdbc.protocols$eval2472$fn__2488$G__2463__2497.invoke(protocols.clj:34)
	at next.jdbc$execute_BANG_.invokeStatic(jdbc.clj:272)
	at next.jdbc$execute_BANG_.invoke(jdbc.clj:254)
	at boundary.platform.shell.adapters.database.common.execution$execute_query_BANG_.invokeStatic(execution.clj:94)
	... 73 common frames omitted
2026-03-18 14:18:45.768 INFO  [SECURITY] eventType= severity= corr= tenant= user= - Processing authentication request {:uri /web/admin/products/table, :method :get, :has-session true, :has-bearer false, :cookies (session-token Idea-2e373df0), :session-token-value BhM8Cwbl}
2026-03-18 14:18:45.768 INFO  [SECURITY] eventType= severity= corr= tenant= user= - Attempting session authentication {:token-preview BhM8Cwbl}
2026-03-18 14:18:45.769 INFO  [SECURITY] eventType= severity= corr= tenant= user= - Validating session token {:session-token BhM8Cwbl1zkLk6sqYHoX26wku8dcIqbZ1rFLsPR33iE=, :uri /web/admin/products/table}
2026-03-18 14:18:45.770 INFO  [SECURITY] eventType= severity= corr= tenant= user= - Database operation successful: find-session-by-token {:session-token BhM8Cwbl1zkLk6sqYHoX26wku8dcIqbZ1rFLsPR33iE=, :duration-ms 1.175541}
2026-03-18 14:18:45.772 INFO  [SECURITY] eventType= severity= corr= tenant= user= - Database operation successful: update-session {:session-entity {:expires-at #object[java.time.Instant 0x30d615bb 2026-03-19T13:18:29.499318Z], :user-agent Mozilla/5.0 (Macintosh; Intel Mac OS X 10_15_7) AppleWebKit/605.1.15 (KHTML, like Gecko) Version/26.3.1 Safari/605.1.15, :session-token BhM8Cwbl1zkLk6sqYHoX26wku8dcIqbZ1rFLsPR33iE=, :user-id #uuid "3b38c2f4-634a-42fb-afd3-6c588eba95d2", :last-accessed-at #object[java.time.Instant 0x5dba538b 2026-03-18T13:18:45.770811Z], :id #uuid "ac498adc-5eea-4ca5-91cf-9b609244885b", :revoked-at nil, :created-at #object[java.time.Instant 0x4f213342 2026-03-18T13:18:29.493663Z], :ip-address [0:0:0:0:0:0:0:1]}, :duration-ms 0.916417}
2026-03-18 14:18:45.772 INFO  [SECURITY] eventType= severity= corr= tenant= user= - Session validation successful {:user-id #uuid "3b38c2f4-634a-42fb-afd3-6c588eba95d2"}
2026-03-18 14:18:45.773 INFO  [SECURITY] eventType= severity= corr= tenant= user= - Database operation successful: find-user-by-id {:user-id #uuid "3b38c2f4-634a-42fb-afd3-6c588eba95d2", :duration-ms 1.302167}
2026-03-18 14:18:45.775 ERROR [SECURITY] eventType= severity= corr= tenant= user= - Query failed {:adapter nil, :sql SELECT * FROM products WHERE (name ILIKE ?) ORDER BY name ASC LIMIT ? OFFSET ?, :error [SQLITE_ERROR] SQL error or missing database (near "ILIKE": syntax error)}
2026-03-18 14:18:45.776 ERROR [SECURITY] eventType= severity= corr= tenant= user= - Database operation failed: admin-list-entities {:operation admin-list-entities}
clojure.lang.ExceptionInfo: Database query failed {:adapter nil, :sql "SELECT * FROM products WHERE (name ILIKE ?) ORDER BY name ASC LIMIT ? OFFSET ?", :params ("%cl%" 20 0), :original-error "[SQLITE_ERROR] SQL error or missing database (near \"ILIKE\": syntax error)"}
	at boundary.platform.shell.adapters.database.common.execution$execute_query_BANG_.invokeStatic(execution.clj:129)
	at boundary.platform.shell.adapters.database.common.execution$execute_query_BANG_.invoke(execution.clj:52)
	at boundary.admin.shell.service.AdminService$fn__24187.invoke(service.clj:275)
	at boundary.platform.shell.persistence_interceptors$create_persistence_pipeline$fn__17423.invoke(persistence_interceptors.clj:179)
	at boundary.core.interceptor$execute_interceptor_fn.invokeStatic(interceptor.clj:31)
	at boundary.core.interceptor$execute_interceptor_fn.invoke(interceptor.clj:22)
	at boundary.core.interceptor$run_enter_phase$fn__17314.invoke(interceptor.clj:58)
	at clojure.lang.ArrayChunk.reduce(ArrayChunk.java:60)
	at clojure.core.protocols$fn__8274.invokeStatic(protocols.clj:135)
	at clojure.core.protocols$fn__8274.invoke(protocols.clj:123)
	at clojure.core.protocols$fn__8233$G__8228__8242.invoke(protocols.clj:19)
	at clojure.core.protocols$seq_reduce.invokeStatic(protocols.clj:31)
	at clojure.core.protocols$fn__8266.invokeStatic(protocols.clj:74)
	at clojure.core.protocols$fn__8266.invoke(protocols.clj:74)
	at clojure.core.protocols$fn__8207$G__8202__8220.invoke(protocols.clj:13)
	at clojure.core$reduce.invokeStatic(core.clj:6965)
	at clojure.core$reduce.invoke(core.clj:6947)
	at boundary.core.interceptor$run_enter_phase.invokeStatic(interceptor.clj:51)
	at boundary.core.interceptor$run_enter_phase.invoke(interceptor.clj:45)
	at boundary.core.interceptor$run_pipeline.invokeStatic(interceptor.clj:104)
	at boundary.core.interceptor$run_pipeline.invoke(interceptor.clj:85)
	at boundary.platform.shell.persistence_interceptors$execute_persistence_operation.invokeStatic(persistence_interceptors.clj:222)
	at boundary.platform.shell.persistence_interceptors$execute_persistence_operation.doInvoke(persistence_interceptors.clj:189)
	at clojure.lang.RestFn.invoke(RestFn.java:473)
	at boundary.admin.shell.service.AdminService.list_entities(service.clj:222)
	at boundary.admin.shell.http$entity_table_fragment_handler$fn__26055.invoke(http.clj:552)
	at boundary.user.shell.middleware$session_authentication_middleware$fn__25915.invoke(middleware.clj:181)
	at boundary.user.shell.middleware$flexible_authentication_middleware$fn__25931.invoke(middleware.clj:249)
	at reitit.ring$ring_handler$fn__7042.invoke(ring.cljc:388)
	at clojure.lang.AFn.applyToHelper(AFn.java:154)
	at clojure.lang.AFn.applyTo(AFn.java:144)
	at clojure.lang.AFunction$1.doInvoke(AFunction.java:33)
	at clojure.lang.RestFn.invoke(RestFn.java:411)
	at boundary.admin.shell.http$wrap_method_override$fn__25952.invoke(http.clj:57)
	at ring.middleware.params$wrap_params$fn__4637.invoke(params.clj:75)
	at ring.middleware.cookies$wrap_cookies$fn__4558.invoke(cookies.clj:198)
	at ecommerce.shared.http.middleware$wrap_json_body$fn__13573.invoke(middleware.clj:31)
	at ecommerce.shared.http.middleware$wrap_session_id$fn__13577.invoke(middleware.clj:44)
	at ecommerce.shared.http.middleware$wrap_cors$fn__13584.invoke(middleware.clj:82)
	at ring.middleware.resource$wrap_resource_prefer_resources$fn__4823.invoke(resource.clj:25)
	at ecommerce.shared.http.middleware$wrap_exception_handler$fn__13581.invoke(middleware.clj:57)
	at ecommerce.shared.http.middleware$wrap_request_logging$fn__13587.invoke(middleware.clj:94)
	at ring.adapter.jetty$proxy_handler$fn__4203.invoke(jetty.clj:115)
	at ring.adapter.jetty.proxy$org.eclipse.jetty.ee9.servlet.ServletHandler$ff19274a.doHandle(Unknown Source)
	at org.eclipse.jetty.ee9.nested.ScopedHandler.nextHandle(ScopedHandler.java:193)
	at org.eclipse.jetty.ee9.nested.ContextHandler.doHandle(ContextHandler.java:1041)
	at org.eclipse.jetty.ee9.nested.ScopedHandler.nextScope(ScopedHandler.java:162)
	at org.eclipse.jetty.ee9.servlet.ServletHandler.doScope(ServletHandler.java:483)
	at ring.adapter.jetty.proxy$org.eclipse.jetty.ee9.servlet.ServletHandler$ff19274a.doScope(Unknown Source)
	at org.eclipse.jetty.ee9.nested.ScopedHandler.nextScope(ScopedHandler.java:160)
	at org.eclipse.jetty.ee9.nested.ContextHandler.doScope(ContextHandler.java:962)
	at org.eclipse.jetty.ee9.nested.ScopedHandler.handle(ScopedHandler.java:123)
	at org.eclipse.jetty.ee9.nested.ContextHandler.handle(ContextHandler.java:1723)
	at org.eclipse.jetty.ee9.nested.HttpChannel$RequestDispatchable.dispatch(HttpChannel.java:1581)
	at org.eclipse.jetty.ee9.nested.HttpChannel.dispatch(HttpChannel.java:733)
	at org.eclipse.jetty.ee9.nested.HttpChannel.handle(HttpChannel.java:520)
	at org.eclipse.jetty.ee9.nested.ContextHandler$CoreContextHandler$CoreToNestedHandler.handle(ContextHandler.java:3048)
	at org.eclipse.jetty.server.handler.ContextHandler.handle(ContextHandler.java:1174)
	at org.eclipse.jetty.server.Server.handle(Server.java:182)
	at org.eclipse.jetty.server.internal.HttpChannelState$HandlerInvoker.run(HttpChannelState.java:682)
	at org.eclipse.jetty.server.internal.HttpConnection.onFillable(HttpConnection.java:411)
	at org.eclipse.jetty.server.internal.HttpConnection$FillableCallback.succeeded(HttpConnection.java:1819)
	at org.eclipse.jetty.io.FillInterest.fillable(FillInterest.java:99)
	at org.eclipse.jetty.io.SelectableChannelEndPoint$1.run(SelectableChannelEndPoint.java:54)
	at org.eclipse.jetty.util.thread.strategy.AdaptiveExecutionStrategy.runTask(AdaptiveExecutionStrategy.java:521)
	at org.eclipse.jetty.util.thread.strategy.AdaptiveExecutionStrategy.epcRunTask(AdaptiveExecutionStrategy.java:492)
	at org.eclipse.jetty.util.thread.strategy.AdaptiveExecutionStrategy.consumeTask(AdaptiveExecutionStrategy.java:447)
	at org.eclipse.jetty.util.thread.strategy.AdaptiveExecutionStrategy.tryProduce(AdaptiveExecutionStrategy.java:297)
	at org.eclipse.jetty.util.thread.strategy.AdaptiveExecutionStrategy.run(AdaptiveExecutionStrategy.java:202)
	at org.eclipse.jetty.util.thread.ReservedThreadExecutor$ReservedThread.run(ReservedThreadExecutor.java:312)
	at org.eclipse.jetty.util.thread.QueuedThreadPool.runJob(QueuedThreadPool.java:999)
	at org.eclipse.jetty.util.thread.QueuedThreadPool$Runner.doRunJob(QueuedThreadPool.java:1229)
	at org.eclipse.jetty.util.thread.QueuedThreadPool$Runner.run(QueuedThreadPool.java:1184)
	at java.base/java.lang.Thread.run(Thread.java:1474)
Caused by: org.sqlite.SQLiteException: [SQLITE_ERROR] SQL error or missing database (near "ILIKE": syntax error)
	at org.sqlite.core.DB.newSQLException(DB.java:1179)
	at org.sqlite.core.DB.newSQLException(DB.java:1190)
	at org.sqlite.core.DB.throwex(DB.java:1150)
	at org.sqlite.core.NativeDB.prepare_utf8(Native Method)
	at org.sqlite.core.NativeDB.prepare(NativeDB.java:135)
	at org.sqlite.core.DB.prepare(DB.java:264)
	at org.sqlite.core.CorePreparedStatement.<init>(CorePreparedStatement.java:46)
	at org.sqlite.jdbc3.JDBC3PreparedStatement.<init>(JDBC3PreparedStatement.java:32)
	at org.sqlite.jdbc4.JDBC4PreparedStatement.<init>(JDBC4PreparedStatement.java:28)
	at org.sqlite.jdbc4.JDBC4Connection.prepareStatement(JDBC4Connection.java:34)
	at org.sqlite.jdbc3.JDBC3Connection.prepareStatement(JDBC3Connection.java:225)
	at org.sqlite.jdbc3.JDBC3Connection.prepareStatement(JDBC3Connection.java:205)
	at com.zaxxer.hikari.pool.ProxyConnection.prepareStatement(ProxyConnection.java:328)
	at com.zaxxer.hikari.pool.HikariProxyConnection.prepareStatement(HikariProxyConnection.java)
	at next.jdbc.prepare$create.invokeStatic(prepare.clj:134)
	at next.jdbc.prepare$create.invoke(prepare.clj:84)
	at next.jdbc.result_set$eval3442$fn__3450.invoke(result_set.clj:943)
	at next.jdbc.protocols$eval2472$fn__2488$G__2463__2497.invoke(protocols.clj:34)
	at next.jdbc$execute_BANG_.invokeStatic(jdbc.clj:272)
	at next.jdbc$execute_BANG_.invoke(jdbc.clj:254)
	at boundary.platform.shell.adapters.database.common.execution$execute_query_BANG_.invokeStatic(execution.clj:94)
	... 73 common frames omitted
2026-03-18 14:18:47.903 INFO  [SECURITY] eventType= severity= corr= tenant= user= - Processing authentication request {:uri /web/admin/products/table, :method :get, :has-session true, :has-bearer false, :cookies (session-token Idea-2e373df0), :session-token-value BhM8Cwbl}
2026-03-18 14:18:47.904 INFO  [SECURITY] eventType= severity= corr= tenant= user= - Attempting session authentication {:token-preview BhM8Cwbl}
2026-03-18 14:18:47.904 INFO  [SECURITY] eventType= severity= corr= tenant= user= - Validating session token {:session-token BhM8Cwbl1zkLk6sqYHoX26wku8dcIqbZ1rFLsPR33iE=, :uri /web/admin/products/table}
2026-03-18 14:18:47.906 INFO  [SECURITY] eventType= severity= corr= tenant= user= - Database operation successful: find-session-by-token {:session-token BhM8Cwbl1zkLk6sqYHoX26wku8dcIqbZ1rFLsPR33iE=, :duration-ms 1.624458}
2026-03-18 14:18:47.907 INFO  [SECURITY] eventType= severity= corr= tenant= user= - Database operation successful: update-session {:session-entity {:expires-at #object[java.time.Instant 0xfded773 2026-03-19T13:18:29.499318Z], :user-agent Mozilla/5.0 (Macintosh; Intel Mac OS X 10_15_7) AppleWebKit/605.1.15 (KHTML, like Gecko) Version/26.3.1 Safari/605.1.15, :session-token BhM8Cwbl1zkLk6sqYHoX26wku8dcIqbZ1rFLsPR33iE=, :user-id #uuid "3b38c2f4-634a-42fb-afd3-6c588eba95d2", :last-accessed-at #object[java.time.Instant 0x67d1749 2026-03-18T13:18:47.906746Z], :id #uuid "ac498adc-5eea-4ca5-91cf-9b609244885b", :revoked-at nil, :created-at #object[java.time.Instant 0x315d592f 2026-03-18T13:18:29.493663Z], :ip-address [0:0:0:0:0:0:0:1]}, :duration-ms 0.474458}
2026-03-18 14:18:47.907 INFO  [SECURITY] eventType= severity= corr= tenant= user= - Session validation successful {:user-id #uuid "3b38c2f4-634a-42fb-afd3-6c588eba95d2"}
2026-03-18 14:18:47.908 INFO  [SECURITY] eventType= severity= corr= tenant= user= - Database operation successful: find-user-by-id {:user-id #uuid "3b38c2f4-634a-42fb-afd3-6c588eba95d2", :duration-ms 0.812583}
2026-03-18 14:18:47.910 ERROR [SECURITY] eventType= severity= corr= tenant= user= - Query failed {:adapter nil, :sql SELECT * FROM products WHERE (name ILIKE ?) ORDER BY name ASC LIMIT ? OFFSET ?, :error [SQLITE_ERROR] SQL error or missing database (near "ILIKE": syntax error)}
2026-03-18 14:18:47.910 ERROR [SECURITY] eventType= severity= corr= tenant= user= - Database operation failed: admin-list-entities {:operation admin-list-entities}
clojure.lang.ExceptionInfo: Database query failed {:adapter nil, :sql "SELECT * FROM products WHERE (name ILIKE ?) ORDER BY name ASC LIMIT ? OFFSET ?", :params ("%%" 20 0), :original-error "[SQLITE_ERROR] SQL error or missing database (near \"ILIKE\": syntax error)"}
	at boundary.platform.shell.adapters.database.common.execution$execute_query_BANG_.invokeStatic(execution.clj:129)
	at boundary.platform.shell.adapters.database.common.execution$execute_query_BANG_.invoke(execution.clj:52)
	at boundary.admin.shell.service.AdminService$fn__24187.invoke(service.clj:275)
	at boundary.platform.shell.persistence_interceptors$create_persistence_pipeline$fn__17423.invoke(persistence_interceptors.clj:179)
	at boundary.core.interceptor$execute_interceptor_fn.invokeStatic(interceptor.clj:31)
	at boundary.core.interceptor$execute_interceptor_fn.invoke(interceptor.clj:22)
	at boundary.core.interceptor$run_enter_phase$fn__17314.invoke(interceptor.clj:58)
	at clojure.lang.ArrayChunk.reduce(ArrayChunk.java:60)
	at clojure.core.protocols$fn__8274.invokeStatic(protocols.clj:135)
	at clojure.core.protocols$fn__8274.invoke(protocols.clj:123)
	at clojure.core.protocols$fn__8233$G__8228__8242.invoke(protocols.clj:19)
	at clojure.core.protocols$seq_reduce.invokeStatic(protocols.clj:31)
	at clojure.core.protocols$fn__8266.invokeStatic(protocols.clj:74)
	at clojure.core.protocols$fn__8266.invoke(protocols.clj:74)
	at clojure.core.protocols$fn__8207$G__8202__8220.invoke(protocols.clj:13)
	at clojure.core$reduce.invokeStatic(core.clj:6965)
	at clojure.core$reduce.invoke(core.clj:6947)
	at boundary.core.interceptor$run_enter_phase.invokeStatic(interceptor.clj:51)
	at boundary.core.interceptor$run_enter_phase.invoke(interceptor.clj:45)
	at boundary.core.interceptor$run_pipeline.invokeStatic(interceptor.clj:104)
	at boundary.core.interceptor$run_pipeline.invoke(interceptor.clj:85)
	at boundary.platform.shell.persistence_interceptors$execute_persistence_operation.invokeStatic(persistence_interceptors.clj:222)
	at boundary.platform.shell.persistence_interceptors$execute_persistence_operation.doInvoke(persistence_interceptors.clj:189)
	at clojure.lang.RestFn.invoke(RestFn.java:473)
	at boundary.admin.shell.service.AdminService.list_entities(service.clj:222)
	at boundary.admin.shell.http$entity_table_fragment_handler$fn__26055.invoke(http.clj:552)
	at boundary.user.shell.middleware$session_authentication_middleware$fn__25915.invoke(middleware.clj:181)
	at boundary.user.shell.middleware$flexible_authentication_middleware$fn__25931.invoke(middleware.clj:249)
	at reitit.ring$ring_handler$fn__7042.invoke(ring.cljc:388)
	at clojure.lang.AFn.applyToHelper(AFn.java:154)
	at clojure.lang.AFn.applyTo(AFn.java:144)
	at clojure.lang.AFunction$1.doInvoke(AFunction.java:33)
	at clojure.lang.RestFn.invoke(RestFn.java:411)
	at boundary.admin.shell.http$wrap_method_override$fn__25952.invoke(http.clj:57)
	at ring.middleware.params$wrap_params$fn__4637.invoke(params.clj:75)
	at ring.middleware.cookies$wrap_cookies$fn__4558.invoke(cookies.clj:198)
	at ecommerce.shared.http.middleware$wrap_json_body$fn__13573.invoke(middleware.clj:31)
	at ecommerce.shared.http.middleware$wrap_session_id$fn__13577.invoke(middleware.clj:44)
	at ecommerce.shared.http.middleware$wrap_cors$fn__13584.invoke(middleware.clj:82)
	at ring.middleware.resource$wrap_resource_prefer_resources$fn__4823.invoke(resource.clj:25)
	at ecommerce.shared.http.middleware$wrap_exception_handler$fn__13581.invoke(middleware.clj:57)
	at ecommerce.shared.http.middleware$wrap_request_logging$fn__13587.invoke(middleware.clj:94)
	at ring.adapter.jetty$proxy_handler$fn__4203.invoke(jetty.clj:115)
	at ring.adapter.jetty.proxy$org.eclipse.jetty.ee9.servlet.ServletHandler$ff19274a.doHandle(Unknown Source)
	at org.eclipse.jetty.ee9.nested.ScopedHandler.nextHandle(ScopedHandler.java:193)
	at org.eclipse.jetty.ee9.nested.ContextHandler.doHandle(ContextHandler.java:1041)
	at org.eclipse.jetty.ee9.nested.ScopedHandler.nextScope(ScopedHandler.java:162)
	at org.eclipse.jetty.ee9.servlet.ServletHandler.doScope(ServletHandler.java:483)
	at ring.adapter.jetty.proxy$org.eclipse.jetty.ee9.servlet.ServletHandler$ff19274a.doScope(Unknown Source)
	at org.eclipse.jetty.ee9.nested.ScopedHandler.nextScope(ScopedHandler.java:160)
	at org.eclipse.jetty.ee9.nested.ContextHandler.doScope(ContextHandler.java:962)
	at org.eclipse.jetty.ee9.nested.ScopedHandler.handle(ScopedHandler.java:123)
	at org.eclipse.jetty.ee9.nested.ContextHandler.handle(ContextHandler.java:1723)
	at org.eclipse.jetty.ee9.nested.HttpChannel$RequestDispatchable.dispatch(HttpChannel.java:1581)
	at org.eclipse.jetty.ee9.nested.HttpChannel.dispatch(HttpChannel.java:733)
	at org.eclipse.jetty.ee9.nested.HttpChannel.handle(HttpChannel.java:520)
	at org.eclipse.jetty.ee9.nested.ContextHandler$CoreContextHandler$CoreToNestedHandler.handle(ContextHandler.java:3048)
	at org.eclipse.jetty.server.handler.ContextHandler.handle(ContextHandler.java:1174)
	at org.eclipse.jetty.server.Server.handle(Server.java:182)
	at org.eclipse.jetty.server.internal.HttpChannelState$HandlerInvoker.run(HttpChannelState.java:682)
	at org.eclipse.jetty.server.internal.HttpConnection.onFillable(HttpConnection.java:411)
	at org.eclipse.jetty.server.internal.HttpConnection$FillableCallback.succeeded(HttpConnection.java:1819)
	at org.eclipse.jetty.io.FillInterest.fillable(FillInterest.java:99)
	at org.eclipse.jetty.io.SelectableChannelEndPoint$1.run(SelectableChannelEndPoint.java:54)
	at org.eclipse.jetty.util.thread.strategy.AdaptiveExecutionStrategy.runTask(AdaptiveExecutionStrategy.java:521)
	at org.eclipse.jetty.util.thread.strategy.AdaptiveExecutionStrategy.epcRunTask(AdaptiveExecutionStrategy.java:492)
	at org.eclipse.jetty.util.thread.strategy.AdaptiveExecutionStrategy.consumeTask(AdaptiveExecutionStrategy.java:447)
	at org.eclipse.jetty.util.thread.strategy.AdaptiveExecutionStrategy.tryProduce(AdaptiveExecutionStrategy.java:297)
	at org.eclipse.jetty.util.thread.strategy.AdaptiveExecutionStrategy.run(AdaptiveExecutionStrategy.java:202)
	at org.eclipse.jetty.util.thread.ReservedThreadExecutor$ReservedThread.run(ReservedThreadExecutor.java:312)
	at org.eclipse.jetty.util.thread.QueuedThreadPool.runJob(QueuedThreadPool.java:999)
	at org.eclipse.jetty.util.thread.QueuedThreadPool$Runner.doRunJob(QueuedThreadPool.java:1229)
	at org.eclipse.jetty.util.thread.QueuedThreadPool$Runner.run(QueuedThreadPool.java:1184)
	at java.base/java.lang.Thread.run(Thread.java:1474)
Caused by: org.sqlite.SQLiteException: [SQLITE_ERROR] SQL error or missing database (near "ILIKE": syntax error)
	at org.sqlite.core.DB.newSQLException(DB.java:1179)
	at org.sqlite.core.DB.newSQLException(DB.java:1190)
	at org.sqlite.core.DB.throwex(DB.java:1150)
	at org.sqlite.core.NativeDB.prepare_utf8(Native Method)
	at org.sqlite.core.NativeDB.prepare(NativeDB.java:135)
	at org.sqlite.core.DB.prepare(DB.java:264)
	at org.sqlite.core.CorePreparedStatement.<init>(CorePreparedStatement.java:46)
	at org.sqlite.jdbc3.JDBC3PreparedStatement.<init>(JDBC3PreparedStatement.java:32)
	at org.sqlite.jdbc4.JDBC4PreparedStatement.<init>(JDBC4PreparedStatement.java:28)
	at org.sqlite.jdbc4.JDBC4Connection.prepareStatement(JDBC4Connection.java:34)
	at org.sqlite.jdbc3.JDBC3Connection.prepareStatement(JDBC3Connection.java:225)
	at org.sqlite.jdbc3.JDBC3Connection.prepareStatement(JDBC3Connection.java:205)
	at com.zaxxer.hikari.pool.ProxyConnection.prepareStatement(ProxyConnection.java:328)
	at com.zaxxer.hikari.pool.HikariProxyConnection.prepareStatement(HikariProxyConnection.java)
	at next.jdbc.prepare$create.invokeStatic(prepare.clj:134)
	at next.jdbc.prepare$create.invoke(prepare.clj:84)
	at next.jdbc.result_set$eval3442$fn__3450.invoke(result_set.clj:943)
	at next.jdbc.protocols$eval2472$fn__2488$G__2463__2497.invoke(protocols.clj:34)
	at next.jdbc$execute_BANG_.invokeStatic(jdbc.clj:272)
	at next.jdbc$execute_BANG_.invoke(jdbc.clj:254)
	at boundary.platform.shell.adapters.database.common.execution$execute_query_BANG_.invokeStatic(execution.clj:94)
	... 73 common frames omitted
2026-03-18 14:18:54.414 INFO  [SECURITY] eventType= severity= corr= tenant= user= - Processing authentication request {:uri /web/admin/products/table, :method :get, :has-session true, :has-bearer false, :cookies (session-token Idea-2e373df0), :session-token-value BhM8Cwbl}
2026-03-18 14:18:54.415 INFO  [SECURITY] eventType= severity= corr= tenant= user= - Attempting session authentication {:token-preview BhM8Cwbl}
2026-03-18 14:18:54.415 INFO  [SECURITY] eventType= severity= corr= tenant= user= - Validating session token {:session-token BhM8Cwbl1zkLk6sqYHoX26wku8dcIqbZ1rFLsPR33iE=, :uri /web/admin/products/table}
2026-03-18 14:18:54.418 INFO  [SECURITY] eventType= severity= corr= tenant= user= - Database operation successful: find-session-by-token {:session-token BhM8Cwbl1zkLk6sqYHoX26wku8dcIqbZ1rFLsPR33iE=, :duration-ms 2.632417}
2026-03-18 14:18:54.420 INFO  [SECURITY] eventType= severity= corr= tenant= user= - Database operation successful: update-session {:session-entity {:expires-at #object[java.time.Instant 0x397f90db 2026-03-19T13:18:29.499318Z], :user-agent Mozilla/5.0 (Macintosh; Intel Mac OS X 10_15_7) AppleWebKit/605.1.15 (KHTML, like Gecko) Version/26.3.1 Safari/605.1.15, :session-token BhM8Cwbl1zkLk6sqYHoX26wku8dcIqbZ1rFLsPR33iE=, :user-id #uuid "3b38c2f4-634a-42fb-afd3-6c588eba95d2", :last-accessed-at #object[java.time.Instant 0x1829dacf 2026-03-18T13:18:54.418396Z], :id #uuid "ac498adc-5eea-4ca5-91cf-9b609244885b", :revoked-at nil, :created-at #object[java.time.Instant 0x7d9a8de2 2026-03-18T13:18:29.493663Z], :ip-address [0:0:0:0:0:0:0:1]}, :duration-ms 1.23675}
2026-03-18 14:18:54.420 INFO  [SECURITY] eventType= severity= corr= tenant= user= - Session validation successful {:user-id #uuid "3b38c2f4-634a-42fb-afd3-6c588eba95d2"}
2026-03-18 14:18:54.421 INFO  [SECURITY] eventType= severity= corr= tenant= user= - Database operation successful: find-user-by-id {:user-id #uuid "3b38c2f4-634a-42fb-afd3-6c588eba95d2", :duration-ms 1.06825}
2026-03-18 14:18:54.423 INFO  [SECURITY] eventType= severity= corr= tenant= user= - Database operation successful: admin-list-entities {:entity products, :limit nil, :offset nil, :duration-ms 1.267583}
2026-03-18 14:18:59.625 INFO  [SECURITY] eventType= severity= corr= tenant= user= - Processing authentication request {:uri /web/admin/products/table, :method :get, :has-session true, :has-bearer false, :cookies (session-token Idea-2e373df0), :session-token-value BhM8Cwbl}
2026-03-18 14:18:59.626 INFO  [SECURITY] eventType= severity= corr= tenant= user= - Attempting session authentication {:token-preview BhM8Cwbl}
2026-03-18 14:18:59.627 INFO  [SECURITY] eventType= severity= corr= tenant= user= - Validating session token {:session-token BhM8Cwbl1zkLk6sqYHoX26wku8dcIqbZ1rFLsPR33iE=, :uri /web/admin/products/table}
2026-03-18 14:18:59.633 INFO  [SECURITY] eventType= severity= corr= tenant= user= - Database operation successful: find-session-by-token {:session-token BhM8Cwbl1zkLk6sqYHoX26wku8dcIqbZ1rFLsPR33iE=, :duration-ms 5.235083}
2026-03-18 14:18:59.635 INFO  [SECURITY] eventType= severity= corr= tenant= user= - Database operation successful: update-session {:session-entity {:expires-at #object[java.time.Instant 0x6b1b916b 2026-03-19T13:18:29.499318Z], :user-agent Mozilla/5.0 (Macintosh; Intel Mac OS X 10_15_7) AppleWebKit/605.1.15 (KHTML, like Gecko) Version/26.3.1 Safari/605.1.15, :session-token BhM8Cwbl1zkLk6sqYHoX26wku8dcIqbZ1rFLsPR33iE=, :user-id #uuid "3b38c2f4-634a-42fb-afd3-6c588eba95d2", :last-accessed-at #object[java.time.Instant 0x742000c2 2026-03-18T13:18:59.633219Z], :id #uuid "ac498adc-5eea-4ca5-91cf-9b609244885b", :revoked-at nil, :created-at #object[java.time.Instant 0x2356d8b7 2026-03-18T13:18:29.493663Z], :ip-address [0:0:0:0:0:0:0:1]}, :duration-ms 1.587584}
2026-03-18 14:18:59.635 INFO  [SECURITY] eventType= severity= corr= tenant= user= - Session validation successful {:user-id #uuid "3b38c2f4-634a-42fb-afd3-6c588eba95d2"}
2026-03-18 14:18:59.636 INFO  [SECURITY] eventType= severity= corr= tenant= user= - Database operation successful: find-user-by-id {:user-id #uuid "3b38c2f4-634a-42fb-afd3-6c588eba95d2", :duration-ms 1.369125}
2026-03-18 14:18:59.638 ERROR [SECURITY] eventType= severity= corr= tenant= user= - Query failed {:adapter nil, :sql SELECT * FROM products WHERE (name ILIKE ?) ORDER BY name ASC LIMIT ? OFFSET ?, :error [SQLITE_ERROR] SQL error or missing database (near "ILIKE": syntax error)}
2026-03-18 14:18:59.639 ERROR [SECURITY] eventType= severity= corr= tenant= user= - Database operation failed: admin-list-entities {:operation admin-list-entities}
clojure.lang.ExceptionInfo: Database query failed {:adapter nil, :sql "SELECT * FROM products WHERE (name ILIKE ?) ORDER BY name ASC LIMIT ? OFFSET ?", :params ("%C%" 20 0), :original-error "[SQLITE_ERROR] SQL error or missing database (near \"ILIKE\": syntax error)"}
	at boundary.platform.shell.adapters.database.common.execution$execute_query_BANG_.invokeStatic(execution.clj:129)
	at boundary.platform.shell.adapters.database.common.execution$execute_query_BANG_.invoke(execution.clj:52)
	at boundary.admin.shell.service.AdminService$fn__24187.invoke(service.clj:275)
	at boundary.platform.shell.persistence_interceptors$create_persistence_pipeline$fn__17423.invoke(persistence_interceptors.clj:179)
	at boundary.core.interceptor$execute_interceptor_fn.invokeStatic(interceptor.clj:31)
	at boundary.core.interceptor$execute_interceptor_fn.invoke(interceptor.clj:22)
	at boundary.core.interceptor$run_enter_phase$fn__17314.invoke(interceptor.clj:58)
	at clojure.lang.ArrayChunk.reduce(ArrayChunk.java:60)
	at clojure.core.protocols$fn__8274.invokeStatic(protocols.clj:135)
	at clojure.core.protocols$fn__8274.invoke(protocols.clj:123)
	at clojure.core.protocols$fn__8233$G__8228__8242.invoke(protocols.clj:19)
	at clojure.core.protocols$seq_reduce.invokeStatic(protocols.clj:31)
	at clojure.core.protocols$fn__8266.invokeStatic(protocols.clj:74)
	at clojure.core.protocols$fn__8266.invoke(protocols.clj:74)
	at clojure.core.protocols$fn__8207$G__8202__8220.invoke(protocols.clj:13)
	at clojure.core$reduce.invokeStatic(core.clj:6965)
	at clojure.core$reduce.invoke(core.clj:6947)
	at boundary.core.interceptor$run_enter_phase.invokeStatic(interceptor.clj:51)
	at boundary.core.interceptor$run_enter_phase.invoke(interceptor.clj:45)
	at boundary.core.interceptor$run_pipeline.invokeStatic(interceptor.clj:104)
	at boundary.core.interceptor$run_pipeline.invoke(interceptor.clj:85)
	at boundary.platform.shell.persistence_interceptors$execute_persistence_operation.invokeStatic(persistence_interceptors.clj:222)
	at boundary.platform.shell.persistence_interceptors$execute_persistence_operation.doInvoke(persistence_interceptors.clj:189)
	at clojure.lang.RestFn.invoke(RestFn.java:473)
	at boundary.admin.shell.service.AdminService.list_entities(service.clj:222)
	at boundary.admin.shell.http$entity_table_fragment_handler$fn__26055.invoke(http.clj:552)
	at boundary.user.shell.middleware$session_authentication_middleware$fn__25915.invoke(middleware.clj:181)
	at boundary.user.shell.middleware$flexible_authentication_middleware$fn__25931.invoke(middleware.clj:249)
	at reitit.ring$ring_handler$fn__7042.invoke(ring.cljc:388)
	at clojure.lang.AFn.applyToHelper(AFn.java:154)
	at clojure.lang.AFn.applyTo(AFn.java:144)
	at clojure.lang.AFunction$1.doInvoke(AFunction.java:33)
	at clojure.lang.RestFn.invoke(RestFn.java:411)
	at boundary.admin.shell.http$wrap_method_override$fn__25952.invoke(http.clj:57)
	at ring.middleware.params$wrap_params$fn__4637.invoke(params.clj:75)
	at ring.middleware.cookies$wrap_cookies$fn__4558.invoke(cookies.clj:198)
	at ecommerce.shared.http.middleware$wrap_json_body$fn__13573.invoke(middleware.clj:31)
	at ecommerce.shared.http.middleware$wrap_session_id$fn__13577.invoke(middleware.clj:44)
	at ecommerce.shared.http.middleware$wrap_cors$fn__13584.invoke(middleware.clj:82)
	at ring.middleware.resource$wrap_resource_prefer_resources$fn__4823.invoke(resource.clj:25)
	at ecommerce.shared.http.middleware$wrap_exception_handler$fn__13581.invoke(middleware.clj:57)
	at ecommerce.shared.http.middleware$wrap_request_logging$fn__13587.invoke(middleware.clj:94)
	at ring.adapter.jetty$proxy_handler$fn__4203.invoke(jetty.clj:115)
	at ring.adapter.jetty.proxy$org.eclipse.jetty.ee9.servlet.ServletHandler$ff19274a.doHandle(Unknown Source)
	at org.eclipse.jetty.ee9.nested.ScopedHandler.nextHandle(ScopedHandler.java:193)
	at org.eclipse.jetty.ee9.nested.ContextHandler.doHandle(ContextHandler.java:1041)
	at org.eclipse.jetty.ee9.nested.ScopedHandler.nextScope(ScopedHandler.java:162)
	at org.eclipse.jetty.ee9.servlet.ServletHandler.doScope(ServletHandler.java:483)
	at ring.adapter.jetty.proxy$org.eclipse.jetty.ee9.servlet.ServletHandler$ff19274a.doScope(Unknown Source)
	at org.eclipse.jetty.ee9.nested.ScopedHandler.nextScope(ScopedHandler.java:160)
	at org.eclipse.jetty.ee9.nested.ContextHandler.doScope(ContextHandler.java:962)
	at org.eclipse.jetty.ee9.nested.ScopedHandler.handle(ScopedHandler.java:123)
	at org.eclipse.jetty.ee9.nested.ContextHandler.handle(ContextHandler.java:1723)
	at org.eclipse.jetty.ee9.nested.HttpChannel$RequestDispatchable.dispatch(HttpChannel.java:1581)
	at org.eclipse.jetty.ee9.nested.HttpChannel.dispatch(HttpChannel.java:733)
	at org.eclipse.jetty.ee9.nested.HttpChannel.handle(HttpChannel.java:520)
	at org.eclipse.jetty.ee9.nested.ContextHandler$CoreContextHandler$CoreToNestedHandler.handle(ContextHandler.java:3048)
	at org.eclipse.jetty.server.handler.ContextHandler.handle(ContextHandler.java:1174)
	at org.eclipse.jetty.server.Server.handle(Server.java:182)
	at org.eclipse.jetty.server.internal.HttpChannelState$HandlerInvoker.run(HttpChannelState.java:682)
	at org.eclipse.jetty.server.internal.HttpConnection.onFillable(HttpConnection.java:411)
	at org.eclipse.jetty.server.internal.HttpConnection$FillableCallback.succeeded(HttpConnection.java:1819)
	at org.eclipse.jetty.io.FillInterest.fillable(FillInterest.java:99)
	at org.eclipse.jetty.io.SelectableChannelEndPoint$1.run(SelectableChannelEndPoint.java:54)
	at org.eclipse.jetty.util.thread.strategy.AdaptiveExecutionStrategy.runTask(AdaptiveExecutionStrategy.java:521)
	at org.eclipse.jetty.util.thread.strategy.AdaptiveExecutionStrategy.epcRunTask(AdaptiveExecutionStrategy.java:492)
	at org.eclipse.jetty.util.thread.strategy.AdaptiveExecutionStrategy.consumeTask(AdaptiveExecutionStrategy.java:447)
	at org.eclipse.jetty.util.thread.strategy.AdaptiveExecutionStrategy.tryProduce(AdaptiveExecutionStrategy.java:297)
	at org.eclipse.jetty.util.thread.strategy.AdaptiveExecutionStrategy.run(AdaptiveExecutionStrategy.java:202)
	at org.eclipse.jetty.util.thread.ReservedThreadExecutor$ReservedThread.run(ReservedThreadExecutor.java:312)
	at org.eclipse.jetty.util.thread.QueuedThreadPool.runJob(QueuedThreadPool.java:999)
	at org.eclipse.jetty.util.thread.QueuedThreadPool$Runner.doRunJob(QueuedThreadPool.java:1229)
	at org.eclipse.jetty.util.thread.QueuedThreadPool$Runner.run(QueuedThreadPool.java:1184)
	at java.base/java.lang.Thread.run(Thread.java:1474)
Caused by: org.sqlite.SQLiteException: [SQLITE_ERROR] SQL error or missing database (near "ILIKE": syntax error)
	at org.sqlite.core.DB.newSQLException(DB.java:1179)
	at org.sqlite.core.DB.newSQLException(DB.java:1190)
	at org.sqlite.core.DB.throwex(DB.java:1150)
	at org.sqlite.core.NativeDB.prepare_utf8(Native Method)
	at org.sqlite.core.NativeDB.prepare(NativeDB.java:135)
	at org.sqlite.core.DB.prepare(DB.java:264)
	at org.sqlite.core.CorePreparedStatement.<init>(CorePreparedStatement.java:46)
	at org.sqlite.jdbc3.JDBC3PreparedStatement.<init>(JDBC3PreparedStatement.java:32)
	at org.sqlite.jdbc4.JDBC4PreparedStatement.<init>(JDBC4PreparedStatement.java:28)
	at org.sqlite.jdbc4.JDBC4Connection.prepareStatement(JDBC4Connection.java:34)
	at org.sqlite.jdbc3.JDBC3Connection.prepareStatement(JDBC3Connection.java:225)
	at org.sqlite.jdbc3.JDBC3Connection.prepareStatement(JDBC3Connection.java:205)
	at com.zaxxer.hikari.pool.ProxyConnection.prepareStatement(ProxyConnection.java:328)
	at com.zaxxer.hikari.pool.HikariProxyConnection.prepareStatement(HikariProxyConnection.java)
	at next.jdbc.prepare$create.invokeStatic(prepare.clj:134)
	at next.jdbc.prepare$create.invoke(prepare.clj:84)
	at next.jdbc.result_set$eval3442$fn__3450.invoke(result_set.clj:943)
	at next.jdbc.protocols$eval2472$fn__2488$G__2463__2497.invoke(protocols.clj:34)
	at next.jdbc$execute_BANG_.invokeStatic(jdbc.clj:272)
	at next.jdbc$execute_BANG_.invoke(jdbc.clj:254)
	at boundary.platform.shell.adapters.database.common.execution$execute_query_BANG_.invokeStatic(execution.clj:94)
	... 73 common frames omitted
2026-03-18 14:19:00.021 INFO  [SECURITY] eventType= severity= corr= tenant= user= - Processing authentication request {:uri /web/admin/products/table, :method :get, :has-session true, :has-bearer false, :cookies (session-token Idea-2e373df0), :session-token-value BhM8Cwbl}
2026-03-18 14:19:00.021 INFO  [SECURITY] eventType= severity= corr= tenant= user= - Attempting session authentication {:token-preview BhM8Cwbl}
2026-03-18 14:19:00.021 INFO  [SECURITY] eventType= severity= corr= tenant= user= - Validating session token {:session-token BhM8Cwbl1zkLk6sqYHoX26wku8dcIqbZ1rFLsPR33iE=, :uri /web/admin/products/table}
2026-03-18 14:19:00.024 INFO  [SECURITY] eventType= severity= corr= tenant= user= - Database operation successful: find-session-by-token {:session-token BhM8Cwbl1zkLk6sqYHoX26wku8dcIqbZ1rFLsPR33iE=, :duration-ms 2.253625}
2026-03-18 14:19:00.025 INFO  [SECURITY] eventType= severity= corr= tenant= user= - Database operation successful: update-session {:session-entity {:expires-at #object[java.time.Instant 0x4fecf71e 2026-03-19T13:18:29.499318Z], :user-agent Mozilla/5.0 (Macintosh; Intel Mac OS X 10_15_7) AppleWebKit/605.1.15 (KHTML, like Gecko) Version/26.3.1 Safari/605.1.15, :session-token BhM8Cwbl1zkLk6sqYHoX26wku8dcIqbZ1rFLsPR33iE=, :user-id #uuid "3b38c2f4-634a-42fb-afd3-6c588eba95d2", :last-accessed-at #object[java.time.Instant 0x36149ba1 2026-03-18T13:19:00.024545Z], :id #uuid "ac498adc-5eea-4ca5-91cf-9b609244885b", :revoked-at nil, :created-at #object[java.time.Instant 0x5401e460 2026-03-18T13:18:29.493663Z], :ip-address [0:0:0:0:0:0:0:1]}, :duration-ms 0.790291}
2026-03-18 14:19:00.025 INFO  [SECURITY] eventType= severity= corr= tenant= user= - Session validation successful {:user-id #uuid "3b38c2f4-634a-42fb-afd3-6c588eba95d2"}
2026-03-18 14:19:00.027 INFO  [SECURITY] eventType= severity= corr= tenant= user= - Database operation successful: find-user-by-id {:user-id #uuid "3b38c2f4-634a-42fb-afd3-6c588eba95d2", :duration-ms 1.444625}
2026-03-18 14:19:00.029 ERROR [SECURITY] eventType= severity= corr= tenant= user= - Query failed {:adapter nil, :sql SELECT * FROM products WHERE (name ILIKE ?) ORDER BY name ASC LIMIT ? OFFSET ?, :error [SQLITE_ERROR] SQL error or missing database (near "ILIKE": syntax error)}
2026-03-18 14:19:00.029 ERROR [SECURITY] eventType= severity= corr= tenant= user= - Database operation failed: admin-list-entities {:operation admin-list-entities}
clojure.lang.ExceptionInfo: Database query failed {:adapter nil, :sql "SELECT * FROM products WHERE (name ILIKE ?) ORDER BY name ASC LIMIT ? OFFSET ?", :params ("%Cl%" 20 0), :original-error "[SQLITE_ERROR] SQL error or missing database (near \"ILIKE\": syntax error)"}
	at boundary.platform.shell.adapters.database.common.execution$execute_query_BANG_.invokeStatic(execution.clj:129)
	at boundary.platform.shell.adapters.database.common.execution$execute_query_BANG_.invoke(execution.clj:52)
	at boundary.admin.shell.service.AdminService$fn__24187.invoke(service.clj:275)
	at boundary.platform.shell.persistence_interceptors$create_persistence_pipeline$fn__17423.invoke(persistence_interceptors.clj:179)
	at boundary.core.interceptor$execute_interceptor_fn.invokeStatic(interceptor.clj:31)
	at boundary.core.interceptor$execute_interceptor_fn.invoke(interceptor.clj:22)
	at boundary.core.interceptor$run_enter_phase$fn__17314.invoke(interceptor.clj:58)
	at clojure.lang.ArrayChunk.reduce(ArrayChunk.java:60)
	at clojure.core.protocols$fn__8274.invokeStatic(protocols.clj:135)
	at clojure.core.protocols$fn__8274.invoke(protocols.clj:123)
	at clojure.core.protocols$fn__8233$G__8228__8242.invoke(protocols.clj:19)
	at clojure.core.protocols$seq_reduce.invokeStatic(protocols.clj:31)
	at clojure.core.protocols$fn__8266.invokeStatic(protocols.clj:74)
	at clojure.core.protocols$fn__8266.invoke(protocols.clj:74)
	at clojure.core.protocols$fn__8207$G__8202__8220.invoke(protocols.clj:13)
	at clojure.core$reduce.invokeStatic(core.clj:6965)
	at clojure.core$reduce.invoke(core.clj:6947)
	at boundary.core.interceptor$run_enter_phase.invokeStatic(interceptor.clj:51)
	at boundary.core.interceptor$run_enter_phase.invoke(interceptor.clj:45)
	at boundary.core.interceptor$run_pipeline.invokeStatic(interceptor.clj:104)
	at boundary.core.interceptor$run_pipeline.invoke(interceptor.clj:85)
	at boundary.platform.shell.persistence_interceptors$execute_persistence_operation.invokeStatic(persistence_interceptors.clj:222)
	at boundary.platform.shell.persistence_interceptors$execute_persistence_operation.doInvoke(persistence_interceptors.clj:189)
	at clojure.lang.RestFn.invoke(RestFn.java:473)
	at boundary.admin.shell.service.AdminService.list_entities(service.clj:222)
	at boundary.admin.shell.http$entity_table_fragment_handler$fn__26055.invoke(http.clj:552)
	at boundary.user.shell.middleware$session_authentication_middleware$fn__25915.invoke(middleware.clj:181)
	at boundary.user.shell.middleware$flexible_authentication_middleware$fn__25931.invoke(middleware.clj:249)
	at reitit.ring$ring_handler$fn__7042.invoke(ring.cljc:388)
	at clojure.lang.AFn.applyToHelper(AFn.java:154)
	at clojure.lang.AFn.applyTo(AFn.java:144)
	at clojure.lang.AFunction$1.doInvoke(AFunction.java:33)
	at clojure.lang.RestFn.invoke(RestFn.java:411)
	at boundary.admin.shell.http$wrap_method_override$fn__25952.invoke(http.clj:57)
	at ring.middleware.params$wrap_params$fn__4637.invoke(params.clj:75)
	at ring.middleware.cookies$wrap_cookies$fn__4558.invoke(cookies.clj:198)
	at ecommerce.shared.http.middleware$wrap_json_body$fn__13573.invoke(middleware.clj:31)
	at ecommerce.shared.http.middleware$wrap_session_id$fn__13577.invoke(middleware.clj:44)
	at ecommerce.shared.http.middleware$wrap_cors$fn__13584.invoke(middleware.clj:82)
	at ring.middleware.resource$wrap_resource_prefer_resources$fn__4823.invoke(resource.clj:25)
	at ecommerce.shared.http.middleware$wrap_exception_handler$fn__13581.invoke(middleware.clj:57)
	at ecommerce.shared.http.middleware$wrap_request_logging$fn__13587.invoke(middleware.clj:94)
	at ring.adapter.jetty$proxy_handler$fn__4203.invoke(jetty.clj:115)
	at ring.adapter.jetty.proxy$org.eclipse.jetty.ee9.servlet.ServletHandler$ff19274a.doHandle(Unknown Source)
	at org.eclipse.jetty.ee9.nested.ScopedHandler.nextHandle(ScopedHandler.java:193)
	at org.eclipse.jetty.ee9.nested.ContextHandler.doHandle(ContextHandler.java:1041)
	at org.eclipse.jetty.ee9.nested.ScopedHandler.nextScope(ScopedHandler.java:162)
	at org.eclipse.jetty.ee9.servlet.ServletHandler.doScope(ServletHandler.java:483)
	at ring.adapter.jetty.proxy$org.eclipse.jetty.ee9.servlet.ServletHandler$ff19274a.doScope(Unknown Source)
	at org.eclipse.jetty.ee9.nested.ScopedHandler.nextScope(ScopedHandler.java:160)
	at org.eclipse.jetty.ee9.nested.ContextHandler.doScope(ContextHandler.java:962)
	at org.eclipse.jetty.ee9.nested.ScopedHandler.handle(ScopedHandler.java:123)
	at org.eclipse.jetty.ee9.nested.ContextHandler.handle(ContextHandler.java:1723)
	at org.eclipse.jetty.ee9.nested.HttpChannel$RequestDispatchable.dispatch(HttpChannel.java:1581)
	at org.eclipse.jetty.ee9.nested.HttpChannel.dispatch(HttpChannel.java:733)
	at org.eclipse.jetty.ee9.nested.HttpChannel.handle(HttpChannel.java:520)
	at org.eclipse.jetty.ee9.nested.ContextHandler$CoreContextHandler$CoreToNestedHandler.handle(ContextHandler.java:3048)
	at org.eclipse.jetty.server.handler.ContextHandler.handle(ContextHandler.java:1174)
	at org.eclipse.jetty.server.Server.handle(Server.java:182)
	at org.eclipse.jetty.server.internal.HttpChannelState$HandlerInvoker.run(HttpChannelState.java:682)
	at org.eclipse.jetty.server.internal.HttpConnection.onFillable(HttpConnection.java:411)
	at org.eclipse.jetty.server.internal.HttpConnection$FillableCallback.succeeded(HttpConnection.java:1819)
	at org.eclipse.jetty.io.FillInterest.fillable(FillInterest.java:99)
	at org.eclipse.jetty.io.SelectableChannelEndPoint$1.run(SelectableChannelEndPoint.java:54)
	at org.eclipse.jetty.util.thread.strategy.AdaptiveExecutionStrategy.runTask(AdaptiveExecutionStrategy.java:521)
	at org.eclipse.jetty.util.thread.strategy.AdaptiveExecutionStrategy.epcRunTask(AdaptiveExecutionStrategy.java:492)
	at org.eclipse.jetty.util.thread.strategy.AdaptiveExecutionStrategy.consumeTask(AdaptiveExecutionStrategy.java:447)
	at org.eclipse.jetty.util.thread.strategy.AdaptiveExecutionStrategy.tryProduce(AdaptiveExecutionStrategy.java:297)
	at org.eclipse.jetty.util.thread.strategy.AdaptiveExecutionStrategy.run(AdaptiveExecutionStrategy.java:202)
	at org.eclipse.jetty.util.thread.ReservedThreadExecutor$ReservedThread.run(ReservedThreadExecutor.java:312)
	at org.eclipse.jetty.util.thread.QueuedThreadPool.runJob(QueuedThreadPool.java:999)
	at org.eclipse.jetty.util.thread.QueuedThreadPool$Runner.doRunJob(QueuedThreadPool.java:1229)
	at org.eclipse.jetty.util.thread.QueuedThreadPool$Runner.run(QueuedThreadPool.java:1184)
	at java.base/java.lang.Thread.run(Thread.java:1474)
Caused by: org.sqlite.SQLiteException: [SQLITE_ERROR] SQL error or missing database (near "ILIKE": syntax error)
	at org.sqlite.core.DB.newSQLException(DB.java:1179)
	at org.sqlite.core.DB.newSQLException(DB.java:1190)
	at org.sqlite.core.DB.throwex(DB.java:1150)
	at org.sqlite.core.NativeDB.prepare_utf8(Native Method)
	at org.sqlite.core.NativeDB.prepare(NativeDB.java:135)
	at org.sqlite.core.DB.prepare(DB.java:264)
	at org.sqlite.core.CorePreparedStatement.<init>(CorePreparedStatement.java:46)
	at org.sqlite.jdbc3.JDBC3PreparedStatement.<init>(JDBC3PreparedStatement.java:32)
	at org.sqlite.jdbc4.JDBC4PreparedStatement.<init>(JDBC4PreparedStatement.java:28)
	at org.sqlite.jdbc4.JDBC4Connection.prepareStatement(JDBC4Connection.java:34)
	at org.sqlite.jdbc3.JDBC3Connection.prepareStatement(JDBC3Connection.java:225)
	at org.sqlite.jdbc3.JDBC3Connection.prepareStatement(JDBC3Connection.java:205)
	at com.zaxxer.hikari.pool.ProxyConnection.prepareStatement(ProxyConnection.java:328)
	at com.zaxxer.hikari.pool.HikariProxyConnection.prepareStatement(HikariProxyConnection.java)
	at next.jdbc.prepare$create.invokeStatic(prepare.clj:134)
	at next.jdbc.prepare$create.invoke(prepare.clj:84)
	at next.jdbc.result_set$eval3442$fn__3450.invoke(result_set.clj:943)
	at next.jdbc.protocols$eval2472$fn__2488$G__2463__2497.invoke(protocols.clj:34)
	at next.jdbc$execute_BANG_.invokeStatic(jdbc.clj:272)
	at next.jdbc$execute_BANG_.invoke(jdbc.clj:254)
	at boundary.platform.shell.adapters.database.common.execution$execute_query_BANG_.invokeStatic(execution.clj:94)
	... 73 common frames omitted
2026-03-18 14:19:01.615 INFO  [SECURITY] eventType= severity= corr= tenant= user= - Processing authentication request {:uri /web/admin/products/table, :method :get, :has-session true, :has-bearer false, :cookies (session-token Idea-2e373df0), :session-token-value BhM8Cwbl}
2026-03-18 14:19:01.615 INFO  [SECURITY] eventType= severity= corr= tenant= user= - Attempting session authentication {:token-preview BhM8Cwbl}
2026-03-18 14:19:01.615 INFO  [SECURITY] eventType= severity= corr= tenant= user= - Validating session token {:session-token BhM8Cwbl1zkLk6sqYHoX26wku8dcIqbZ1rFLsPR33iE=, :uri /web/admin/products/table}
2026-03-18 14:19:01.618 INFO  [SECURITY] eventType= severity= corr= tenant= user= - Database operation successful: find-session-by-token {:session-token BhM8Cwbl1zkLk6sqYHoX26wku8dcIqbZ1rFLsPR33iE=, :duration-ms 2.404083}
2026-03-18 14:19:01.620 INFO  [SECURITY] eventType= severity= corr= tenant= user= - Database operation successful: update-session {:session-entity {:expires-at #object[java.time.Instant 0x9751604 2026-03-19T13:18:29.499318Z], :user-agent Mozilla/5.0 (Macintosh; Intel Mac OS X 10_15_7) AppleWebKit/605.1.15 (KHTML, like Gecko) Version/26.3.1 Safari/605.1.15, :session-token BhM8Cwbl1zkLk6sqYHoX26wku8dcIqbZ1rFLsPR33iE=, :user-id #uuid "3b38c2f4-634a-42fb-afd3-6c588eba95d2", :last-accessed-at #object[java.time.Instant 0x3bf7b1b7 2026-03-18T13:19:01.618769Z], :id #uuid "ac498adc-5eea-4ca5-91cf-9b609244885b", :revoked-at nil, :created-at #object[java.time.Instant 0xa0c4b28 2026-03-18T13:18:29.493663Z], :ip-address [0:0:0:0:0:0:0:1]}, :duration-ms 0.976625}
2026-03-18 14:19:01.620 INFO  [SECURITY] eventType= severity= corr= tenant= user= - Session validation successful {:user-id #uuid "3b38c2f4-634a-42fb-afd3-6c588eba95d2"}
2026-03-18 14:19:01.622 INFO  [SECURITY] eventType= severity= corr= tenant= user= - Database operation successful: find-user-by-id {:user-id #uuid "3b38c2f4-634a-42fb-afd3-6c588eba95d2", :duration-ms 1.814041}
2026-03-18 14:19:01.624 ERROR [SECURITY] eventType= severity= corr= tenant= user= - Query failed {:adapter nil, :sql SELECT * FROM products WHERE (name ILIKE ?) ORDER BY name ASC LIMIT ? OFFSET ?, :error [SQLITE_ERROR] SQL error or missing database (near "ILIKE": syntax error)}
2026-03-18 14:19:01.625 ERROR [SECURITY] eventType= severity= corr= tenant= user= - Database operation failed: admin-list-entities {:operation admin-list-entities}
clojure.lang.ExceptionInfo: Database query failed {:adapter nil, :sql "SELECT * FROM products WHERE (name ILIKE ?) ORDER BY name ASC LIMIT ? OFFSET ?", :params ("%%" 20 0), :original-error "[SQLITE_ERROR] SQL error or missing database (near \"ILIKE\": syntax error)"}
	at boundary.platform.shell.adapters.database.common.execution$execute_query_BANG_.invokeStatic(execution.clj:129)
	at boundary.platform.shell.adapters.database.common.execution$execute_query_BANG_.invoke(execution.clj:52)
	at boundary.admin.shell.service.AdminService$fn__24187.invoke(service.clj:275)
	at boundary.platform.shell.persistence_interceptors$create_persistence_pipeline$fn__17423.invoke(persistence_interceptors.clj:179)
	at boundary.core.interceptor$execute_interceptor_fn.invokeStatic(interceptor.clj:31)
	at boundary.core.interceptor$execute_interceptor_fn.invoke(interceptor.clj:22)
	at boundary.core.interceptor$run_enter_phase$fn__17314.invoke(interceptor.clj:58)
	at clojure.lang.ArrayChunk.reduce(ArrayChunk.java:60)
	at clojure.core.protocols$fn__8274.invokeStatic(protocols.clj:135)
	at clojure.core.protocols$fn__8274.invoke(protocols.clj:123)
	at clojure.core.protocols$fn__8233$G__8228__8242.invoke(protocols.clj:19)
	at clojure.core.protocols$seq_reduce.invokeStatic(protocols.clj:31)
	at clojure.core.protocols$fn__8266.invokeStatic(protocols.clj:74)
	at clojure.core.protocols$fn__8266.invoke(protocols.clj:74)
	at clojure.core.protocols$fn__8207$G__8202__8220.invoke(protocols.clj:13)
	at clojure.core$reduce.invokeStatic(core.clj:6965)
	at clojure.core$reduce.invoke(core.clj:6947)
	at boundary.core.interceptor$run_enter_phase.invokeStatic(interceptor.clj:51)
	at boundary.core.interceptor$run_enter_phase.invoke(interceptor.clj:45)
	at boundary.core.interceptor$run_pipeline.invokeStatic(interceptor.clj:104)
	at boundary.core.interceptor$run_pipeline.invoke(interceptor.clj:85)
	at boundary.platform.shell.persistence_interceptors$execute_persistence_operation.invokeStatic(persistence_interceptors.clj:222)
	at boundary.platform.shell.persistence_interceptors$execute_persistence_operation.doInvoke(persistence_interceptors.clj:189)
	at clojure.lang.RestFn.invoke(RestFn.java:473)
	at boundary.admin.shell.service.AdminService.list_entities(service.clj:222)
	at boundary.admin.shell.http$entity_table_fragment_handler$fn__26055.invoke(http.clj:552)
	at boundary.user.shell.middleware$session_authentication_middleware$fn__25915.invoke(middleware.clj:181)
	at boundary.user.shell.middleware$flexible_authentication_middleware$fn__25931.invoke(middleware.clj:249)
	at reitit.ring$ring_handler$fn__7042.invoke(ring.cljc:388)
	at clojure.lang.AFn.applyToHelper(AFn.java:154)
	at clojure.lang.AFn.applyTo(AFn.java:144)
	at clojure.lang.AFunction$1.doInvoke(AFunction.java:33)
	at clojure.lang.RestFn.invoke(RestFn.java:411)
	at boundary.admin.shell.http$wrap_method_override$fn__25952.invoke(http.clj:57)
	at ring.middleware.params$wrap_params$fn__4637.invoke(params.clj:75)
	at ring.middleware.cookies$wrap_cookies$fn__4558.invoke(cookies.clj:198)
	at ecommerce.shared.http.middleware$wrap_json_body$fn__13573.invoke(middleware.clj:31)
	at ecommerce.shared.http.middleware$wrap_session_id$fn__13577.invoke(middleware.clj:44)
	at ecommerce.shared.http.middleware$wrap_cors$fn__13584.invoke(middleware.clj:82)
	at ring.middleware.resource$wrap_resource_prefer_resources$fn__4823.invoke(resource.clj:25)
	at ecommerce.shared.http.middleware$wrap_exception_handler$fn__13581.invoke(middleware.clj:57)
	at ecommerce.shared.http.middleware$wrap_request_logging$fn__13587.invoke(middleware.clj:94)
	at ring.adapter.jetty$proxy_handler$fn__4203.invoke(jetty.clj:115)
	at ring.adapter.jetty.proxy$org.eclipse.jetty.ee9.servlet.ServletHandler$ff19274a.doHandle(Unknown Source)
	at org.eclipse.jetty.ee9.nested.ScopedHandler.nextHandle(ScopedHandler.java:193)
	at org.eclipse.jetty.ee9.nested.ContextHandler.doHandle(ContextHandler.java:1041)
	at org.eclipse.jetty.ee9.nested.ScopedHandler.nextScope(ScopedHandler.java:162)
	at org.eclipse.jetty.ee9.servlet.ServletHandler.doScope(ServletHandler.java:483)
	at ring.adapter.jetty.proxy$org.eclipse.jetty.ee9.servlet.ServletHandler$ff19274a.doScope(Unknown Source)
	at org.eclipse.jetty.ee9.nested.ScopedHandler.nextScope(ScopedHandler.java:160)
	at org.eclipse.jetty.ee9.nested.ContextHandler.doScope(ContextHandler.java:962)
	at org.eclipse.jetty.ee9.nested.ScopedHandler.handle(ScopedHandler.java:123)
	at org.eclipse.jetty.ee9.nested.ContextHandler.handle(ContextHandler.java:1723)
	at org.eclipse.jetty.ee9.nested.HttpChannel$RequestDispatchable.dispatch(HttpChannel.java:1581)
	at org.eclipse.jetty.ee9.nested.HttpChannel.dispatch(HttpChannel.java:733)
	at org.eclipse.jetty.ee9.nested.HttpChannel.handle(HttpChannel.java:520)
	at org.eclipse.jetty.ee9.nested.ContextHandler$CoreContextHandler$CoreToNestedHandler.handle(ContextHandler.java:3048)
	at org.eclipse.jetty.server.handler.ContextHandler.handle(ContextHandler.java:1174)
	at org.eclipse.jetty.server.Server.handle(Server.java:182)
	at org.eclipse.jetty.server.internal.HttpChannelState$HandlerInvoker.run(HttpChannelState.java:682)
	at org.eclipse.jetty.server.internal.HttpConnection.onFillable(HttpConnection.java:411)
	at org.eclipse.jetty.server.internal.HttpConnection$FillableCallback.succeeded(HttpConnection.java:1819)
	at org.eclipse.jetty.io.FillInterest.fillable(FillInterest.java:99)
	at org.eclipse.jetty.io.SelectableChannelEndPoint$1.run(SelectableChannelEndPoint.java:54)
	at org.eclipse.jetty.util.thread.strategy.AdaptiveExecutionStrategy.runTask(AdaptiveExecutionStrategy.java:521)
	at org.eclipse.jetty.util.thread.strategy.AdaptiveExecutionStrategy.epcRunTask(AdaptiveExecutionStrategy.java:492)
	at org.eclipse.jetty.util.thread.strategy.AdaptiveExecutionStrategy.consumeTask(AdaptiveExecutionStrategy.java:447)
	at org.eclipse.jetty.util.thread.strategy.AdaptiveExecutionStrategy.tryProduce(AdaptiveExecutionStrategy.java:297)
	at org.eclipse.jetty.util.thread.strategy.AdaptiveExecutionStrategy.run(AdaptiveExecutionStrategy.java:202)
	at org.eclipse.jetty.util.thread.ReservedThreadExecutor$ReservedThread.run(ReservedThreadExecutor.java:312)
	at org.eclipse.jetty.util.thread.QueuedThreadPool.runJob(QueuedThreadPool.java:999)
	at org.eclipse.jetty.util.thread.QueuedThreadPool$Runner.doRunJob(QueuedThreadPool.java:1229)
	at org.eclipse.jetty.util.thread.QueuedThreadPool$Runner.run(QueuedThreadPool.java:1184)
	at java.base/java.lang.Thread.run(Thread.java:1474)
Caused by: org.sqlite.SQLiteException: [SQLITE_ERROR] SQL error or missing database (near "ILIKE": syntax error)
	at org.sqlite.core.DB.newSQLException(DB.java:1179)
	at org.sqlite.core.DB.newSQLException(DB.java:1190)
	at org.sqlite.core.DB.throwex(DB.java:1150)
	at org.sqlite.core.NativeDB.prepare_utf8(Native Method)
	at org.sqlite.core.NativeDB.prepare(NativeDB.java:135)
	at org.sqlite.core.DB.prepare(DB.java:264)
	at org.sqlite.core.CorePreparedStatement.<init>(CorePreparedStatement.java:46)
	at org.sqlite.jdbc3.JDBC3PreparedStatement.<init>(JDBC3PreparedStatement.java:32)
	at org.sqlite.jdbc4.JDBC4PreparedStatement.<init>(JDBC4PreparedStatement.java:28)
	at org.sqlite.jdbc4.JDBC4Connection.prepareStatement(JDBC4Connection.java:34)
	at org.sqlite.jdbc3.JDBC3Connection.prepareStatement(JDBC3Connection.java:225)
	at org.sqlite.jdbc3.JDBC3Connection.prepareStatement(JDBC3Connection.java:205)
	at com.zaxxer.hikari.pool.ProxyConnection.prepareStatement(ProxyConnection.java:328)
	at com.zaxxer.hikari.pool.HikariProxyConnection.prepareStatement(HikariProxyConnection.java)
	at next.jdbc.prepare$create.invokeStatic(prepare.clj:134)
	at next.jdbc.prepare$create.invoke(prepare.clj:84)
	at next.jdbc.result_set$eval3442$fn__3450.invoke(result_set.clj:943)
	at next.jdbc.protocols$eval2472$fn__2488$G__2463__2497.invoke(protocols.clj:34)
	at next.jdbc$execute_BANG_.invokeStatic(jdbc.clj:272)
	at next.jdbc$execute_BANG_.invoke(jdbc.clj:254)
	at boundary.platform.shell.adapters.database.common.execution$execute_query_BANG_.invokeStatic(execution.clj:94)
	... 73 common frames omitted
2026-03-18 14:19:03.319 INFO  [SECURITY] eventType= severity= corr= tenant= user= - Processing authentication request {:uri /web/admin/products/table, :method :get, :has-session true, :has-bearer false, :cookies (session-token Idea-2e373df0), :session-token-value BhM8Cwbl}
2026-03-18 14:19:03.319 INFO  [SECURITY] eventType= severity= corr= tenant= user= - Attempting session authentication {:token-preview BhM8Cwbl}
2026-03-18 14:19:03.319 INFO  [SECURITY] eventType= severity= corr= tenant= user= - Validating session token {:session-token BhM8Cwbl1zkLk6sqYHoX26wku8dcIqbZ1rFLsPR33iE=, :uri /web/admin/products/table}
2026-03-18 14:19:03.321 INFO  [SECURITY] eventType= severity= corr= tenant= user= - Database operation successful: find-session-by-token {:session-token BhM8Cwbl1zkLk6sqYHoX26wku8dcIqbZ1rFLsPR33iE=, :duration-ms 2.0095}
2026-03-18 14:19:03.322 INFO  [SECURITY] eventType= severity= corr= tenant= user= - Database operation successful: update-session {:session-entity {:expires-at #object[java.time.Instant 0x2369dd8a 2026-03-19T13:18:29.499318Z], :user-agent Mozilla/5.0 (Macintosh; Intel Mac OS X 10_15_7) AppleWebKit/605.1.15 (KHTML, like Gecko) Version/26.3.1 Safari/605.1.15, :session-token BhM8Cwbl1zkLk6sqYHoX26wku8dcIqbZ1rFLsPR33iE=, :user-id #uuid "3b38c2f4-634a-42fb-afd3-6c588eba95d2", :last-accessed-at #object[java.time.Instant 0x65144186 2026-03-18T13:19:03.322018Z], :id #uuid "ac498adc-5eea-4ca5-91cf-9b609244885b", :revoked-at nil, :created-at #object[java.time.Instant 0x136a9b09 2026-03-18T13:18:29.493663Z], :ip-address [0:0:0:0:0:0:0:1]}, :duration-ms 0.551583}
2026-03-18 14:19:03.322 INFO  [SECURITY] eventType= severity= corr= tenant= user= - Session validation successful {:user-id #uuid "3b38c2f4-634a-42fb-afd3-6c588eba95d2"}
2026-03-18 14:19:03.324 INFO  [SECURITY] eventType= severity= corr= tenant= user= - Database operation successful: find-user-by-id {:user-id #uuid "3b38c2f4-634a-42fb-afd3-6c588eba95d2", :duration-ms 1.203583}
2026-03-18 14:19:03.326 INFO  [SECURITY] eventType= severity= corr= tenant= user= - Database operation successful: admin-list-entities {:entity products, :limit nil, :offset nil, :duration-ms 1.426375}
2026-03-18 14:19:07.434 INFO  [SECURITY] eventType= severity= corr= tenant= user= - Processing authentication request {:uri /web/admin/products/33333333-3333-3333-3333-333333333333, :method :get, :has-session true, :has-bearer false, :cookies (session-token Idea-2e373df0), :session-token-value BhM8Cwbl}
2026-03-18 14:19:07.434 INFO  [SECURITY] eventType= severity= corr= tenant= user= - Attempting session authentication {:token-preview BhM8Cwbl}
2026-03-18 14:19:07.434 INFO  [SECURITY] eventType= severity= corr= tenant= user= - Validating session token {:session-token BhM8Cwbl1zkLk6sqYHoX26wku8dcIqbZ1rFLsPR33iE=, :uri /web/admin/products/33333333-3333-3333-3333-333333333333}
2026-03-18 14:19:07.436 INFO  [SECURITY] eventType= severity= corr= tenant= user= - Database operation successful: find-session-by-token {:session-token BhM8Cwbl1zkLk6sqYHoX26wku8dcIqbZ1rFLsPR33iE=, :duration-ms 1.312708}
2026-03-18 14:19:07.437 INFO  [SECURITY] eventType= severity= corr= tenant= user= - Database operation successful: update-session {:session-entity {:expires-at #object[java.time.Instant 0x6dad412d 2026-03-19T13:18:29.499318Z], :user-agent Mozilla/5.0 (Macintosh; Intel Mac OS X 10_15_7) AppleWebKit/605.1.15 (KHTML, like Gecko) Version/26.3.1 Safari/605.1.15, :session-token BhM8Cwbl1zkLk6sqYHoX26wku8dcIqbZ1rFLsPR33iE=, :user-id #uuid "3b38c2f4-634a-42fb-afd3-6c588eba95d2", :last-accessed-at #object[java.time.Instant 0x769e9b11 2026-03-18T13:19:07.436521Z], :id #uuid "ac498adc-5eea-4ca5-91cf-9b609244885b", :revoked-at nil, :created-at #object[java.time.Instant 0x7559a0c3 2026-03-18T13:18:29.493663Z], :ip-address [0:0:0:0:0:0:0:1]}, :duration-ms 1.048291}
2026-03-18 14:19:07.437 INFO  [SECURITY] eventType= severity= corr= tenant= user= - Session validation successful {:user-id #uuid "3b38c2f4-634a-42fb-afd3-6c588eba95d2"}
2026-03-18 14:19:07.438 INFO  [SECURITY] eventType= severity= corr= tenant= user= - Database operation successful: find-user-by-id {:user-id #uuid "3b38c2f4-634a-42fb-afd3-6c588eba95d2", :duration-ms 0.72725}
2026-03-18 14:19:07.440 INFO  [SECURITY] eventType= severity= corr= tenant= user= - Database operation successful: admin-get-entity {:entity products, :id #uuid "33333333-3333-3333-3333-333333333333", :duration-ms 0.815834}
2026-03-18 14:19:12.676 INFO  [SECURITY] eventType= severity= corr= tenant= user= - Processing authentication request {:uri /web/admin/products, :method :get, :has-session true, :has-bearer false, :cookies (session-token Idea-2e373df0), :session-token-value BhM8Cwbl}
2026-03-18 14:19:12.677 INFO  [SECURITY] eventType= severity= corr= tenant= user= - Attempting session authentication {:token-preview BhM8Cwbl}
2026-03-18 14:19:12.677 INFO  [SECURITY] eventType= severity= corr= tenant= user= - Validating session token {:session-token BhM8Cwbl1zkLk6sqYHoX26wku8dcIqbZ1rFLsPR33iE=, :uri /web/admin/products}
2026-03-18 14:19:12.679 INFO  [SECURITY] eventType= severity= corr= tenant= user= - Database operation successful: find-session-by-token {:session-token BhM8Cwbl1zkLk6sqYHoX26wku8dcIqbZ1rFLsPR33iE=, :duration-ms 1.676791}
2026-03-18 14:19:12.680 INFO  [SECURITY] eventType= severity= corr= tenant= user= - Database operation successful: update-session {:session-entity {:expires-at #object[java.time.Instant 0xc263847 2026-03-19T13:18:29.499318Z], :user-agent Mozilla/5.0 (Macintosh; Intel Mac OS X 10_15_7) AppleWebKit/605.1.15 (KHTML, like Gecko) Version/26.3.1 Safari/605.1.15, :session-token BhM8Cwbl1zkLk6sqYHoX26wku8dcIqbZ1rFLsPR33iE=, :user-id #uuid "3b38c2f4-634a-42fb-afd3-6c588eba95d2", :last-accessed-at #object[java.time.Instant 0x499a9850 2026-03-18T13:19:12.679608Z], :id #uuid "ac498adc-5eea-4ca5-91cf-9b609244885b", :revoked-at nil, :created-at #object[java.time.Instant 0x1fb3dc0e 2026-03-18T13:18:29.493663Z], :ip-address [0:0:0:0:0:0:0:1]}, :duration-ms 0.495917}
2026-03-18 14:19:12.680 INFO  [SECURITY] eventType= severity= corr= tenant= user= - Session validation successful {:user-id #uuid "3b38c2f4-634a-42fb-afd3-6c588eba95d2"}
2026-03-18 14:19:12.681 INFO  [SECURITY] eventType= severity= corr= tenant= user= - Database operation successful: find-user-by-id {:user-id #uuid "3b38c2f4-634a-42fb-afd3-6c588eba95d2", :duration-ms 0.690541}
2026-03-18 14:19:12.682 INFO  [SECURITY] eventType= severity= corr= tenant= user= - Database operation successful: admin-list-entities {:entity products, :limit nil, :offset nil, :duration-ms 0.711417}
2026-03-18 14:19:14.919 INFO  [SECURITY] eventType= severity= corr= tenant= user= - Processing authentication request {:uri /web/admin/users, :method :get, :has-session true, :has-bearer false, :cookies (session-token Idea-2e373df0), :session-token-value BhM8Cwbl}
2026-03-18 14:19:14.919 INFO  [SECURITY] eventType= severity= corr= tenant= user= - Attempting session authentication {:token-preview BhM8Cwbl}
2026-03-18 14:19:14.919 INFO  [SECURITY] eventType= severity= corr= tenant= user= - Validating session token {:session-token BhM8Cwbl1zkLk6sqYHoX26wku8dcIqbZ1rFLsPR33iE=, :uri /web/admin/users}
2026-03-18 14:19:14.921 INFO  [SECURITY] eventType= severity= corr= tenant= user= - Database operation successful: find-session-by-token {:session-token BhM8Cwbl1zkLk6sqYHoX26wku8dcIqbZ1rFLsPR33iE=, :duration-ms 1.987542}
2026-03-18 14:19:14.923 INFO  [SECURITY] eventType= severity= corr= tenant= user= - Database operation successful: update-session {:session-entity {:expires-at #object[java.time.Instant 0x72b6e4ee 2026-03-19T13:18:29.499318Z], :user-agent Mozilla/5.0 (Macintosh; Intel Mac OS X 10_15_7) AppleWebKit/605.1.15 (KHTML, like Gecko) Version/26.3.1 Safari/605.1.15, :session-token BhM8Cwbl1zkLk6sqYHoX26wku8dcIqbZ1rFLsPR33iE=, :user-id #uuid "3b38c2f4-634a-42fb-afd3-6c588eba95d2", :last-accessed-at #object[java.time.Instant 0x67b0096f 2026-03-18T13:19:14.922093Z], :id #uuid "ac498adc-5eea-4ca5-91cf-9b609244885b", :revoked-at nil, :created-at #object[java.time.Instant 0x4ab5e0ae 2026-03-18T13:18:29.493663Z], :ip-address [0:0:0:0:0:0:0:1]}, :duration-ms 0.846875}
2026-03-18 14:19:14.923 INFO  [SECURITY] eventType= severity= corr= tenant= user= - Session validation successful {:user-id #uuid "3b38c2f4-634a-42fb-afd3-6c588eba95d2"}
2026-03-18 14:19:14.924 INFO  [SECURITY] eventType= severity= corr= tenant= user= - Database operation successful: find-user-by-id {:user-id #uuid "3b38c2f4-634a-42fb-afd3-6c588eba95d2", :duration-ms 1.346208}
2026-03-18 14:19:14.927 INFO  [SECURITY] eventType= severity= corr= tenant= user= - Database operation successful: admin-list-entities {:entity users, :limit nil, :offset nil, :duration-ms 1.381542}
2026-03-18 14:19:16.416 INFO  [SECURITY] eventType= severity= corr= tenant= user= - Processing authentication request {:uri /web/admin/orders, :method :get, :has-session true, :has-bearer false, :cookies (session-token Idea-2e373df0), :session-token-value BhM8Cwbl}
2026-03-18 14:19:16.417 INFO  [SECURITY] eventType= severity= corr= tenant= user= - Attempting session authentication {:token-preview BhM8Cwbl}
2026-03-18 14:19:16.417 INFO  [SECURITY] eventType= severity= corr= tenant= user= - Validating session token {:session-token BhM8Cwbl1zkLk6sqYHoX26wku8dcIqbZ1rFLsPR33iE=, :uri /web/admin/orders}
2026-03-18 14:19:16.419 INFO  [SECURITY] eventType= severity= corr= tenant= user= - Database operation successful: find-session-by-token {:session-token BhM8Cwbl1zkLk6sqYHoX26wku8dcIqbZ1rFLsPR33iE=, :duration-ms 1.551666}
2026-03-18 14:19:16.420 INFO  [SECURITY] eventType= severity= corr= tenant= user= - Database operation successful: update-session {:session-entity {:expires-at #object[java.time.Instant 0x77981850 2026-03-19T13:18:29.499318Z], :user-agent Mozilla/5.0 (Macintosh; Intel Mac OS X 10_15_7) AppleWebKit/605.1.15 (KHTML, like Gecko) Version/26.3.1 Safari/605.1.15, :session-token BhM8Cwbl1zkLk6sqYHoX26wku8dcIqbZ1rFLsPR33iE=, :user-id #uuid "3b38c2f4-634a-42fb-afd3-6c588eba95d2", :last-accessed-at #object[java.time.Instant 0x2c61c027 2026-03-18T13:19:16.419315Z], :id #uuid "ac498adc-5eea-4ca5-91cf-9b609244885b", :revoked-at nil, :created-at #object[java.time.Instant 0x1948fdeb 2026-03-18T13:18:29.493663Z], :ip-address [0:0:0:0:0:0:0:1]}, :duration-ms 0.570875}
2026-03-18 14:19:16.420 INFO  [SECURITY] eventType= severity= corr= tenant= user= - Session validation successful {:user-id #uuid "3b38c2f4-634a-42fb-afd3-6c588eba95d2"}
2026-03-18 14:19:16.421 INFO  [SECURITY] eventType= severity= corr= tenant= user= - Database operation successful: find-user-by-id {:user-id #uuid "3b38c2f4-634a-42fb-afd3-6c588eba95d2", :duration-ms 0.697583}
2026-03-18 14:19:16.422 INFO  [SECURITY] eventType= severity= corr= tenant= user= - Database operation successful: admin-list-entities {:entity orders, :limit nil, :offset nil, :duration-ms 0.884291}
2026-03-18 14:19:22.970 INFO  [SECURITY] eventType= severity= corr= tenant= user= - Processing authentication request {:uri /web/admin/orders/table, :method :get, :has-session true, :has-bearer false, :cookies (session-token Idea-2e373df0), :session-token-value BhM8Cwbl}
2026-03-18 14:19:22.971 INFO  [SECURITY] eventType= severity= corr= tenant= user= - Attempting session authentication {:token-preview BhM8Cwbl}
2026-03-18 14:19:22.971 INFO  [SECURITY] eventType= severity= corr= tenant= user= - Validating session token {:session-token BhM8Cwbl1zkLk6sqYHoX26wku8dcIqbZ1rFLsPR33iE=, :uri /web/admin/orders/table}
2026-03-18 14:19:22.973 INFO  [SECURITY] eventType= severity= corr= tenant= user= - Database operation successful: find-session-by-token {:session-token BhM8Cwbl1zkLk6sqYHoX26wku8dcIqbZ1rFLsPR33iE=, :duration-ms 1.912791}
2026-03-18 14:19:22.974 INFO  [SECURITY] eventType= severity= corr= tenant= user= - Database operation successful: update-session {:session-entity {:expires-at #object[java.time.Instant 0x44ddd3f0 2026-03-19T13:18:29.499318Z], :user-agent Mozilla/5.0 (Macintosh; Intel Mac OS X 10_15_7) AppleWebKit/605.1.15 (KHTML, like Gecko) Version/26.3.1 Safari/605.1.15, :session-token BhM8Cwbl1zkLk6sqYHoX26wku8dcIqbZ1rFLsPR33iE=, :user-id #uuid "3b38c2f4-634a-42fb-afd3-6c588eba95d2", :last-accessed-at #object[java.time.Instant 0x2c609548 2026-03-18T13:19:22.973716Z], :id #uuid "ac498adc-5eea-4ca5-91cf-9b609244885b", :revoked-at nil, :created-at #object[java.time.Instant 0x65d6a853 2026-03-18T13:18:29.493663Z], :ip-address [0:0:0:0:0:0:0:1]}, :duration-ms 0.571458}
2026-03-18 14:19:22.974 INFO  [SECURITY] eventType= severity= corr= tenant= user= - Session validation successful {:user-id #uuid "3b38c2f4-634a-42fb-afd3-6c588eba95d2"}
2026-03-18 14:19:22.976 INFO  [SECURITY] eventType= severity= corr= tenant= user= - Database operation successful: find-user-by-id {:user-id #uuid "3b38c2f4-634a-42fb-afd3-6c588eba95d2", :duration-ms 1.119458}
2026-03-18 14:19:22.978 INFO  [SECURITY] eventType= severity= corr= tenant= user= - Database operation successful: admin-list-entities {:entity orders, :limit nil, :offset nil, :duration-ms 1.010291}
2026-03-18 14:19:27.060 INFO  [SECURITY] eventType= severity= corr= tenant= user= - Processing authentication request {:uri /web/dashboard, :method :get, :has-session true, :has-bearer false, :cookies (session-token Idea-2e373df0), :session-token-value BhM8Cwbl}
2026-03-18 14:19:27.060 INFO  [SECURITY] eventType= severity= corr= tenant= user= - Attempting session authentication {:token-preview BhM8Cwbl}
2026-03-18 14:19:27.061 INFO  [SECURITY] eventType= severity= corr= tenant= user= - Validating session token {:session-token BhM8Cwbl1zkLk6sqYHoX26wku8dcIqbZ1rFLsPR33iE=, :uri /web/dashboard}
2026-03-18 14:19:27.063 INFO  [SECURITY] eventType= severity= corr= tenant= user= - Database operation successful: find-session-by-token {:session-token BhM8Cwbl1zkLk6sqYHoX26wku8dcIqbZ1rFLsPR33iE=, :duration-ms 2.005958}
2026-03-18 14:19:27.064 INFO  [SECURITY] eventType= severity= corr= tenant= user= - Database operation successful: update-session {:session-entity {:expires-at #object[java.time.Instant 0x382d0083 2026-03-19T13:18:29.499318Z], :user-agent Mozilla/5.0 (Macintosh; Intel Mac OS X 10_15_7) AppleWebKit/605.1.15 (KHTML, like Gecko) Version/26.3.1 Safari/605.1.15, :session-token BhM8Cwbl1zkLk6sqYHoX26wku8dcIqbZ1rFLsPR33iE=, :user-id #uuid "3b38c2f4-634a-42fb-afd3-6c588eba95d2", :last-accessed-at #object[java.time.Instant 0x55c51f81 2026-03-18T13:19:27.063771Z], :id #uuid "ac498adc-5eea-4ca5-91cf-9b609244885b", :revoked-at nil, :created-at #object[java.time.Instant 0x129a6cce 2026-03-18T13:18:29.493663Z], :ip-address [0:0:0:0:0:0:0:1]}, :duration-ms 0.821125}
2026-03-18 14:19:27.065 INFO  [SECURITY] eventType= severity= corr= tenant= user= - Session validation successful {:user-id #uuid "3b38c2f4-634a-42fb-afd3-6c588eba95d2"}
2026-03-18 14:19:27.066 INFO  [SECURITY] eventType= severity= corr= tenant= user= - Database operation successful: find-user-by-id {:user-id #uuid "3b38c2f4-634a-42fb-afd3-6c588eba95d2", :duration-ms 1.192125}
2026-03-18 14:19:27.067 INFO  [SECURITY] eventType= severity= corr= tenant= user= - Database operation successful: find-sessions-by-user {:user-id #uuid "3b38c2f4-634a-42fb-afd3-6c588eba95d2", :duration-ms 0.506709}
2026-03-18 14:19:27.068 INFO  [SECURITY] eventType= severity= corr= tenant= user= - Database operation successful: find-user-by-id {:user-id #uuid "3b38c2f4-634a-42fb-afd3-6c588eba95d2", :duration-ms 0.694416}
2026-03-18 14:19:28.945 INFO  [SECURITY] eventType= severity= corr= tenant= user= - Processing authentication request {:uri /web/profile, :method :get, :has-session true, :has-bearer false, :cookies (session-token Idea-2e373df0), :session-token-value BhM8Cwbl}
2026-03-18 14:19:28.945 INFO  [SECURITY] eventType= severity= corr= tenant= user= - Attempting session authentication {:token-preview BhM8Cwbl}
2026-03-18 14:19:28.945 INFO  [SECURITY] eventType= severity= corr= tenant= user= - Validating session token {:session-token BhM8Cwbl1zkLk6sqYHoX26wku8dcIqbZ1rFLsPR33iE=, :uri /web/profile}
2026-03-18 14:19:28.947 INFO  [SECURITY] eventType= severity= corr= tenant= user= - Database operation successful: find-session-by-token {:session-token BhM8Cwbl1zkLk6sqYHoX26wku8dcIqbZ1rFLsPR33iE=, :duration-ms 1.557834}
2026-03-18 14:19:28.949 INFO  [SECURITY] eventType= severity= corr= tenant= user= - Database operation successful: update-session {:session-entity {:expires-at #object[java.time.Instant 0x548d411d 2026-03-19T13:18:29.499318Z], :user-agent Mozilla/5.0 (Macintosh; Intel Mac OS X 10_15_7) AppleWebKit/605.1.15 (KHTML, like Gecko) Version/26.3.1 Safari/605.1.15, :session-token BhM8Cwbl1zkLk6sqYHoX26wku8dcIqbZ1rFLsPR33iE=, :user-id #uuid "3b38c2f4-634a-42fb-afd3-6c588eba95d2", :last-accessed-at #object[java.time.Instant 0x53aed688 2026-03-18T13:19:28.947963Z], :id #uuid "ac498adc-5eea-4ca5-91cf-9b609244885b", :revoked-at nil, :created-at #object[java.time.Instant 0x516a89ff 2026-03-18T13:18:29.493663Z], :ip-address [0:0:0:0:0:0:0:1]}, :duration-ms 0.944583}
2026-03-18 14:19:28.949 INFO  [SECURITY] eventType= severity= corr= tenant= user= - Session validation successful {:user-id #uuid "3b38c2f4-634a-42fb-afd3-6c588eba95d2"}
2026-03-18 14:19:28.950 INFO  [SECURITY] eventType= severity= corr= tenant= user= - Database operation successful: find-user-by-id {:user-id #uuid "3b38c2f4-634a-42fb-afd3-6c588eba95d2", :duration-ms 1.190666}
2026-03-18 14:19:28.952 INFO  [SECURITY] eventType= severity= corr= tenant= user= - Database operation successful: find-user-by-id {:user-id #uuid "3b38c2f4-634a-42fb-afd3-6c588eba95d2", :duration-ms 0.801084}
2026-03-18 14:19:28.953 INFO  [SECURITY] eventType= severity= corr= tenant= user= - Database operation successful: find-user-by-id {:user-id #uuid "3b38c2f4-634a-42fb-afd3-6c588eba95d2", :duration-ms 0.74075}
2026-03-18 14:19:40.981 INFO  [SECURITY] eventType= severity= corr= tenant= user= - Processing authentication request {:uri /web/profile, :method :get, :has-session true, :has-bearer false, :cookies (session-token Idea-2e373df0), :session-token-value BhM8Cwbl}
2026-03-18 14:19:40.981 INFO  [SECURITY] eventType= severity= corr= tenant= user= - Attempting session authentication {:token-preview BhM8Cwbl}
2026-03-18 14:19:40.981 INFO  [SECURITY] eventType= severity= corr= tenant= user= - Validating session token {:session-token BhM8Cwbl1zkLk6sqYHoX26wku8dcIqbZ1rFLsPR33iE=, :uri /web/profile}
2026-03-18 14:19:40.983 INFO  [SECURITY] eventType= severity= corr= tenant= user= - Database operation successful: find-session-by-token {:session-token BhM8Cwbl1zkLk6sqYHoX26wku8dcIqbZ1rFLsPR33iE=, :duration-ms 1.587167}
2026-03-18 14:19:40.984 INFO  [SECURITY] eventType= severity= corr= tenant= user= - Database operation successful: update-session {:session-entity {:expires-at #object[java.time.Instant 0x366fb787 2026-03-19T13:18:29.499318Z], :user-agent Mozilla/5.0 (Macintosh; Intel Mac OS X 10_15_7) AppleWebKit/605.1.15 (KHTML, like Gecko) Version/26.3.1 Safari/605.1.15, :session-token BhM8Cwbl1zkLk6sqYHoX26wku8dcIqbZ1rFLsPR33iE=, :user-id #uuid "3b38c2f4-634a-42fb-afd3-6c588eba95d2", :last-accessed-at #object[java.time.Instant 0xb36550d 2026-03-18T13:19:40.983709Z], :id #uuid "ac498adc-5eea-4ca5-91cf-9b609244885b", :revoked-at nil, :created-at #object[java.time.Instant 0x16730423 2026-03-18T13:18:29.493663Z], :ip-address [0:0:0:0:0:0:0:1]}, :duration-ms 0.572584}
2026-03-18 14:19:40.984 INFO  [SECURITY] eventType= severity= corr= tenant= user= - Session validation successful {:user-id #uuid "3b38c2f4-634a-42fb-afd3-6c588eba95d2"}
2026-03-18 14:19:40.985 INFO  [SECURITY] eventType= severity= corr= tenant= user= - Database operation successful: find-user-by-id {:user-id #uuid "3b38c2f4-634a-42fb-afd3-6c588eba95d2", :duration-ms 0.8615}
2026-03-18 14:19:40.986 INFO  [SECURITY] eventType= severity= corr= tenant= user= - Database operation successful: find-user-by-id {:user-id #uuid "3b38c2f4-634a-42fb-afd3-6c588eba95d2", :duration-ms 0.636834}
2026-03-18 14:19:40.987 INFO  [SECURITY] eventType= severity= corr= tenant= user= - Database operation successful: find-user-by-id {:user-id #uuid "3b38c2f4-634a-42fb-afd3-6c588eba95d2", :duration-ms 0.769333}
2026-03-18 14:19:43.944 INFO  [SECURITY] eventType= severity= corr= tenant= user= - Processing authentication request {:uri /web/dashboard, :method :get, :has-session true, :has-bearer false, :cookies (session-token Idea-2e373df0), :session-token-value BhM8Cwbl}
2026-03-18 14:19:43.944 INFO  [SECURITY] eventType= severity= corr= tenant= user= - Attempting session authentication {:token-preview BhM8Cwbl}
2026-03-18 14:19:43.944 INFO  [SECURITY] eventType= severity= corr= tenant= user= - Validating session token {:session-token BhM8Cwbl1zkLk6sqYHoX26wku8dcIqbZ1rFLsPR33iE=, :uri /web/dashboard}
2026-03-18 14:19:43.946 INFO  [SECURITY] eventType= severity= corr= tenant= user= - Database operation successful: find-session-by-token {:session-token BhM8Cwbl1zkLk6sqYHoX26wku8dcIqbZ1rFLsPR33iE=, :duration-ms 1.395583}
2026-03-18 14:19:43.947 INFO  [SECURITY] eventType= severity= corr= tenant= user= - Database operation successful: update-session {:session-entity {:expires-at #object[java.time.Instant 0x6a66585a 2026-03-19T13:18:29.499318Z], :user-agent Mozilla/5.0 (Macintosh; Intel Mac OS X 10_15_7) AppleWebKit/605.1.15 (KHTML, like Gecko) Version/26.3.1 Safari/605.1.15, :session-token BhM8Cwbl1zkLk6sqYHoX26wku8dcIqbZ1rFLsPR33iE=, :user-id #uuid "3b38c2f4-634a-42fb-afd3-6c588eba95d2", :last-accessed-at #object[java.time.Instant 0x2fb2406c 2026-03-18T13:19:43.946748Z], :id #uuid "ac498adc-5eea-4ca5-91cf-9b609244885b", :revoked-at nil, :created-at #object[java.time.Instant 0x48aedf84 2026-03-18T13:18:29.493663Z], :ip-address [0:0:0:0:0:0:0:1]}, :duration-ms 0.506333}
2026-03-18 14:19:43.947 INFO  [SECURITY] eventType= severity= corr= tenant= user= - Session validation successful {:user-id #uuid "3b38c2f4-634a-42fb-afd3-6c588eba95d2"}
2026-03-18 14:19:43.948 INFO  [SECURITY] eventType= severity= corr= tenant= user= - Database operation successful: find-user-by-id {:user-id #uuid "3b38c2f4-634a-42fb-afd3-6c588eba95d2", :duration-ms 0.757042}
2026-03-18 14:19:43.949 INFO  [SECURITY] eventType= severity= corr= tenant= user= - Database operation successful: find-sessions-by-user {:user-id #uuid "3b38c2f4-634a-42fb-afd3-6c588eba95d2", :duration-ms 0.326875}
2026-03-18 14:19:43.949 INFO  [SECURITY] eventType= severity= corr= tenant= user= - Database operation successful: find-user-by-id {:user-id #uuid "3b38c2f4-634a-42fb-afd3-6c588eba95d2", :duration-ms 0.484917}
2026-03-18 14:21:56.455 INFO  [SECURITY] eventType= severity= corr= tenant= user= - Processing authentication request {:uri /web/admin/, :method :get, :has-session true, :has-bearer false, :cookies (session-token Idea-2e373df0), :session-token-value BhM8Cwbl}
2026-03-18 14:21:56.456 INFO  [SECURITY] eventType= severity= corr= tenant= user= - Attempting session authentication {:token-preview BhM8Cwbl}
2026-03-18 14:21:56.456 INFO  [SECURITY] eventType= severity= corr= tenant= user= - Validating session token {:session-token BhM8Cwbl1zkLk6sqYHoX26wku8dcIqbZ1rFLsPR33iE=, :uri /web/admin/}
2026-03-18 14:21:56.461 INFO  [SECURITY] eventType= severity= corr= tenant= user= - Database operation successful: find-session-by-token {:session-token BhM8Cwbl1zkLk6sqYHoX26wku8dcIqbZ1rFLsPR33iE=, :duration-ms 3.729542}
2026-03-18 14:21:56.463 INFO  [SECURITY] eventType= severity= corr= tenant= user= - Database operation successful: update-session {:session-entity {:expires-at #object[java.time.Instant 0x3b542105 2026-03-19T13:18:29.499318Z], :user-agent Mozilla/5.0 (Macintosh; Intel Mac OS X 10_15_7) AppleWebKit/605.1.15 (KHTML, like Gecko) Version/26.3.1 Safari/605.1.15, :session-token BhM8Cwbl1zkLk6sqYHoX26wku8dcIqbZ1rFLsPR33iE=, :user-id #uuid "3b38c2f4-634a-42fb-afd3-6c588eba95d2", :last-accessed-at #object[java.time.Instant 0x1d0db14a 2026-03-18T13:21:56.461893Z], :id #uuid "ac498adc-5eea-4ca5-91cf-9b609244885b", :revoked-at nil, :created-at #object[java.time.Instant 0x34a94885 2026-03-18T13:18:29.493663Z], :ip-address [0:0:0:0:0:0:0:1]}, :duration-ms 0.630625}
2026-03-18 14:21:56.463 INFO  [SECURITY] eventType= severity= corr= tenant= user= - Session validation successful {:user-id #uuid "3b38c2f4-634a-42fb-afd3-6c588eba95d2"}
2026-03-18 14:21:56.464 INFO  [SECURITY] eventType= severity= corr= tenant= user= - Database operation successful: find-user-by-id {:user-id #uuid "3b38c2f4-634a-42fb-afd3-6c588eba95d2", :duration-ms 1.389541}
2026-03-18 14:21:56.465 INFO  [SECURITY] eventType= severity= corr= tenant= user= - After require-admin-user! {:user-email admin@ex.nl}
2026-03-18 14:21:56.465 INFO  [SECURITY] eventType= severity= corr= tenant= user= - Redirecting to first entity {:entity :orders}
2026-03-18 14:21:56.470 INFO  [SECURITY] eventType= severity= corr= tenant= user= - Processing authentication request {:uri /web/admin/orders, :method :get, :has-session true, :has-bearer false, :cookies (session-token Idea-2e373df0), :session-token-value BhM8Cwbl}
2026-03-18 14:21:56.470 INFO  [SECURITY] eventType= severity= corr= tenant= user= - Attempting session authentication {:token-preview BhM8Cwbl}
2026-03-18 14:21:56.470 INFO  [SECURITY] eventType= severity= corr= tenant= user= - Validating session token {:session-token BhM8Cwbl1zkLk6sqYHoX26wku8dcIqbZ1rFLsPR33iE=, :uri /web/admin/orders}
2026-03-18 14:21:56.471 INFO  [SECURITY] eventType= severity= corr= tenant= user= - Database operation successful: find-session-by-token {:session-token BhM8Cwbl1zkLk6sqYHoX26wku8dcIqbZ1rFLsPR33iE=, :duration-ms 0.87275}
2026-03-18 14:21:56.472 INFO  [SECURITY] eventType= severity= corr= tenant= user= - Database operation successful: update-session {:session-entity {:expires-at #object[java.time.Instant 0x2a78ad9b 2026-03-19T13:18:29.499318Z], :user-agent Mozilla/5.0 (Macintosh; Intel Mac OS X 10_15_7) AppleWebKit/605.1.15 (KHTML, like Gecko) Version/26.3.1 Safari/605.1.15, :session-token BhM8Cwbl1zkLk6sqYHoX26wku8dcIqbZ1rFLsPR33iE=, :user-id #uuid "3b38c2f4-634a-42fb-afd3-6c588eba95d2", :last-accessed-at #object[java.time.Instant 0x10a977 2026-03-18T13:21:56.472081Z], :id #uuid "ac498adc-5eea-4ca5-91cf-9b609244885b", :revoked-at nil, :created-at #object[java.time.Instant 0x28f2a6e8 2026-03-18T13:18:29.493663Z], :ip-address [0:0:0:0:0:0:0:1]}, :duration-ms 0.558959}
2026-03-18 14:21:56.472 INFO  [SECURITY] eventType= severity= corr= tenant= user= - Session validation successful {:user-id #uuid "3b38c2f4-634a-42fb-afd3-6c588eba95d2"}
2026-03-18 14:21:56.474 INFO  [SECURITY] eventType= severity= corr= tenant= user= - Database operation successful: find-user-by-id {:user-id #uuid "3b38c2f4-634a-42fb-afd3-6c588eba95d2", :duration-ms 1.212625}
2026-03-18 14:21:56.477 INFO  [SECURITY] eventType= severity= corr= tenant= user= - Database operation successful: admin-list-entities {:entity orders, :limit nil, :offset nil, :duration-ms 1.154791}
2026-03-18 14:21:58.660 INFO  [SECURITY] eventType= severity= corr= tenant= user= - Processing authentication request {:uri /web/admin/products, :method :get, :has-session true, :has-bearer false, :cookies (session-token Idea-2e373df0), :session-token-value BhM8Cwbl}
2026-03-18 14:21:58.660 INFO  [SECURITY] eventType= severity= corr= tenant= user= - Attempting session authentication {:token-preview BhM8Cwbl}
2026-03-18 14:21:58.660 INFO  [SECURITY] eventType= severity= corr= tenant= user= - Validating session token {:session-token BhM8Cwbl1zkLk6sqYHoX26wku8dcIqbZ1rFLsPR33iE=, :uri /web/admin/products}
2026-03-18 14:21:58.663 INFO  [SECURITY] eventType= severity= corr= tenant= user= - Database operation successful: find-session-by-token {:session-token BhM8Cwbl1zkLk6sqYHoX26wku8dcIqbZ1rFLsPR33iE=, :duration-ms 2.650833}
2026-03-18 14:21:58.665 INFO  [SECURITY] eventType= severity= corr= tenant= user= - Database operation successful: update-session {:session-entity {:expires-at #object[java.time.Instant 0x63493fa7 2026-03-19T13:18:29.499318Z], :user-agent Mozilla/5.0 (Macintosh; Intel Mac OS X 10_15_7) AppleWebKit/605.1.15 (KHTML, like Gecko) Version/26.3.1 Safari/605.1.15, :session-token BhM8Cwbl1zkLk6sqYHoX26wku8dcIqbZ1rFLsPR33iE=, :user-id #uuid "3b38c2f4-634a-42fb-afd3-6c588eba95d2", :last-accessed-at #object[java.time.Instant 0x99f8ed1 2026-03-18T13:21:58.663725Z], :id #uuid "ac498adc-5eea-4ca5-91cf-9b609244885b", :revoked-at nil, :created-at #object[java.time.Instant 0x14fc86c0 2026-03-18T13:18:29.493663Z], :ip-address [0:0:0:0:0:0:0:1]}, :duration-ms 1.185541}
2026-03-18 14:21:58.665 INFO  [SECURITY] eventType= severity= corr= tenant= user= - Session validation successful {:user-id #uuid "3b38c2f4-634a-42fb-afd3-6c588eba95d2"}
2026-03-18 14:21:58.666 INFO  [SECURITY] eventType= severity= corr= tenant= user= - Database operation successful: find-user-by-id {:user-id #uuid "3b38c2f4-634a-42fb-afd3-6c588eba95d2", :duration-ms 0.980792}
2026-03-18 14:21:58.668 INFO  [SECURITY] eventType= severity= corr= tenant= user= - Database operation successful: admin-list-entities {:entity products, :limit nil, :offset nil, :duration-ms 1.078}
2026-03-18 14:21:59.869 INFO  [SECURITY] eventType= severity= corr= tenant= user= - Processing authentication request {:uri /web/admin/users, :method :get, :has-session true, :has-bearer false, :cookies (session-token Idea-2e373df0), :session-token-value BhM8Cwbl}
2026-03-18 14:21:59.869 INFO  [SECURITY] eventType= severity= corr= tenant= user= - Attempting session authentication {:token-preview BhM8Cwbl}
2026-03-18 14:21:59.869 INFO  [SECURITY] eventType= severity= corr= tenant= user= - Validating session token {:session-token BhM8Cwbl1zkLk6sqYHoX26wku8dcIqbZ1rFLsPR33iE=, :uri /web/admin/users}
2026-03-18 14:21:59.871 INFO  [SECURITY] eventType= severity= corr= tenant= user= - Database operation successful: find-session-by-token {:session-token BhM8Cwbl1zkLk6sqYHoX26wku8dcIqbZ1rFLsPR33iE=, :duration-ms 1.740958}
2026-03-18 14:21:59.872 INFO  [SECURITY] eventType= severity= corr= tenant= user= - Database operation successful: update-session {:session-entity {:expires-at #object[java.time.Instant 0x5844c959 2026-03-19T13:18:29.499318Z], :user-agent Mozilla/5.0 (Macintosh; Intel Mac OS X 10_15_7) AppleWebKit/605.1.15 (KHTML, like Gecko) Version/26.3.1 Safari/605.1.15, :session-token BhM8Cwbl1zkLk6sqYHoX26wku8dcIqbZ1rFLsPR33iE=, :user-id #uuid "3b38c2f4-634a-42fb-afd3-6c588eba95d2", :last-accessed-at #object[java.time.Instant 0x4202975d 2026-03-18T13:21:59.871850Z], :id #uuid "ac498adc-5eea-4ca5-91cf-9b609244885b", :revoked-at nil, :created-at #object[java.time.Instant 0x3275f9b6 2026-03-18T13:18:29.493663Z], :ip-address [0:0:0:0:0:0:0:1]}, :duration-ms 0.510125}
2026-03-18 14:21:59.872 INFO  [SECURITY] eventType= severity= corr= tenant= user= - Session validation successful {:user-id #uuid "3b38c2f4-634a-42fb-afd3-6c588eba95d2"}
2026-03-18 14:21:59.874 INFO  [SECURITY] eventType= severity= corr= tenant= user= - Database operation successful: find-user-by-id {:user-id #uuid "3b38c2f4-634a-42fb-afd3-6c588eba95d2", :duration-ms 1.369291}
2026-03-18 14:21:59.877 INFO  [SECURITY] eventType= severity= corr= tenant= user= - Database operation successful: admin-list-entities {:entity users, :limit nil, :offset nil, :duration-ms 2.059708}
2026-03-18 14:22:01.003 INFO  [SECURITY] eventType= severity= corr= tenant= user= - Processing authentication request {:uri /web/admin/orders, :method :get, :has-session true, :has-bearer false, :cookies (session-token Idea-2e373df0), :session-token-value BhM8Cwbl}
2026-03-18 14:22:01.003 INFO  [SECURITY] eventType= severity= corr= tenant= user= - Attempting session authentication {:token-preview BhM8Cwbl}
2026-03-18 14:22:01.004 INFO  [SECURITY] eventType= severity= corr= tenant= user= - Validating session token {:session-token BhM8Cwbl1zkLk6sqYHoX26wku8dcIqbZ1rFLsPR33iE=, :uri /web/admin/orders}
2026-03-18 14:22:01.006 INFO  [SECURITY] eventType= severity= corr= tenant= user= - Database operation successful: find-session-by-token {:session-token BhM8Cwbl1zkLk6sqYHoX26wku8dcIqbZ1rFLsPR33iE=, :duration-ms 1.755458}
2026-03-18 14:22:01.007 INFO  [SECURITY] eventType= severity= corr= tenant= user= - Database operation successful: update-session {:session-entity {:expires-at #object[java.time.Instant 0x73ad897c 2026-03-19T13:18:29.499318Z], :user-agent Mozilla/5.0 (Macintosh; Intel Mac OS X 10_15_7) AppleWebKit/605.1.15 (KHTML, like Gecko) Version/26.3.1 Safari/605.1.15, :session-token BhM8Cwbl1zkLk6sqYHoX26wku8dcIqbZ1rFLsPR33iE=, :user-id #uuid "3b38c2f4-634a-42fb-afd3-6c588eba95d2", :last-accessed-at #object[java.time.Instant 0x2d548547 2026-03-18T13:22:01.006318Z], :id #uuid "ac498adc-5eea-4ca5-91cf-9b609244885b", :revoked-at nil, :created-at #object[java.time.Instant 0x5d0a4b8e 2026-03-18T13:18:29.493663Z], :ip-address [0:0:0:0:0:0:0:1]}, :duration-ms 0.839875}
2026-03-18 14:22:01.007 INFO  [SECURITY] eventType= severity= corr= tenant= user= - Session validation successful {:user-id #uuid "3b38c2f4-634a-42fb-afd3-6c588eba95d2"}
2026-03-18 14:22:01.009 INFO  [SECURITY] eventType= severity= corr= tenant= user= - Database operation successful: find-user-by-id {:user-id #uuid "3b38c2f4-634a-42fb-afd3-6c588eba95d2", :duration-ms 1.077959}
2026-03-18 14:22:01.011 INFO  [SECURITY] eventType= severity= corr= tenant= user= - Database operation successful: admin-list-entities {:entity orders, :limit nil, :offset nil, :duration-ms 0.937667}
2026-03-18 14:22:12.261 INFO  [SECURITY] eventType= severity= corr= tenant= user= - Processing authentication request {:uri /web/admin/orders/new, :method :get, :has-session true, :has-bearer false, :cookies (session-token Idea-2e373df0), :session-token-value BhM8Cwbl}
2026-03-18 14:22:12.263 INFO  [SECURITY] eventType= severity= corr= tenant= user= - Attempting session authentication {:token-preview BhM8Cwbl}
2026-03-18 14:22:12.263 INFO  [SECURITY] eventType= severity= corr= tenant= user= - Validating session token {:session-token BhM8Cwbl1zkLk6sqYHoX26wku8dcIqbZ1rFLsPR33iE=, :uri /web/admin/orders/new}
2026-03-18 14:22:12.266 INFO  [SECURITY] eventType= severity= corr= tenant= user= - Database operation successful: find-session-by-token {:session-token BhM8Cwbl1zkLk6sqYHoX26wku8dcIqbZ1rFLsPR33iE=, :duration-ms 1.927791}
2026-03-18 14:22:12.267 INFO  [SECURITY] eventType= severity= corr= tenant= user= - Database operation successful: update-session {:session-entity {:expires-at #object[java.time.Instant 0xbb8b8bc 2026-03-19T13:18:29.499318Z], :user-agent Mozilla/5.0 (Macintosh; Intel Mac OS X 10_15_7) AppleWebKit/605.1.15 (KHTML, like Gecko) Version/26.3.1 Safari/605.1.15, :session-token BhM8Cwbl1zkLk6sqYHoX26wku8dcIqbZ1rFLsPR33iE=, :user-id #uuid "3b38c2f4-634a-42fb-afd3-6c588eba95d2", :last-accessed-at #object[java.time.Instant 0x39f5ff59 2026-03-18T13:22:12.266358Z], :id #uuid "ac498adc-5eea-4ca5-91cf-9b609244885b", :revoked-at nil, :created-at #object[java.time.Instant 0x6b1e1195 2026-03-18T13:18:29.493663Z], :ip-address [0:0:0:0:0:0:0:1]}, :duration-ms 0.588958}
2026-03-18 14:22:12.267 INFO  [SECURITY] eventType= severity= corr= tenant= user= - Session validation successful {:user-id #uuid "3b38c2f4-634a-42fb-afd3-6c588eba95d2"}
2026-03-18 14:22:12.268 INFO  [SECURITY] eventType= severity= corr= tenant= user= - Database operation successful: find-user-by-id {:user-id #uuid "3b38c2f4-634a-42fb-afd3-6c588eba95d2", :duration-ms 0.790292}
2026-03-18 14:22:23.097 INFO  [SECURITY] eventType= severity= corr= tenant= user= - Processing authentication request {:uri /web/admin/orders, :method :get, :has-session true, :has-bearer false, :cookies (session-token Idea-2e373df0), :session-token-value BhM8Cwbl}
2026-03-18 14:22:23.097 INFO  [SECURITY] eventType= severity= corr= tenant= user= - Attempting session authentication {:token-preview BhM8Cwbl}
2026-03-18 14:22:23.097 INFO  [SECURITY] eventType= severity= corr= tenant= user= - Validating session token {:session-token BhM8Cwbl1zkLk6sqYHoX26wku8dcIqbZ1rFLsPR33iE=, :uri /web/admin/orders}
2026-03-18 14:22:23.100 INFO  [SECURITY] eventType= severity= corr= tenant= user= - Database operation successful: find-session-by-token {:session-token BhM8Cwbl1zkLk6sqYHoX26wku8dcIqbZ1rFLsPR33iE=, :duration-ms 2.028541}
2026-03-18 14:22:23.101 INFO  [SECURITY] eventType= severity= corr= tenant= user= - Database operation successful: update-session {:session-entity {:expires-at #object[java.time.Instant 0x52d32adb 2026-03-19T13:18:29.499318Z], :user-agent Mozilla/5.0 (Macintosh; Intel Mac OS X 10_15_7) AppleWebKit/605.1.15 (KHTML, like Gecko) Version/26.3.1 Safari/605.1.15, :session-token BhM8Cwbl1zkLk6sqYHoX26wku8dcIqbZ1rFLsPR33iE=, :user-id #uuid "3b38c2f4-634a-42fb-afd3-6c588eba95d2", :last-accessed-at #object[java.time.Instant 0x784d9321 2026-03-18T13:22:23.100338Z], :id #uuid "ac498adc-5eea-4ca5-91cf-9b609244885b", :revoked-at nil, :created-at #object[java.time.Instant 0xdd173ff 2026-03-18T13:18:29.493663Z], :ip-address [0:0:0:0:0:0:0:1]}, :duration-ms 0.751}
2026-03-18 14:22:23.101 INFO  [SECURITY] eventType= severity= corr= tenant= user= - Session validation successful {:user-id #uuid "3b38c2f4-634a-42fb-afd3-6c588eba95d2"}
2026-03-18 14:22:23.102 INFO  [SECURITY] eventType= severity= corr= tenant= user= - Database operation successful: find-user-by-id {:user-id #uuid "3b38c2f4-634a-42fb-afd3-6c588eba95d2", :duration-ms 1.066917}
2026-03-18 14:22:23.104 INFO  [SECURITY] eventType= severity= corr= tenant= user= - Database operation successful: admin-list-entities {:entity orders, :limit nil, :offset nil, :duration-ms 0.896833}
2026-03-18 14:22:24.377 INFO  [SECURITY] eventType= severity= corr= tenant= user= - Processing authentication request {:uri /web/admin/products, :method :get, :has-session true, :has-bearer false, :cookies (session-token Idea-2e373df0), :session-token-value BhM8Cwbl}
2026-03-18 14:22:24.377 INFO  [SECURITY] eventType= severity= corr= tenant= user= - Attempting session authentication {:token-preview BhM8Cwbl}
2026-03-18 14:22:24.377 INFO  [SECURITY] eventType= severity= corr= tenant= user= - Validating session token {:session-token BhM8Cwbl1zkLk6sqYHoX26wku8dcIqbZ1rFLsPR33iE=, :uri /web/admin/products}
2026-03-18 14:22:24.379 INFO  [SECURITY] eventType= severity= corr= tenant= user= - Database operation successful: find-session-by-token {:session-token BhM8Cwbl1zkLk6sqYHoX26wku8dcIqbZ1rFLsPR33iE=, :duration-ms 1.279125}
2026-03-18 14:22:24.380 INFO  [SECURITY] eventType= severity= corr= tenant= user= - Database operation successful: update-session {:session-entity {:expires-at #object[java.time.Instant 0x5b54a179 2026-03-19T13:18:29.499318Z], :user-agent Mozilla/5.0 (Macintosh; Intel Mac OS X 10_15_7) AppleWebKit/605.1.15 (KHTML, like Gecko) Version/26.3.1 Safari/605.1.15, :session-token BhM8Cwbl1zkLk6sqYHoX26wku8dcIqbZ1rFLsPR33iE=, :user-id #uuid "3b38c2f4-634a-42fb-afd3-6c588eba95d2", :last-accessed-at #object[java.time.Instant 0x55935463 2026-03-18T13:22:24.379569Z], :id #uuid "ac498adc-5eea-4ca5-91cf-9b609244885b", :revoked-at nil, :created-at #object[java.time.Instant 0x51acca09 2026-03-18T13:18:29.493663Z], :ip-address [0:0:0:0:0:0:0:1]}, :duration-ms 0.414166}
2026-03-18 14:22:24.380 INFO  [SECURITY] eventType= severity= corr= tenant= user= - Session validation successful {:user-id #uuid "3b38c2f4-634a-42fb-afd3-6c588eba95d2"}
2026-03-18 14:22:24.381 INFO  [SECURITY] eventType= severity= corr= tenant= user= - Database operation successful: find-user-by-id {:user-id #uuid "3b38c2f4-634a-42fb-afd3-6c588eba95d2", :duration-ms 1.2315}
2026-03-18 14:22:24.383 INFO  [SECURITY] eventType= severity= corr= tenant= user= - Database operation successful: admin-list-entities {:entity products, :limit nil, :offset nil, :duration-ms 0.887666}
2026-03-18 14:22:25.816 INFO  [SECURITY] eventType= severity= corr= tenant= user= - Processing authentication request {:uri /web/admin/users, :method :get, :has-session true, :has-bearer false, :cookies (session-token Idea-2e373df0), :session-token-value BhM8Cwbl}
2026-03-18 14:22:25.816 INFO  [SECURITY] eventType= severity= corr= tenant= user= - Attempting session authentication {:token-preview BhM8Cwbl}
2026-03-18 14:22:25.816 INFO  [SECURITY] eventType= severity= corr= tenant= user= - Validating session token {:session-token BhM8Cwbl1zkLk6sqYHoX26wku8dcIqbZ1rFLsPR33iE=, :uri /web/admin/users}
2026-03-18 14:22:25.818 INFO  [SECURITY] eventType= severity= corr= tenant= user= - Database operation successful: find-session-by-token {:session-token BhM8Cwbl1zkLk6sqYHoX26wku8dcIqbZ1rFLsPR33iE=, :duration-ms 2.127}
2026-03-18 14:22:25.819 INFO  [SECURITY] eventType= severity= corr= tenant= user= - Database operation successful: update-session {:session-entity {:expires-at #object[java.time.Instant 0x129331f2 2026-03-19T13:18:29.499318Z], :user-agent Mozilla/5.0 (Macintosh; Intel Mac OS X 10_15_7) AppleWebKit/605.1.15 (KHTML, like Gecko) Version/26.3.1 Safari/605.1.15, :session-token BhM8Cwbl1zkLk6sqYHoX26wku8dcIqbZ1rFLsPR33iE=, :user-id #uuid "3b38c2f4-634a-42fb-afd3-6c588eba95d2", :last-accessed-at #object[java.time.Instant 0x2f6b10ae 2026-03-18T13:22:25.818805Z], :id #uuid "ac498adc-5eea-4ca5-91cf-9b609244885b", :revoked-at nil, :created-at #object[java.time.Instant 0x67a9a069 2026-03-18T13:18:29.493663Z], :ip-address [0:0:0:0:0:0:0:1]}, :duration-ms 0.482083}
2026-03-18 14:22:25.819 INFO  [SECURITY] eventType= severity= corr= tenant= user= - Session validation successful {:user-id #uuid "3b38c2f4-634a-42fb-afd3-6c588eba95d2"}
2026-03-18 14:22:25.820 INFO  [SECURITY] eventType= severity= corr= tenant= user= - Database operation successful: find-user-by-id {:user-id #uuid "3b38c2f4-634a-42fb-afd3-6c588eba95d2", :duration-ms 0.893916}
2026-03-18 14:22:25.822 INFO  [SECURITY] eventType= severity= corr= tenant= user= - Database operation successful: admin-list-entities {:entity users, :limit nil, :offset nil, :duration-ms 1.066167}
2026-03-18 14:42:39.970 INFO  [SECURITY] eventType= severity= corr= tenant= user= - Processing authentication request {:uri /web/admin/orders, :method :get, :has-session true, :has-bearer false, :cookies (session-token Idea-2e373df0), :session-token-value BhM8Cwbl}
2026-03-18 14:42:39.971 INFO  [SECURITY] eventType= severity= corr= tenant= user= - Attempting session authentication {:token-preview BhM8Cwbl}
2026-03-18 14:42:39.971 INFO  [SECURITY] eventType= severity= corr= tenant= user= - Validating session token {:session-token BhM8Cwbl1zkLk6sqYHoX26wku8dcIqbZ1rFLsPR33iE=, :uri /web/admin/orders}
2026-03-18 14:42:39.975 INFO  [SECURITY] eventType= severity= corr= tenant= user= - Database operation successful: find-session-by-token {:session-token BhM8Cwbl1zkLk6sqYHoX26wku8dcIqbZ1rFLsPR33iE=, :duration-ms 2.898625}
2026-03-18 14:42:39.976 INFO  [SECURITY] eventType= severity= corr= tenant= user= - Database operation successful: update-session {:session-entity {:expires-at #object[java.time.Instant 0x6be919cd 2026-03-19T13:18:29.499318Z], :user-agent Mozilla/5.0 (Macintosh; Intel Mac OS X 10_15_7) AppleWebKit/605.1.15 (KHTML, like Gecko) Version/26.3.1 Safari/605.1.15, :session-token BhM8Cwbl1zkLk6sqYHoX26wku8dcIqbZ1rFLsPR33iE=, :user-id #uuid "3b38c2f4-634a-42fb-afd3-6c588eba95d2", :last-accessed-at #object[java.time.Instant 0x621ed74a 2026-03-18T13:42:39.975458Z], :id #uuid "ac498adc-5eea-4ca5-91cf-9b609244885b", :revoked-at nil, :created-at #object[java.time.Instant 0x6d47a6bc 2026-03-18T13:18:29.493663Z], :ip-address [0:0:0:0:0:0:0:1]}, :duration-ms 0.480958}
2026-03-18 14:42:39.976 INFO  [SECURITY] eventType= severity= corr= tenant= user= - Session validation successful {:user-id #uuid "3b38c2f4-634a-42fb-afd3-6c588eba95d2"}
2026-03-18 14:42:39.977 INFO  [SECURITY] eventType= severity= corr= tenant= user= - Database operation successful: find-user-by-id {:user-id #uuid "3b38c2f4-634a-42fb-afd3-6c588eba95d2", :duration-ms 0.97625}
2026-03-18 14:42:39.979 INFO  [SECURITY] eventType= severity= corr= tenant= user= - Database operation successful: admin-list-entities {:entity orders, :limit nil, :offset nil, :duration-ms 0.998084}
2026-03-18 14:42:41.750 INFO  [SECURITY] eventType= severity= corr= tenant= user= - Processing authentication request {:uri /web/admin/products, :method :get, :has-session true, :has-bearer false, :cookies (session-token Idea-2e373df0), :session-token-value BhM8Cwbl}
2026-03-18 14:42:41.751 INFO  [SECURITY] eventType= severity= corr= tenant= user= - Attempting session authentication {:token-preview BhM8Cwbl}
2026-03-18 14:42:41.751 INFO  [SECURITY] eventType= severity= corr= tenant= user= - Validating session token {:session-token BhM8Cwbl1zkLk6sqYHoX26wku8dcIqbZ1rFLsPR33iE=, :uri /web/admin/products}
2026-03-18 14:42:41.752 INFO  [SECURITY] eventType= severity= corr= tenant= user= - Database operation successful: find-session-by-token {:session-token BhM8Cwbl1zkLk6sqYHoX26wku8dcIqbZ1rFLsPR33iE=, :duration-ms 1.122}
2026-03-18 14:42:41.754 INFO  [SECURITY] eventType= severity= corr= tenant= user= - Database operation successful: update-session {:session-entity {:expires-at #object[java.time.Instant 0xb28c5c0 2026-03-19T13:18:29.499318Z], :user-agent Mozilla/5.0 (Macintosh; Intel Mac OS X 10_15_7) AppleWebKit/605.1.15 (KHTML, like Gecko) Version/26.3.1 Safari/605.1.15, :session-token BhM8Cwbl1zkLk6sqYHoX26wku8dcIqbZ1rFLsPR33iE=, :user-id #uuid "3b38c2f4-634a-42fb-afd3-6c588eba95d2", :last-accessed-at #object[java.time.Instant 0x5ef3ad5 2026-03-18T13:42:41.753060Z], :id #uuid "ac498adc-5eea-4ca5-91cf-9b609244885b", :revoked-at nil, :created-at #object[java.time.Instant 0x1d0aeb0 2026-03-18T13:18:29.493663Z], :ip-address [0:0:0:0:0:0:0:1]}, :duration-ms 0.819583}
2026-03-18 14:42:41.754 INFO  [SECURITY] eventType= severity= corr= tenant= user= - Session validation successful {:user-id #uuid "3b38c2f4-634a-42fb-afd3-6c588eba95d2"}
2026-03-18 14:42:41.755 INFO  [SECURITY] eventType= severity= corr= tenant= user= - Database operation successful: find-user-by-id {:user-id #uuid "3b38c2f4-634a-42fb-afd3-6c588eba95d2", :duration-ms 0.743084}
2026-03-18 14:42:41.756 INFO  [SECURITY] eventType= severity= corr= tenant= user= - Database operation successful: admin-list-entities {:entity products, :limit nil, :offset nil, :duration-ms 0.821208}
2026-03-18 14:42:45.037 INFO  [SECURITY] eventType= severity= corr= tenant= user= - Processing authentication request {:uri /web/admin/orders, :method :get, :has-session true, :has-bearer false, :cookies (session-token Idea-2e373df0), :session-token-value BhM8Cwbl}
2026-03-18 14:42:45.037 INFO  [SECURITY] eventType= severity= corr= tenant= user= - Attempting session authentication {:token-preview BhM8Cwbl}
2026-03-18 14:42:45.037 INFO  [SECURITY] eventType= severity= corr= tenant= user= - Validating session token {:session-token BhM8Cwbl1zkLk6sqYHoX26wku8dcIqbZ1rFLsPR33iE=, :uri /web/admin/orders}
2026-03-18 14:42:45.039 INFO  [SECURITY] eventType= severity= corr= tenant= user= - Database operation successful: find-session-by-token {:session-token BhM8Cwbl1zkLk6sqYHoX26wku8dcIqbZ1rFLsPR33iE=, :duration-ms 1.61825}
2026-03-18 14:42:45.040 INFO  [SECURITY] eventType= severity= corr= tenant= user= - Database operation successful: update-session {:session-entity {:expires-at #object[java.time.Instant 0x25700bb3 2026-03-19T13:18:29.499318Z], :user-agent Mozilla/5.0 (Macintosh; Intel Mac OS X 10_15_7) AppleWebKit/605.1.15 (KHTML, like Gecko) Version/26.3.1 Safari/605.1.15, :session-token BhM8Cwbl1zkLk6sqYHoX26wku8dcIqbZ1rFLsPR33iE=, :user-id #uuid "3b38c2f4-634a-42fb-afd3-6c588eba95d2", :last-accessed-at #object[java.time.Instant 0x123b7196 2026-03-18T13:42:45.039565Z], :id #uuid "ac498adc-5eea-4ca5-91cf-9b609244885b", :revoked-at nil, :created-at #object[java.time.Instant 0x7481a117 2026-03-18T13:18:29.493663Z], :ip-address [0:0:0:0:0:0:0:1]}, :duration-ms 0.478667}
2026-03-18 14:42:45.040 INFO  [SECURITY] eventType= severity= corr= tenant= user= - Session validation successful {:user-id #uuid "3b38c2f4-634a-42fb-afd3-6c588eba95d2"}
2026-03-18 14:42:45.041 INFO  [SECURITY] eventType= severity= corr= tenant= user= - Database operation successful: find-user-by-id {:user-id #uuid "3b38c2f4-634a-42fb-afd3-6c588eba95d2", :duration-ms 0.631042}
2026-03-18 14:42:45.042 INFO  [SECURITY] eventType= severity= corr= tenant= user= - Database operation successful: admin-list-entities {:entity orders, :limit nil, :offset nil, :duration-ms 0.66325}
2026-03-18 14:42:49.243 INFO  [SECURITY] eventType= severity= corr= tenant= user= - Processing authentication request {:uri /web/admin/orders/new, :method :get, :has-session true, :has-bearer false, :cookies (session-token Idea-2e373df0), :session-token-value BhM8Cwbl}
2026-03-18 14:42:49.243 INFO  [SECURITY] eventType= severity= corr= tenant= user= - Attempting session authentication {:token-preview BhM8Cwbl}
2026-03-18 14:42:49.243 INFO  [SECURITY] eventType= severity= corr= tenant= user= - Validating session token {:session-token BhM8Cwbl1zkLk6sqYHoX26wku8dcIqbZ1rFLsPR33iE=, :uri /web/admin/orders/new}
2026-03-18 14:42:49.244 INFO  [SECURITY] eventType= severity= corr= tenant= user= - Database operation successful: find-session-by-token {:session-token BhM8Cwbl1zkLk6sqYHoX26wku8dcIqbZ1rFLsPR33iE=, :duration-ms 1.212458}
2026-03-18 14:42:49.245 INFO  [SECURITY] eventType= severity= corr= tenant= user= - Database operation successful: update-session {:session-entity {:expires-at #object[java.time.Instant 0x67dd890f 2026-03-19T13:18:29.499318Z], :user-agent Mozilla/5.0 (Macintosh; Intel Mac OS X 10_15_7) AppleWebKit/605.1.15 (KHTML, like Gecko) Version/26.3.1 Safari/605.1.15, :session-token BhM8Cwbl1zkLk6sqYHoX26wku8dcIqbZ1rFLsPR33iE=, :user-id #uuid "3b38c2f4-634a-42fb-afd3-6c588eba95d2", :last-accessed-at #object[java.time.Instant 0x4dddc775 2026-03-18T13:42:49.244829Z], :id #uuid "ac498adc-5eea-4ca5-91cf-9b609244885b", :revoked-at nil, :created-at #object[java.time.Instant 0x4b57f985 2026-03-18T13:18:29.493663Z], :ip-address [0:0:0:0:0:0:0:1]}, :duration-ms 0.485042}
2026-03-18 14:42:49.245 INFO  [SECURITY] eventType= severity= corr= tenant= user= - Session validation successful {:user-id #uuid "3b38c2f4-634a-42fb-afd3-6c588eba95d2"}
2026-03-18 14:42:49.246 INFO  [SECURITY] eventType= severity= corr= tenant= user= - Database operation successful: find-user-by-id {:user-id #uuid "3b38c2f4-634a-42fb-afd3-6c588eba95d2", :duration-ms 0.734791}
2026-03-18 14:42:53.114 INFO  [SECURITY] eventType= severity= corr= tenant= user= - Processing authentication request {:uri /web/admin/orders, :method :get, :has-session true, :has-bearer false, :cookies (session-token Idea-2e373df0), :session-token-value BhM8Cwbl}
2026-03-18 14:42:53.114 INFO  [SECURITY] eventType= severity= corr= tenant= user= - Attempting session authentication {:token-preview BhM8Cwbl}
2026-03-18 14:42:53.114 INFO  [SECURITY] eventType= severity= corr= tenant= user= - Validating session token {:session-token BhM8Cwbl1zkLk6sqYHoX26wku8dcIqbZ1rFLsPR33iE=, :uri /web/admin/orders}
2026-03-18 14:42:53.118 INFO  [SECURITY] eventType= severity= corr= tenant= user= - Database operation successful: find-session-by-token {:session-token BhM8Cwbl1zkLk6sqYHoX26wku8dcIqbZ1rFLsPR33iE=, :duration-ms 2.984417}
2026-03-18 14:42:53.120 INFO  [SECURITY] eventType= severity= corr= tenant= user= - Database operation successful: update-session {:session-entity {:expires-at #object[java.time.Instant 0x2ad15017 2026-03-19T13:18:29.499318Z], :user-agent Mozilla/5.0 (Macintosh; Intel Mac OS X 10_15_7) AppleWebKit/605.1.15 (KHTML, like Gecko) Version/26.3.1 Safari/605.1.15, :session-token BhM8Cwbl1zkLk6sqYHoX26wku8dcIqbZ1rFLsPR33iE=, :user-id #uuid "3b38c2f4-634a-42fb-afd3-6c588eba95d2", :last-accessed-at #object[java.time.Instant 0x7a7361b7 2026-03-18T13:42:53.118245Z], :id #uuid "ac498adc-5eea-4ca5-91cf-9b609244885b", :revoked-at nil, :created-at #object[java.time.Instant 0x4e2a02ee 2026-03-18T13:18:29.493663Z], :ip-address [0:0:0:0:0:0:0:1]}, :duration-ms 2.016333}
2026-03-18 14:42:53.120 INFO  [SECURITY] eventType= severity= corr= tenant= user= - Session validation successful {:user-id #uuid "3b38c2f4-634a-42fb-afd3-6c588eba95d2"}
2026-03-18 14:42:53.122 INFO  [SECURITY] eventType= severity= corr= tenant= user= - Database operation successful: find-user-by-id {:user-id #uuid "3b38c2f4-634a-42fb-afd3-6c588eba95d2", :duration-ms 1.617125}
2026-03-18 14:42:53.124 INFO  [SECURITY] eventType= severity= corr= tenant= user= - Database operation successful: admin-list-entities {:entity orders, :limit nil, :offset nil, :duration-ms 1.088542}
2026-03-18 14:42:59.896 INFO  [SECURITY] eventType= severity= corr= tenant= user= - Processing authentication request {:uri /web/admin/products, :method :get, :has-session true, :has-bearer false, :cookies (session-token Idea-2e373df0), :session-token-value BhM8Cwbl}
2026-03-18 14:42:59.897 INFO  [SECURITY] eventType= severity= corr= tenant= user= - Attempting session authentication {:token-preview BhM8Cwbl}
2026-03-18 14:42:59.897 INFO  [SECURITY] eventType= severity= corr= tenant= user= - Validating session token {:session-token BhM8Cwbl1zkLk6sqYHoX26wku8dcIqbZ1rFLsPR33iE=, :uri /web/admin/products}
2026-03-18 14:42:59.899 INFO  [SECURITY] eventType= severity= corr= tenant= user= - Database operation successful: find-session-by-token {:session-token BhM8Cwbl1zkLk6sqYHoX26wku8dcIqbZ1rFLsPR33iE=, :duration-ms 1.579542}
2026-03-18 14:42:59.900 INFO  [SECURITY] eventType= severity= corr= tenant= user= - Database operation successful: update-session {:session-entity {:expires-at #object[java.time.Instant 0x6549e4c8 2026-03-19T13:18:29.499318Z], :user-agent Mozilla/5.0 (Macintosh; Intel Mac OS X 10_15_7) AppleWebKit/605.1.15 (KHTML, like Gecko) Version/26.3.1 Safari/605.1.15, :session-token BhM8Cwbl1zkLk6sqYHoX26wku8dcIqbZ1rFLsPR33iE=, :user-id #uuid "3b38c2f4-634a-42fb-afd3-6c588eba95d2", :last-accessed-at #object[java.time.Instant 0x40c15641 2026-03-18T13:42:59.899755Z], :id #uuid "ac498adc-5eea-4ca5-91cf-9b609244885b", :revoked-at nil, :created-at #object[java.time.Instant 0x93f380e 2026-03-18T13:18:29.493663Z], :ip-address [0:0:0:0:0:0:0:1]}, :duration-ms 0.821792}
2026-03-18 14:42:59.901 INFO  [SECURITY] eventType= severity= corr= tenant= user= - Session validation successful {:user-id #uuid "3b38c2f4-634a-42fb-afd3-6c588eba95d2"}
2026-03-18 14:42:59.902 INFO  [SECURITY] eventType= severity= corr= tenant= user= - Database operation successful: find-user-by-id {:user-id #uuid "3b38c2f4-634a-42fb-afd3-6c588eba95d2", :duration-ms 1.041166}
2026-03-18 14:42:59.904 INFO  [SECURITY] eventType= severity= corr= tenant= user= - Database operation successful: admin-list-entities {:entity products, :limit nil, :offset nil, :duration-ms 0.933334}
2026-03-18 14:43:08.587 INFO  [SECURITY] eventType= severity= corr= tenant= user= - Processing authentication request {:uri /web/admin/orders, :method :get, :has-session true, :has-bearer false, :cookies (session-token Idea-2e373df0), :session-token-value BhM8Cwbl}
2026-03-18 14:43:08.587 INFO  [SECURITY] eventType= severity= corr= tenant= user= - Attempting session authentication {:token-preview BhM8Cwbl}
2026-03-18 14:43:08.587 INFO  [SECURITY] eventType= severity= corr= tenant= user= - Validating session token {:session-token BhM8Cwbl1zkLk6sqYHoX26wku8dcIqbZ1rFLsPR33iE=, :uri /web/admin/orders}
2026-03-18 14:43:08.589 INFO  [SECURITY] eventType= severity= corr= tenant= user= - Database operation successful: find-session-by-token {:session-token BhM8Cwbl1zkLk6sqYHoX26wku8dcIqbZ1rFLsPR33iE=, :duration-ms 1.926542}
2026-03-18 14:43:08.590 INFO  [SECURITY] eventType= severity= corr= tenant= user= - Database operation successful: update-session {:session-entity {:expires-at #object[java.time.Instant 0x7b0dc76b 2026-03-19T13:18:29.499318Z], :user-agent Mozilla/5.0 (Macintosh; Intel Mac OS X 10_15_7) AppleWebKit/605.1.15 (KHTML, like Gecko) Version/26.3.1 Safari/605.1.15, :session-token BhM8Cwbl1zkLk6sqYHoX26wku8dcIqbZ1rFLsPR33iE=, :user-id #uuid "3b38c2f4-634a-42fb-afd3-6c588eba95d2", :last-accessed-at #object[java.time.Instant 0x7013bcf4 2026-03-18T13:43:08.590069Z], :id #uuid "ac498adc-5eea-4ca5-91cf-9b609244885b", :revoked-at nil, :created-at #object[java.time.Instant 0x53d63bec 2026-03-18T13:18:29.493663Z], :ip-address [0:0:0:0:0:0:0:1]}, :duration-ms 0.582125}
2026-03-18 14:43:08.591 INFO  [SECURITY] eventType= severity= corr= tenant= user= - Session validation successful {:user-id #uuid "3b38c2f4-634a-42fb-afd3-6c588eba95d2"}
2026-03-18 14:43:08.592 INFO  [SECURITY] eventType= severity= corr= tenant= user= - Database operation successful: find-user-by-id {:user-id #uuid "3b38c2f4-634a-42fb-afd3-6c588eba95d2", :duration-ms 0.810875}
2026-03-18 14:43:08.593 INFO  [SECURITY] eventType= severity= corr= tenant= user= - Database operation successful: admin-list-entities {:entity orders, :limit nil, :offset nil, :duration-ms 0.903667}
2026-03-18 14:43:10.174 INFO  [SECURITY] eventType= severity= corr= tenant= user= - Processing authentication request {:uri /web/admin/products, :method :get, :has-session true, :has-bearer false, :cookies (session-token Idea-2e373df0), :session-token-value BhM8Cwbl}
2026-03-18 14:43:10.174 INFO  [SECURITY] eventType= severity= corr= tenant= user= - Attempting session authentication {:token-preview BhM8Cwbl}
2026-03-18 14:43:10.174 INFO  [SECURITY] eventType= severity= corr= tenant= user= - Validating session token {:session-token BhM8Cwbl1zkLk6sqYHoX26wku8dcIqbZ1rFLsPR33iE=, :uri /web/admin/products}
2026-03-18 14:43:10.176 INFO  [SECURITY] eventType= severity= corr= tenant= user= - Database operation successful: find-session-by-token {:session-token BhM8Cwbl1zkLk6sqYHoX26wku8dcIqbZ1rFLsPR33iE=, :duration-ms 1.5825}
2026-03-18 14:43:10.177 INFO  [SECURITY] eventType= severity= corr= tenant= user= - Database operation successful: update-session {:session-entity {:expires-at #object[java.time.Instant 0x66594e66 2026-03-19T13:18:29.499318Z], :user-agent Mozilla/5.0 (Macintosh; Intel Mac OS X 10_15_7) AppleWebKit/605.1.15 (KHTML, like Gecko) Version/26.3.1 Safari/605.1.15, :session-token BhM8Cwbl1zkLk6sqYHoX26wku8dcIqbZ1rFLsPR33iE=, :user-id #uuid "3b38c2f4-634a-42fb-afd3-6c588eba95d2", :last-accessed-at #object[java.time.Instant 0x689ebcdd 2026-03-18T13:43:10.176278Z], :id #uuid "ac498adc-5eea-4ca5-91cf-9b609244885b", :revoked-at nil, :created-at #object[java.time.Instant 0x6ca12516 2026-03-18T13:18:29.493663Z], :ip-address [0:0:0:0:0:0:0:1]}, :duration-ms 0.598708}
2026-03-18 14:43:10.177 INFO  [SECURITY] eventType= severity= corr= tenant= user= - Session validation successful {:user-id #uuid "3b38c2f4-634a-42fb-afd3-6c588eba95d2"}
2026-03-18 14:43:10.178 INFO  [SECURITY] eventType= severity= corr= tenant= user= - Database operation successful: find-user-by-id {:user-id #uuid "3b38c2f4-634a-42fb-afd3-6c588eba95d2", :duration-ms 0.725333}
2026-03-18 14:43:10.180 INFO  [SECURITY] eventType= severity= corr= tenant= user= - Database operation successful: admin-list-entities {:entity products, :limit nil, :offset nil, :duration-ms 0.999625}
2026-03-18 14:43:11.638 INFO  [SECURITY] eventType= severity= corr= tenant= user= - Processing authentication request {:uri /web/admin/users, :method :get, :has-session true, :has-bearer false, :cookies (session-token Idea-2e373df0), :session-token-value BhM8Cwbl}
2026-03-18 14:43:11.638 INFO  [SECURITY] eventType= severity= corr= tenant= user= - Attempting session authentication {:token-preview BhM8Cwbl}
2026-03-18 14:43:11.638 INFO  [SECURITY] eventType= severity= corr= tenant= user= - Validating session token {:session-token BhM8Cwbl1zkLk6sqYHoX26wku8dcIqbZ1rFLsPR33iE=, :uri /web/admin/users}
2026-03-18 14:43:11.641 INFO  [SECURITY] eventType= severity= corr= tenant= user= - Database operation successful: find-session-by-token {:session-token BhM8Cwbl1zkLk6sqYHoX26wku8dcIqbZ1rFLsPR33iE=, :duration-ms 1.735208}
2026-03-18 14:43:11.642 INFO  [SECURITY] eventType= severity= corr= tenant= user= - Database operation successful: update-session {:session-entity {:expires-at #object[java.time.Instant 0x70cfb927 2026-03-19T13:18:29.499318Z], :user-agent Mozilla/5.0 (Macintosh; Intel Mac OS X 10_15_7) AppleWebKit/605.1.15 (KHTML, like Gecko) Version/26.3.1 Safari/605.1.15, :session-token BhM8Cwbl1zkLk6sqYHoX26wku8dcIqbZ1rFLsPR33iE=, :user-id #uuid "3b38c2f4-634a-42fb-afd3-6c588eba95d2", :last-accessed-at #object[java.time.Instant 0x5a8a6c52 2026-03-18T13:43:11.641168Z], :id #uuid "ac498adc-5eea-4ca5-91cf-9b609244885b", :revoked-at nil, :created-at #object[java.time.Instant 0x10335a1c 2026-03-18T13:18:29.493663Z], :ip-address [0:0:0:0:0:0:0:1]}, :duration-ms 1.070333}
2026-03-18 14:43:11.642 INFO  [SECURITY] eventType= severity= corr= tenant= user= - Session validation successful {:user-id #uuid "3b38c2f4-634a-42fb-afd3-6c588eba95d2"}
2026-03-18 14:43:11.644 INFO  [SECURITY] eventType= severity= corr= tenant= user= - Database operation successful: find-user-by-id {:user-id #uuid "3b38c2f4-634a-42fb-afd3-6c588eba95d2", :duration-ms 1.208084}
2026-03-18 14:43:11.647 INFO  [SECURITY] eventType= severity= corr= tenant= user= - Database operation successful: admin-list-entities {:entity users, :limit nil, :offset nil, :duration-ms 1.728083}
2026-03-18 15:47:19.183 INFO  [SECURITY] eventType= severity= corr= tenant= user= - Processing authentication request {:uri /web/admin/orders, :method :get, :has-session true, :has-bearer false, :cookies (session-token Idea-2e373df0), :session-token-value BhM8Cwbl}
2026-03-18 15:47:19.184 INFO  [SECURITY] eventType= severity= corr= tenant= user= - Attempting session authentication {:token-preview BhM8Cwbl}
2026-03-18 15:47:19.184 INFO  [SECURITY] eventType= severity= corr= tenant= user= - Validating session token {:session-token BhM8Cwbl1zkLk6sqYHoX26wku8dcIqbZ1rFLsPR33iE=, :uri /web/admin/orders}
2026-03-18 15:47:19.191 INFO  [SECURITY] eventType= severity= corr= tenant= user= - Database operation successful: find-session-by-token {:session-token BhM8Cwbl1zkLk6sqYHoX26wku8dcIqbZ1rFLsPR33iE=, :duration-ms 5.615708}
2026-03-18 15:47:19.192 INFO  [SECURITY] eventType= severity= corr= tenant= user= - Database operation successful: update-session {:session-entity {:expires-at #object[java.time.Instant 0x5f83286a 2026-03-19T13:18:29.499318Z], :user-agent Mozilla/5.0 (Macintosh; Intel Mac OS X 10_15_7) AppleWebKit/605.1.15 (KHTML, like Gecko) Version/26.3.1 Safari/605.1.15, :session-token BhM8Cwbl1zkLk6sqYHoX26wku8dcIqbZ1rFLsPR33iE=, :user-id #uuid "3b38c2f4-634a-42fb-afd3-6c588eba95d2", :last-accessed-at #object[java.time.Instant 0x3d68712d 2026-03-18T14:47:19.191649Z], :id #uuid "ac498adc-5eea-4ca5-91cf-9b609244885b", :revoked-at nil, :created-at #object[java.time.Instant 0x5163ea29 2026-03-18T13:18:29.493663Z], :ip-address [0:0:0:0:0:0:0:1]}, :duration-ms 0.63875}
2026-03-18 15:47:19.192 INFO  [SECURITY] eventType= severity= corr= tenant= user= - Session validation successful {:user-id #uuid "3b38c2f4-634a-42fb-afd3-6c588eba95d2"}
2026-03-18 15:47:19.194 INFO  [SECURITY] eventType= severity= corr= tenant= user= - Database operation successful: find-user-by-id {:user-id #uuid "3b38c2f4-634a-42fb-afd3-6c588eba95d2", :duration-ms 1.598875}
2026-03-18 15:47:19.198 INFO  [SECURITY] eventType= severity= corr= tenant= user= - Database operation successful: admin-list-entities {:entity orders, :limit nil, :offset nil, :duration-ms 2.079041}
2026-03-18 15:47:20.993 INFO  [SECURITY] eventType= severity= corr= tenant= user= - Processing authentication request {:uri /web/admin/products, :method :get, :has-session true, :has-bearer false, :cookies (session-token Idea-2e373df0), :session-token-value BhM8Cwbl}
2026-03-18 15:47:20.993 INFO  [SECURITY] eventType= severity= corr= tenant= user= - Attempting session authentication {:token-preview BhM8Cwbl}
2026-03-18 15:47:20.993 INFO  [SECURITY] eventType= severity= corr= tenant= user= - Validating session token {:session-token BhM8Cwbl1zkLk6sqYHoX26wku8dcIqbZ1rFLsPR33iE=, :uri /web/admin/products}
2026-03-18 15:47:20.995 INFO  [SECURITY] eventType= severity= corr= tenant= user= - Database operation successful: find-session-by-token {:session-token BhM8Cwbl1zkLk6sqYHoX26wku8dcIqbZ1rFLsPR33iE=, :duration-ms 1.383541}
2026-03-18 15:47:20.996 INFO  [SECURITY] eventType= severity= corr= tenant= user= - Database operation successful: update-session {:session-entity {:expires-at #object[java.time.Instant 0x64566de5 2026-03-19T13:18:29.499318Z], :user-agent Mozilla/5.0 (Macintosh; Intel Mac OS X 10_15_7) AppleWebKit/605.1.15 (KHTML, like Gecko) Version/26.3.1 Safari/605.1.15, :session-token BhM8Cwbl1zkLk6sqYHoX26wku8dcIqbZ1rFLsPR33iE=, :user-id #uuid "3b38c2f4-634a-42fb-afd3-6c588eba95d2", :last-accessed-at #object[java.time.Instant 0x6e3f38c9 2026-03-18T14:47:20.995588Z], :id #uuid "ac498adc-5eea-4ca5-91cf-9b609244885b", :revoked-at nil, :created-at #object[java.time.Instant 0x697eec5d 2026-03-18T13:18:29.493663Z], :ip-address [0:0:0:0:0:0:0:1]}, :duration-ms 0.705334}
2026-03-18 15:47:20.996 INFO  [SECURITY] eventType= severity= corr= tenant= user= - Session validation successful {:user-id #uuid "3b38c2f4-634a-42fb-afd3-6c588eba95d2"}
2026-03-18 15:47:20.998 INFO  [SECURITY] eventType= severity= corr= tenant= user= - Database operation successful: find-user-by-id {:user-id #uuid "3b38c2f4-634a-42fb-afd3-6c588eba95d2", :duration-ms 1.146875}
2026-03-18 15:47:21.000 INFO  [SECURITY] eventType= severity= corr= tenant= user= - Database operation successful: admin-list-entities {:entity products, :limit nil, :offset nil, :duration-ms 1.24475}
2026-03-18 16:49:51.544 INFO  [SECURITY] eventType= severity= corr= tenant= user= - User module routes halted (no cleanup needed)
2026-03-18 16:49:51.545 INFO  [SECURITY] eventType= severity= corr= tenant= user= - User module database schema component halted
2026-03-18 16:49:51.545 INFO  [SECURITY] eventType= severity= corr= tenant= user= - User service halted (no cleanup needed)
2026-03-18 16:49:51.545 INFO  [SECURITY] eventType= severity= corr= tenant= user= - Authentication service halted (no cleanup needed)
2026-03-18 16:49:51.545 INFO  [SECURITY] eventType= severity= corr= tenant= user= - Session repository halted (no cleanup needed)
2026-03-18 16:49:51.545 INFO  [SECURITY] eventType= severity= corr= tenant= user= - MFA service halted (no cleanup needed)
2026-03-18 16:49:51.545 INFO  [SECURITY] eventType= severity= corr= tenant= user= - User repository halted (no cleanup needed)
2026-03-18 16:49:51.545 INFO  [SECURITY] eventType= severity= corr= tenant= user= - Audit repository halted (no cleanup needed)
2026-03-18 16:49:51.545 INFO  [SECURITY] eventType= severity= corr= tenant= user= - Closing database context {:adapter nil}
2026-03-18 16:49:51.546 INFO  [SECURITY] eventType= severity= corr= tenant= user= - Closing database connection pool {:pool-name default-Pool}
2026-03-18 16:49:51.549 INFO  [SECURITY] eventType= severity= corr= tenant= user= - Database connection pool closed {:pool-name default-Pool}
